Actual,Datetime,Lasso,Ridge,RandomForest
12418.7234,2017-10-19 14:20:00,12504.789796825275,12489.129523774136,12572.548878381844
12319.51368,2017-10-19 14:30:00,12372.988174112623,12357.534311952328,12460.131235211167
12436.231,2017-10-19 14:40:00,12289.496906541275,12279.53538769792,12310.855721713933
12354.52888,2017-10-19 14:50:00,12457.228475460379,12457.295661700628,12469.264775598058
12337.02128,2017-10-19 15:00:00,12404.418261458635,12405.708327303713,12413.731622539544
12249.48328,2017-10-19 15:10:00,12394.229674646496,12388.751166018294,12385.482352375126
12278.66261,2017-10-19 15:20:00,12293.099635880819,12278.790952237712,12317.947493194391
12191.12462,2017-10-19 15:30:00,12316.65806208775,12297.599859036867,12345.262435303192
12173.61702,2017-10-19 15:40:00,12229.713636836866,12219.34974700855,12246.021323203231
12144.43769,2017-10-19 15:50:00,12220.37545181349,12209.128343715649,12251.8696966225
12056.8997,2017-10-19 16:00:00,12221.996204558356,12209.818290597144,12202.124885772362
11905.16717,2017-10-19 16:10:00,12128.132067052326,12110.937642665589,12112.295000634947
11875.98784,2017-10-19 16:20:00,11957.556284886288,11942.429492571675,11989.118642619378
12051.06383,2017-10-19 16:30:00,11939.95139672083,11925.63016066448,11965.499616558314
12144.43769,2017-10-19 16:40:00,12179.998991128452,12178.925043113226,12125.699348546928
12039.3921,2017-10-19 16:50:00,12313.476423158852,12318.615290449383,12203.365718471952
12086.07903,2017-10-19 17:00:00,12359.942417747663,12349.336380501736,12210.132406753322
12547.11246,2017-10-19 17:10:00,12444.85956684883,12427.262164576043,12202.498105636136
13340.79027,2017-10-19 17:20:00,13044.530075886825,13045.078621078886,12778.062120807715
15004.01216,2017-10-19 17:30:00,14032.889846782828,14074.222550484536,14069.681369407495
16994.04255,2017-10-19 17:40:00,16021.591096233833,16119.842626655583,16554.986887687148
18102.85714,2017-10-19 17:50:00,18194.685180090877,18300.226529118067,18232.61575203982
18733.1307,2017-10-19 18:00:00,19189.620099056596,19223.841440622677,18932.646632427477
18995.74468,2017-10-19 18:10:00,19544.20500900371,19496.10703463398,19401.61115941775
19223.34347,2017-10-19 18:20:00,19473.570193721313,19349.07343672124,19309.55196060422
19129.9696,2017-10-19 18:30:00,19497.48463540301,19383.02275068159,19374.50429096393
19071.61094,2017-10-19 18:40:00,19288.38334345061,19237.67637075714,19223.997985124697
19071.61094,2017-10-19 18:50:00,19181.38434041818,19172.21763157605,19162.264576735008
19205.83587,2017-10-19 19:00:00,19182.196158811763,19201.479654567494,19128.495680836593
19439.27052,2017-10-19 19:10:00,19341.698565269016,19377.710282285756,19231.370453333577
19497.62918,2017-10-19 19:20:00,19626.478060459798,19682.594753986035,19421.199059915372
19515.13678,2017-10-19 19:30:00,19663.558499180454,19697.120356410996,19537.31013292511
19340.06079,2017-10-19 19:40:00,19645.431510787454,19651.78927400489,19555.307816716457
19246.68693,2017-10-19 19:50:00,19403.954067316696,19384.714999187072,19368.4392969466
19182.4924,2017-10-19 20:00:00,19254.239941350264,19228.503950855764,19200.603068555654
19001.58055,2017-10-19 20:10:00,19189.129321879547,19178.720984176478,19121.29240125172
18721.45897,2017-10-19 20:20:00,18991.73727467596,18984.705999164093,18872.564431366263
18663.1003,2017-10-19 20:30:00,18690.852697401155,18688.06469339874,18713.203568668065
18441.33739,2017-10-19 20:40:00,18656.3890474653,18655.391485680182,18693.328504925492
18050.33435,2017-10-19 20:50:00,18418.844538167894,18416.983213923308,18384.922944673348
17828.57143,2017-10-19 21:00:00,17968.747030102953,17963.436842975247,17865.23825110059
17671.00304,2017-10-19 21:10:00,17751.09741412187,17746.449894080935,17628.438521358406
17513.43465,2017-10-19 21:20:00,17610.948788959828,17602.698016705974,17441.44946984467
17198.29787,2017-10-19 21:30:00,17482.05535700591,17487.552307461636,17271.407367665684
16953.19149,2017-10-19 21:40:00,17155.5996448132,17157.09841538103,17019.74746672505
16743.1003,2017-10-19 21:50:00,16897.722909496733,16883.846080072613,16778.43651540626
16492.15805,2017-10-19 22:00:00,16528.907769923622,16516.132336119535,16447.169717957902
16381.2766,2017-10-19 22:10:00,16281.659441935126,16272.531230476923,16218.67811589942
15896.8997,2017-10-19 22:20:00,16212.579618168433,16215.311809929683,16116.0626391401
15762.67477,2017-10-19 22:30:00,15661.81746994048,15643.810575526772,15573.2452163096
15669.30091,2017-10-19 22:40:00,15551.151308094522,15537.896519676562,15512.37340826986
15465.04559,2017-10-19 22:50:00,15483.551582481801,15477.698471179827,15457.372266100909
15272.46201,2017-10-19 23:00:00,15245.204958251888,15235.259241245843,15194.722691562689
14519.63526,2017-10-19 23:10:00,15066.158022804742,15063.84373527106,15059.092225825716
13836.83891,2017-10-19 23:20:00,14187.032743791626,14140.309522111322,14319.94115565142
13626.74772,2017-10-19 23:30:00,13433.546786376764,13385.184635263595,13660.323846544328
13463.34347,2017-10-19 23:40:00,13304.616447057255,13289.96157720569,13571.045749736702
13165.71429,2017-10-19 23:50:00,13217.315863399173,13228.348023066374,13352.254992005182
12833.06991,2017-10-20 00:00:00,12966.069689864049,13007.893783313877,13107.520809827445
12477.08207,2017-10-20 00:10:00,12646.827457387491,12658.527083333931,12759.0057994282
12249.48328,2017-10-20 00:20:00,12273.910376050684,12254.016185663027,12386.749108048096
12097.75076,2017-10-20 00:30:00,12072.684435568506,12059.437908189399,12174.62016009664
11969.3617,2017-10-20 00:40:00,11967.547457425713,11967.728793260558,12012.402883465873
11817.62918,2017-10-20 00:50:00,11881.798145774403,11884.08840945917,11889.541500549565
11759.27052,2017-10-20 01:00:00,11721.900788970624,11719.874051437382,11817.145403546398
11630.88146,2017-10-20 01:10:00,11689.159511179518,11681.900570751495,11730.822292268049
11385.77508,2017-10-20 01:20:00,11564.754100840688,11554.201569597766,11620.736266893275
11298.23708,2017-10-20 01:30:00,11298.630153855727,11281.478766209766,11395.777707728696
11292.40122,2017-10-20 01:40:00,11226.980559272695,11212.927409279757,11332.399110069151
11199.02736,2017-10-20 01:50:00,11254.487773300873,11245.182147336176,11340.241784606269
11070.6383,2017-10-20 02:00:00,11138.652236802447,11137.36932118376,11284.458466518154
10983.1003,2017-10-20 02:10:00,11014.274120550846,11012.556962920415,11026.334204374645
10878.05471,2017-10-20 02:20:00,10920.924606513996,10908.405555319376,10920.725071447854
10866.38298,2017-10-20 02:30:00,10816.803747883205,10803.847466192223,10838.41702501874
10819.69605,2017-10-20 02:40:00,10831.805975797994,10829.419411546003,10823.370425321373
10825.53191,2017-10-20 02:50:00,10801.748731297354,10800.87630439802,10770.159864328278
11169.84802,2017-10-20 03:00:00,10787.215723938723,10786.474081781305,10800.134392419066
11053.1307,2017-10-20 03:10:00,11204.44274540111,11217.35611607412,11222.884563305133
10965.59271,2017-10-20 03:20:00,11039.029831421103,11035.345675140192,10985.141683453805
10924.74164,2017-10-20 03:30:00,10920.84037085122,10908.944406724484,10943.301151138905
11023.95137,2017-10-20 03:40:00,10857.091555408755,10836.538536623331,10881.613068990715
11053.1307,2017-10-20 03:50:00,10964.308524454418,10945.736360050254,10946.325090939401
11041.45897,2017-10-20 04:00:00,11009.98437680367,11023.18893319381,11006.91776672349
10994.77204,2017-10-20 04:10:00,10996.299470771988,11002.017060331607,10966.240909377679
11064.80243,2017-10-20 04:20:00,10931.242198769465,10928.033468953843,10935.277878479466
11152.34043,2017-10-20 04:30:00,11012.250850738545,11007.838030019955,11046.163068009759
11000.6079,2017-10-20 04:40:00,11131.681960819864,11137.903929113632,11231.282202063569
11105.6535,2017-10-20 04:50:00,10962.940258661147,10964.585195578793,10945.12675241435
11105.6535,2017-10-20 05:00:00,11082.92974803504,11089.783283598448,11052.161019359164
10971.42857,2017-10-20 05:10:00,11060.506760832392,11061.131907703904,11021.373013467255
10761.33739,2017-10-20 05:20:00,10876.648114042713,10874.131952935997,10872.201080942496
10656.29179,2017-10-20 05:30:00,10632.417449950219,10632.2641212263,10611.500214219801
10481.21581,2017-10-20 05:40:00,10517.591877305695,10508.958874367145,10474.964271052304
10265.28875,2017-10-20 05:50:00,10331.9081413514,10334.084778437518,10336.225379777989
10002.67477,2017-10-20 06:00:00,10087.969853694596,10097.854183915795,10059.156218031749
9372.401216,2017-10-20 06:10:00,9779.462938424622,9784.831893619268,9812.678814212819
8794.650456,2017-10-20 06:20:00,9035.026221475002,9018.522254837428,9341.070232520739
8403.647416,2017-10-20 06:30:00,8416.940805738732,8402.87507300416,8740.988940904512
8065.167173,2017-10-20 06:40:00,8042.904945514361,8044.309910790855,8290.074048589997
7890.091185,2017-10-20 06:50:00,7771.095574322553,7791.55085887588,8185.593360865918
7837.568389,2017-10-20 07:00:00,7833.8706501570305,7876.372260133083,8140.702934848033
7925.106383,2017-10-20 07:10:00,7886.679826378524,7923.591260030937,8129.367046717891
8111.854103,2017-10-20 07:20:00,8056.570490077542,8082.910362341869,8159.359855628232
8170.212766,2017-10-20 07:30:00,8322.194027107433,8342.844451884992,8310.958153493231
8292.765957,2017-10-20 07:40:00,8383.232430316519,8383.506533878564,8319.03661808938
8286.930091,2017-10-20 07:50:00,8503.777715538863,8492.17866923212,8437.559028801636
8549.544073,2017-10-20 08:00:00,8487.468844996783,8464.933176103537,8456.48065166375
8823.829787,2017-10-20 08:10:00,8785.331264317318,8774.88810785642,8674.531754115425
9068.93617,2017-10-20 08:20:00,9098.752839104069,9106.022641330963,8932.268114473929
9051.428571,2017-10-20 08:30:00,9338.04813995793,9345.139667283149,9158.941744233836
9226.504559,2017-10-20 08:40:00,9266.493197214866,9263.630381942881,9216.634747836593
9454.103343,2017-10-20 08:50:00,9420.429699014738,9405.877473166938,9468.440527463363
9588.328267,2017-10-20 09:00:00,9741.49479141206,9742.302104445513,9795.802865318594
9856.778116,2017-10-20 09:10:00,9880.282243525799,9888.774542101179,9905.891202165509
9973.495441,2017-10-20 09:20:00,10178.5076254755,10200.317027993013,10054.740314926406
10230.27356,2017-10-20 09:30:00,10267.415544098925,10272.833222766785,10173.672169302834
10026.01824,2017-10-20 09:40:00,10526.484411339803,10533.278994070615,10435.139503251741
10148.57143,2017-10-20 09:50:00,10243.10105861133,10236.526046892923,10251.315205586441
10282.79635,2017-10-20 10:00:00,10398.65444073502,10392.687012889346,10482.482021562832
10475.37994,2017-10-20 10:10:00,10556.706185779485,10564.702140940968,10502.934984422125
10948.08511,2017-10-20 10:20:00,10770.650624215477,10784.585202776456,10706.359656063465
10936.41337,2017-10-20 10:30:00,11313.861176647632,11357.700007707548,11037.055943573645
10854.71125,2017-10-20 10:40:00,11228.636721077277,11235.152709330836,11035.075089214411
10901.39818,2017-10-20 10:50:00,11072.646227760448,11061.494734690928,11012.402494099373
11111.48936,2017-10-20 11:00:00,10990.266456634723,10975.861880239341,11062.352562346532
11286.56535,2017-10-20 11:10:00,11222.261861961153,11216.015287207738,11258.79609100692
11356.59574,2017-10-20 11:20:00,11447.843091793151,11475.68393495195,11413.724946276287
11473.31307,2017-10-20 11:30:00,11507.789143696491,11528.376345290759,11478.238281858805
11654.22492,2017-10-20 11:40:00,11609.090059444496,11618.12352505904,11626.335781353533
11671.73252,2017-10-20 11:50:00,11784.739793201647,11789.010698709657,11776.199470452506
11665.89666,2017-10-20 12:00:00,11812.876248656681,11815.411106037336,11807.491072612978
11660.06079,2017-10-20 12:10:00,11714.751729329346,11711.091946504304,11729.25243362561
11677.56839,2017-10-20 12:20:00,11666.574920190968,11653.418284604893,11715.54280558028
11625.04559,2017-10-20 12:30:00,11670.105914550963,11659.711014480981,11711.024177233423
11473.31307,2017-10-20 12:40:00,11618.347309826939,11617.313167048953,11701.072462692639
11578.35866,2017-10-20 12:50:00,11445.0172038606,11440.905008887636,11568.547397106353
11730.09119,2017-10-20 13:00:00,11611.946352443663,11612.006494875714,11671.761846258316
11741.76292,2017-10-20 13:10:00,11796.085512924146,11802.383579078978,11739.987047325456
11438.29787,2017-10-20 13:20:00,11803.978699393047,11809.509921233803,11789.610196275995
11432.46201,2017-10-20 13:30:00,11433.093633914661,11419.89358201154,11507.23688343409
11379.93921,2017-10-20 13:40:00,11420.861209794773,11396.837866037542,11489.657190847185
11671.73252,2017-10-20 13:50:00,11380.953655716898,11366.384209993359,11404.586358687997
11648.38906,2017-10-20 14:00:00,11787.595124976062,11800.363592373113,11720.69284616065
11578.35866,2017-10-20 14:10:00,11756.334566641686,11769.861641545953,11688.974852030831
11514.16413,2017-10-20 14:20:00,11652.860971435104,11639.571263900103,11637.294027581012
11414.95441,2017-10-20 14:30:00,11553.966874204372,11533.276902184323,11580.38342281758
11514.16413,2017-10-20 14:40:00,11435.48748948169,11405.800211346424,11438.514804293787
11397.44681,2017-10-20 14:50:00,11579.367833857901,11577.932866162788,11563.78999690985
11426.62614,2017-10-20 15:00:00,11479.711107699964,11471.613183839208,11381.563035021385
11420.79027,2017-10-20 15:10:00,11523.021773654618,11515.570412139361,11436.016050967139
11368.26748,2017-10-20 15:20:00,11526.473647768875,11518.245394970836,11422.098248159396
11327.41641,2017-10-20 15:30:00,11448.465929048769,11429.82303608772,11401.77647411751
11379.93921,2017-10-20 15:40:00,11415.357898153808,11406.065554382265,11353.621855132142
11339.08815,2017-10-20 15:50:00,11482.059289736873,11468.337253158159,11413.840633598644
11204.86322,2017-10-20 16:00:00,11454.491929796717,11438.998158509432,11374.554342824486
11321.58055,2017-10-20 16:10:00,11288.053766960697,11268.407446993047,11344.462124969405
11257.38602,2017-10-20 16:20:00,11435.980619166738,11421.63551427103,11366.28728031126
11520.0,2017-10-20 16:30:00,11366.948870398708,11349.105006235315,11374.37164000715
11292.40122,2017-10-20 16:40:00,11695.108240738628,11694.799750164653,11608.374797605578
11146.50456,2017-10-20 16:50:00,11410.814483220087,11395.70477862115,11367.080757911106
11228.20669,2017-10-20 17:00:00,11378.271499679058,11340.681155214588,11436.613987606592
11660.06079,2017-10-20 17:10:00,11531.018097911605,11512.66937421079,11433.59775658653
12447.90274,2017-10-20 17:20:00,12106.845988287692,12108.720680654616,11826.250724103382
13883.52584,2017-10-20 17:30:00,13142.983734922225,13201.810182606063,12791.932921978041
15739.33131,2017-10-20 17:40:00,14869.35037379091,14956.164404206073,14933.265038399473
16789.78723,2017-10-20 17:50:00,16905.77547323989,16998.137702343938,17150.49629496144
17758.54103,2017-10-20 18:00:00,17846.39943554772,17876.576710566875,17934.191137420352
18237.08207,2017-10-20 18:10:00,18625.52625178239,18593.38061278908,18703.337519792167
18453.00912,2017-10-20 18:20:00,18818.763643433467,18721.4423972627,18989.174392076606
18423.82979,2017-10-20 18:30:00,18787.253112950046,18675.520989614153,19126.77581649301
18342.12766,2017-10-20 18:40:00,18608.802473122825,18544.82094816702,19008.974063651494
18254.58967,2017-10-20 18:50:00,18426.662206114157,18384.675849299165,18834.784429161526
18552.21884,2017-10-20 19:00:00,18319.30062375337,18317.416419373243,18478.609063083088
18505.53191,2017-10-20 19:10:00,18698.685791761956,18736.461126486083,18799.436768912074
18633.92097,2017-10-20 19:20:00,18644.685789662493,18687.38456465418,18747.876527348777
18540.54711,2017-10-20 19:30:00,18787.463747313406,18821.811398735506,18857.627101080598
18528.87538,2017-10-20 19:40:00,18640.952284127372,18645.82991118851,18793.08397026526
18604.74164,2017-10-20 19:50:00,18599.3790305347,18583.489406959525,18756.68518677157
18540.54711,2017-10-20 20:00:00,18677.41244083,18674.47169129507,18696.722071154287
18645.59271,2017-10-20 20:10:00,18578.58387763372,18563.28549892911,18588.64125990804
18563.89058,2017-10-20 20:20:00,18695.124888406954,18691.96704774538,18680.68003191245
18488.02432,2017-10-20 20:30:00,18582.245016020905,18567.07436217896,18556.78295875556
18336.29179,2017-10-20 20:40:00,18474.0907911076,18453.877987979475,18422.055063678206
18283.769,2017-10-20 20:50:00,18276.318407362214,18256.79387580665,18218.81419819485
18044.49848,2017-10-20 21:00:00,18186.910203520903,18161.40663474932,18124.909162734144
17997.81155,2017-10-20 21:10:00,17917.3622546029,17898.341979929388,17755.59964082537
17851.91489,2017-10-20 21:20:00,17886.93888354596,17872.043465292067,17705.638264193825
17525.10638,2017-10-20 21:30:00,17726.2213062713,17711.954806390808,17585.769262988357
17320.85106,2017-10-20 21:40:00,17351.892801172362,17326.527950983622,17273.477697964074
17064.07295,2017-10-20 21:50:00,17146.723240970496,17127.901201544246,17093.662035467474
16830.6383,2017-10-20 22:00:00,16712.995770211408,16689.41095119954,16728.698741348493
17069.90881,2017-10-20 22:10:00,16492.95651217584,16479.714867342947,16462.089886470163
16888.99696,2017-10-20 22:20:00,16825.725385457303,16835.703011567755,16668.466985015548
16550.51672,2017-10-20 22:30:00,16626.093036783022,16617.88796413201,16201.102918444329
16328.7538,2017-10-20 22:40:00,16239.889055176853,16216.341976268866,16158.426895631901
15914.40729,2017-10-20 22:50:00,15989.499274202153,15952.47973816211,16033.696218226938
15535.07599,2017-10-20 23:00:00,15477.66947219888,15423.460412529526,15649.303321469228
15114.89362,2017-10-20 23:10:00,15073.45737266046,15047.420775459494,15221.442019509852
14642.18845,2017-10-20 23:20:00,14632.382749284669,14610.665504373972,14808.44247694653
14665.53191,2017-10-20 23:30:00,14155.781359752893,14131.29648040841,14287.635933655072
14426.2614,2017-10-20 23:40:00,14296.444690299497,14301.056483891705,14340.078975081808
14087.78116,2017-10-20 23:50:00,14078.090252384345,14076.69266731181,14066.519321217354
13918.54103,2017-10-21 00:00:00,13816.38328489726,13827.715461808271,13832.719855240337
13842.67477,2017-10-21 00:10:00,13663.653970896094,13662.778436015622,13678.954173306312
13813.49544,2017-10-21 00:20:00,13603.822028366645,13586.717510915823,13610.924839801497
13685.10638,2017-10-21 00:30:00,13622.654299966853,13627.949902256752,13565.903666117916
13410.82067,2017-10-21 00:40:00,13503.234622801301,13503.48012380962,13455.737793577877
13218.23708,2017-10-21 00:50:00,13190.914112930235,13170.367648296204,13202.493962263645
12891.42857,2017-10-21 01:00:00,12956.08106929369,12934.003278049351,13049.503681843555
12681.33739,2017-10-21 01:10:00,12602.555680535814,12581.589052188627,12683.291018687156
12622.97872,2017-10-21 01:20:00,12407.824951117664,12402.614219670077,12439.42147214965
12290.33435,2017-10-21 01:30:00,12407.36525334284,12416.084300927043,12412.477054942032
12016.04863,2017-10-21 01:40:00,12065.008536887957,12064.4960425357,12131.458377729172
11852.64438,2017-10-21 01:50:00,11799.730264986192,11801.579493057541,11790.063806255048
11875.98784,2017-10-21 02:00:00,11623.892029803012,11622.331425924607,11666.978049376006
11829.30091,2017-10-21 02:10:00,11706.510943607605,11712.986833935342,11674.198556993597
11875.98784,2017-10-21 02:20:00,11700.689924517019,11719.528753493718,11672.446284749269
11846.80851,2017-10-21 02:30:00,11786.722495176484,11796.874334467891,11740.753145728915
11677.56839,2017-10-21 02:40:00,11755.218581708883,11750.542580905305,11742.261465942285
11601.70213,2017-10-21 02:50:00,11551.360230871851,11531.316210772993,11599.772816018674
11590.0304,2017-10-21 03:00:00,11461.473118168567,11451.306335353078,11591.130332274028
11700.91185,2017-10-21 03:10:00,11457.954564096173,11450.91218272713,11543.49972570196
11549.17933,2017-10-21 03:20:00,11607.579687160764,11614.81542660946,11644.798428942326
11467.4772,2017-10-21 03:30:00,11435.853751085833,11440.976794876684,11487.520531952363
11321.58055,2017-10-21 03:40:00,11349.426979511423,11345.575958771204,11449.352633448392
11029.78723,2017-10-21 03:50:00,11183.929344638938,11174.392881941512,11299.035469687842
11088.1459,2017-10-21 04:00:00,10835.640490160209,10824.517646243201,10927.710586133664
11111.48936,2017-10-21 04:10:00,10957.301103713138,10973.449625566693,10978.113613758389
10913.06991,2017-10-21 04:20:00,11021.102058263992,11039.6271955804,11034.484752185113
10802.18845,2017-10-21 04:30:00,10818.921767522075,10834.284224418934,10845.304969848901
10854.71125,2017-10-21 04:40:00,10714.448569835842,10727.316108828803,10659.122905418511
11076.47416,2017-10-21 04:50:00,10799.31871673666,10802.077655792877,10843.73968318581
11234.04255,2017-10-21 05:00:00,11068.977235691873,11092.766240583878,10909.689070249748
11164.01216,2017-10-21 05:10:00,11246.981127041383,11277.929391999338,11056.733799748046
10988.93617,2017-10-21 05:20:00,11115.648030279026,11122.108117846,10976.356214936772
10749.66565,2017-10-21 05:30:00,10869.781266493057,10852.752147434141,10716.21119385
10533.7386,2017-10-21 05:40:00,10565.570234338747,10539.432653326923,10443.324270802557
10411.18541,2017-10-21 05:50:00,10322.617510740725,10312.329664154902,10300.921429694403
10119.3921,2017-10-21 06:00:00,10205.941063850225,10219.482674038549,9964.996783190802
9483.282675,2017-10-21 06:10:00,9867.67696772749,9880.577761615015,9857.142166891845
8771.306991,2017-10-21 06:20:00,9124.991065534145,9122.374331183612,9284.032289335812
8164.3769,2017-10-21 06:30:00,8336.998193454632,8323.510476920319,8649.620385173956
7831.732523,2017-10-21 06:40:00,7714.016768916565,7706.587373052325,8168.458890109211
7732.522796,2017-10-21 06:50:00,7478.620279438846,7506.04535900249,8100.662854693449
7948.449848,2017-10-21 07:00:00,7661.612171627479,7720.055106505199,8044.462628010649
7831.732523,2017-10-21 07:10:00,8052.804837415306,8121.177408459707,8163.065592867762
8000.972644,2017-10-21 07:20:00,7978.79968382576,8016.402664224088,8113.746142997976
8006.808511,2017-10-21 07:30:00,8203.668206546572,8216.788437546447,8202.835965031656
8228.571429,2017-10-21 07:40:00,8198.70245669357,8187.765986020138,8177.405215352541
8444.49848,2017-10-21 07:50:00,8435.562920705048,8421.022372565661,8379.993536003074
8567.051672,2017-10-21 08:00:00,8703.155063248389,8709.053042978478,8634.380828095564
8870.516717,2017-10-21 08:10:00,8814.581180067114,8808.255180247741,8696.332333835544
9016.413374,2017-10-21 08:20:00,9150.204275531049,9158.918151423954,9041.252279080863
9319.878419,2017-10-21 08:30:00,9253.539693751578,9250.385171796897,9145.938650272303
9646.68693,2017-10-21 08:40:00,9568.471894356775,9574.824761655902,9497.562407423877
8905.531915,2017-10-21 08:50:00,9906.33381503342,9919.456487654952,9785.19859907708
8981.398176,2017-10-21 09:00:00,9006.004125544467,8973.178515949468,9257.095774496753
9553.31307,2017-10-21 09:10:00,9126.654437514104,9117.96632996518,9292.53172553708
9611.671733,2017-10-21 09:20:00,9817.84223871839,9841.087951482481,9755.571120451543
9955.987842,2017-10-21 09:30:00,9890.115939567273,9930.32539034391,9953.958707401207
10311.97568,2017-10-21 09:40:00,10303.248858254348,10377.806666657118,10074.57924375183
10352.82675,2017-10-21 09:50:00,10630.027318645629,10643.122202681205,10407.354108770778
10749.66565,2017-10-21 10:00:00,10612.078748583015,10596.494094555877,10430.85723478563
11239.87842,2017-10-21 10:10:00,11053.150912888304,11068.145147731842,11047.136309260513
11309.90881,2017-10-21 10:20:00,11571.247498631827,11580.221524080964,11367.594133774777
11549.17933,2017-10-21 10:30:00,11565.003524871954,11563.1481734888,11485.964144942394
11590.0304,2017-10-21 10:40:00,11777.77203903391,11780.099195301535,11697.707771102017
11648.38906,2017-10-21 10:50:00,11739.135858487887,11719.561495753635,11729.215261912112
11642.55319,2017-10-21 11:00:00,11678.191262869936,11667.544472719721,11660.240439435684
11940.18237,2017-10-21 11:10:00,11669.650839923734,11676.127482761576,11659.596102881054
12249.48328,2017-10-21 11:20:00,12005.058248297391,12019.302574717738,12021.953747094087
12348.69301,2017-10-21 11:30:00,12352.679100370746,12383.244376090286,12423.474623030412
12383.70821,2017-10-21 11:40:00,12429.310948270857,12448.561598974033,12493.215676486148
12424.55927,2017-10-21 11:50:00,12419.798386607225,12426.124677533382,12547.183020089427
12582.12766,2017-10-21 12:00:00,12446.399338634756,12430.721675631896,12595.919697551804
12634.65046,2017-10-21 12:10:00,12578.34829282586,12568.745246984141,12776.250593947045
12657.99392,2017-10-21 12:20:00,12618.01842496494,12620.45677059989,12802.585721606643
12751.36778,2017-10-21 12:30:00,12621.350943031593,12622.01806502841,12795.09764237732
12652.15805,2017-10-21 12:40:00,12704.334691768021,12702.703129464331,12873.601411746202
12669.66565,2017-10-21 12:50:00,12572.137611967944,12560.944792751614,12783.338499255859
12599.63526,2017-10-21 13:00:00,12633.21124983839,12628.722388447886,12762.071284309513
12803.89058,2017-10-21 13:10:00,12549.493097186782,12542.781656492789,12715.779582508483
12687.17325,2017-10-21 13:20:00,12779.506848779212,12780.271021780558,12871.061383552786
12751.36778,2017-10-21 13:30:00,12638.773194143045,12639.053929056536,12758.12733614662
12920.6079,2017-10-21 13:40:00,12707.975494270137,12702.931987318625,12817.988772846777
12943.95137,2017-10-21 13:50:00,12920.181521006027,12923.090167128586,12947.458316393504
12949.78723,2017-10-21 14:00:00,12948.398320128555,12935.753704534573,12947.177375146004
12990.6383,2017-10-21 14:10:00,12949.007646857994,12946.221246216333,12949.459212058176
12943.95137,2017-10-21 14:20:00,12966.646653348093,12950.450263092062,12970.867139981883
12710.51672,2017-10-21 14:30:00,12888.201502296128,12866.638900380953,12930.40452558751
12687.17325,2017-10-21 14:40:00,12618.617250888932,12599.836549161973,12742.722470632669
12611.30699,2017-10-21 14:50:00,12601.157192446426,12588.54727535597,12717.110682125985
12704.68085,2017-10-21 15:00:00,12558.299896012999,12547.382328799498,12693.056306278377
12821.39818,2017-10-21 15:10:00,12696.566490709865,12699.714344592201,12737.032087180713
12838.90578,2017-10-21 15:20:00,12851.530139104902,12862.234558260196,12831.261473027163
12599.63526,2017-10-21 15:30:00,12856.509964776176,12848.804960642512,12879.132854881896
12640.48632,2017-10-21 15:40:00,12562.95173107613,12540.024419504687,12659.671604772571
12412.88754,2017-10-21 15:50:00,12607.239384880464,12580.839594571893,12666.052804232699
12611.30699,2017-10-21 16:00:00,12352.313487061814,12320.804207256311,12487.00252269581
12529.60486,2017-10-21 16:10:00,12624.827192523891,12618.979569371724,12628.983993052585
12313.67781,2017-10-21 16:20:00,12544.042414295254,12541.880805400357,12536.716754237545
12407.05167,2017-10-21 16:30:00,12306.302228640092,12285.180143274363,12334.972986014607
12494.58967,2017-10-21 16:40:00,12433.908042349618,12426.757890056644,12505.002905074505
12617.14286,2017-10-21 16:50:00,12522.987163810329,12503.946304385092,12551.17323976828
12844.74164,2017-10-21 17:00:00,12827.001583266645,12821.241483548569,12719.142677717145
13352.46201,2017-10-21 17:10:00,13120.621190651753,13118.901879826211,12964.823460353515
14128.63222,2017-10-21 17:20:00,13728.084480551843,13725.154924255281,13642.337528480602
15710.15198,2017-10-21 17:30:00,14681.179770015486,14704.428365527034,15115.835650244013
17227.4772,2017-10-21 17:40:00,16554.370144283283,16619.717998294673,16930.09631012661
18347.96353,2017-10-21 17:50:00,18176.90912388501,18243.48392709929,18249.34411417717
18884.86322,2017-10-21 18:00:00,19225.806317779996,19243.386619664685,18953.314485654922
18814.83283,2017-10-21 18:10:00,19518.40662287679,19466.60031573236,19338.975595564654
18849.84802,2017-10-21 18:20:00,19115.91079290291,18991.561581287064,19326.161800765738
18902.37082,2017-10-21 18:30:00,18977.370869342485,18873.424354535706,19287.60901850517
18844.01216,2017-10-21 18:40:00,18969.63206879315,18920.39012386184,19227.222090365227
18768.1459,2017-10-21 18:50:00,18897.98534413003,18901.422431667233,19084.3654620661
18768.1459,2017-10-21 19:00:00,18843.32580016937,18876.299381328332,18823.013525987135
18709.78723,2017-10-21 19:10:00,18847.354849178933,18874.03004338783,18810.601787569176
18721.45897,2017-10-21 19:20:00,18792.799445668,18817.36841538953,18753.9146100761
18668.93617,2017-10-21 19:30:00,18817.87974258169,18840.413715777413,18753.96629099741
18756.47416,2017-10-21 19:40:00,18759.314876254153,18768.547494528364,18729.615479607353
18768.1459,2017-10-21 19:50:00,18871.245978130188,18874.049157161306,18780.871262596844
18756.47416,2017-10-21 20:00:00,18865.723931327913,18863.177319546507,18726.253359120637
18750.6383,2017-10-21 20:10:00,18847.232061621533,18839.888065194395,18741.761844350927
18733.1307,2017-10-21 20:20:00,18827.23777554227,18818.54958836892,18717.332521343447
18779.81763,2017-10-21 20:30:00,18793.12876627311,18777.77304724146,18660.02001436007
18663.1003,2017-10-21 20:40:00,18840.050920262962,18832.21539975025,18663.270766634996
18412.15805,2017-10-21 20:50:00,18688.708996301484,18676.687971330273,18521.08875788939
18254.58967,2017-10-21 21:00:00,18354.116292491275,18331.857102402202,18176.76045628756
18207.90274,2017-10-21 21:10:00,18184.809576344178,18165.155362596302,18056.406257464903
17991.97568,2017-10-21 21:20:00,18153.80250040322,18142.345109338537,17979.62464296385
17881.09422,2017-10-21 21:30:00,17917.556307227598,17913.76649780107,17694.300563367164
17595.13678,2017-10-21 21:40:00,17819.088380639274,17818.55680628737,17582.616072341658
17326.68693,2017-10-21 21:50:00,17495.60475196385,17479.934382640295,17333.85236110276
17192.46201,2017-10-21 22:00:00,17046.469558747383,17028.980831177523,17027.67196591993
16929.84802,2017-10-21 22:10:00,16963.587286481492,16961.580810471078,16942.100574923392
16649.72644,2017-10-21 22:20:00,16687.65229485019,16680.250161839722,16605.062875968186
16538.84498,2017-10-21 22:30:00,16404.067102523728,16401.01039942668,16260.13159251899
15920.24316,2017-10-21 22:40:00,16325.790960392842,16323.031207210293,16220.820836833305
15587.59878,2017-10-21 22:50:00,15616.27486146033,15592.267222947117,15548.118467485407
15179.08815,2017-10-21 23:00:00,15255.388675528447,15242.015514775168,15302.354771469985
15004.01216,2017-10-21 23:10:00,14826.7460348419,14811.928026493064,14956.145389988937
14706.38298,2017-10-21 23:20:00,14685.436207740024,14680.792563373898,14648.33011836076
14327.05167,2017-10-21 23:30:00,14445.87750885373,14461.967061888576,14334.826094485989
14035.25836,2017-10-21 23:40:00,14060.80460673408,14052.413893730685,14117.593404811923
13766.80851,2017-10-21 23:50:00,13779.571604313509,13769.718045195634,13795.550400498174
13533.37386,2017-10-22 00:00:00,13488.095243659956,13477.406376456185,13603.190433094278
13399.14894,2017-10-22 00:10:00,13290.645079758566,13291.66385836666,13421.498399554861
13119.02736,2017-10-22 00:20:00,13210.474320371635,13217.24997515346,13264.607671073605
12856.41337,2017-10-22 00:30:00,12932.015609562603,12926.237389624746,12990.120274293793
12669.66565,2017-10-22 00:40:00,12666.864321773366,12657.771392407327,12696.512910380967
12506.2614,2017-10-22 00:50:00,12495.578017625412,12485.879833210809,12548.688229650892
12377.87234,2017-10-22 01:00:00,12308.44022033355,12301.63810243803,12347.260452459932
12266.99088,2017-10-22 01:10:00,12208.614924281963,12210.526286921617,12253.08178838351
12103.58663,2017-10-22 01:20:00,12121.102584685945,12119.972267507961,12200.36327281498
12062.73556,2017-10-22 01:30:00,11947.869044823572,11938.787533770465,11984.05831497497
11811.79331,2017-10-22 01:40:00,11924.875977269061,11916.833297237074,11986.61885815458
11829.30091,2017-10-22 01:50:00,11646.37914747254,11630.039779692643,11744.09874336423
11805.95745,2017-10-22 02:00:00,11673.483219940972,11666.967902026663,11789.462829634582
11753.43465,2017-10-22 02:10:00,11673.80706164,11670.274741591238,11759.894742081076
11613.37386,2017-10-22 02:20:00,11632.18188820445,11624.899099835136,11727.761394243656
11496.65653,2017-10-22 02:30:00,11487.396081225921,11481.451699223984,11562.72935209623
11496.65653,2017-10-22 02:40:00,11348.143788066887,11326.517215513057,11505.74148111083
11525.83587,2017-10-22 02:50:00,11369.91961793462,11358.706255085086,11478.162573073783
11800.12158,2017-10-22 03:00:00,11406.493145348815,11406.41483070483,11538.797891229939
11724.25532,2017-10-22 03:10:00,11751.421449191444,11765.127556801861,11804.680037712991
11660.06079,2017-10-22 03:20:00,11633.412839794673,11630.54520799152,11737.108247504937
11619.20973,2017-10-22 03:30:00,11531.227298287231,11512.34975155449,11629.84366944883
11537.5076,2017-10-22 03:40:00,11464.828390124008,11441.592203287222,11588.48808753259
11601.70213,2017-10-22 03:50:00,11346.584722763098,11318.60785968232,11513.069834456943
11607.53799,2017-10-22 04:00:00,11430.973182084384,11433.134746803942,11555.879571229054
11327.41641,2017-10-22 04:10:00,11446.687579481935,11447.460219336836,11571.24114627726
11216.53495,2017-10-22 04:20:00,11105.968846777567,11093.72062234985,11161.1547348872
11537.5076,2017-10-22 04:30:00,10990.46054901805,10979.401919291144,11070.171626690893
11759.27052,2017-10-22 04:40:00,11393.619762704398,11397.490662349905,11457.569951200552
11835.13678,2017-10-22 04:50:00,11676.071832983696,11695.691727143094,11646.215600892758
12051.06383,2017-10-22 05:00:00,11746.67900531695,11767.371291069943,11644.966323126446
11805.95745,2017-10-22 05:10:00,11946.657093666261,11944.725655256434,11850.945558565916
11613.37386,2017-10-22 05:20:00,11575.768430393853,11534.746362116566,11558.936522506932
11403.28267,2017-10-22 05:30:00,11323.920040060031,11287.833518355874,11366.880620145213
11199.02736,2017-10-22 05:40:00,11075.447817034525,11048.992009517071,10990.416845942174
10557.08207,2017-10-22 05:50:00,10854.373549138068,10835.285346663122,10704.876137417374
10084.3769,2017-10-22 06:00:00,10130.236722402236,10124.171334542134,10115.943901800054
9197.325228,2017-10-22 06:10:00,9607.726314920923,9597.720954892797,9612.948267632137
8462.006079,2017-10-22 06:20:00,8609.995759544092,8590.252732839557,8986.678156857643
8071.00304,2017-10-22 06:30:00,7854.797089255104,7845.001083059235,8314.558274439367
7697.507599,2017-10-22 06:40:00,7570.108234042036,7598.472146481976,8134.028364874223
7580.790274,2017-10-22 06:50:00,7297.000652730256,7330.216774034223,8056.1670407202
7446.56535,2017-10-22 07:00:00,7478.946172911019,7533.389902401326,8031.103668765444
7580.790274,2017-10-22 07:10:00,7428.1853164013555,7459.213056862005,8036.678178548249
7644.984802,2017-10-22 07:20:00,7669.486796532259,7683.464567582636,8050.452246036751
7843.404255,2017-10-22 07:30:00,7780.723099776718,7784.274944037825,8040.910988036087
8257.75076,2017-10-22 07:40:00,8027.304979732706,8017.436345816041,8130.977528368594
8345.288754,2017-10-22 07:50:00,8500.552582183911,8498.640579939887,8402.612631861142
8742.12766,2017-10-22 08:00:00,8558.130086806581,8535.7900409052,8534.971040344339
8998.905775,2017-10-22 08:10:00,8991.980527071888,8982.515927884357,8831.110447186942
9185.653495,2017-10-22 08:20:00,9224.257841317894,9207.229757564242,9093.782155028906
9512.462006,2017-10-22 08:30:00,9376.852444148932,9354.184870849764,9378.617040049923
9564.984802,2017-10-22 08:40:00,9724.850004931908,9722.290408954841,9649.977590122417
9705.045593,2017-10-22 08:50:00,9664.320948203374,9637.216039285708,9729.67316927209
9780.911854,2017-10-22 09:00:00,9806.043219319148,9790.182914279067,9895.892546320536
9973.495441,2017-10-22 09:10:00,9886.646965934764,9873.95809297886,9978.58827398425
10352.82675,2017-10-22 09:20:00,10080.467243216857,10071.630272682432,10180.477602541112
10510.39514,2017-10-22 09:30:00,10525.538244286992,10541.395310799464,10512.653206988578
10673.79939,2017-10-22 09:40:00,10664.988231907068,10668.510228039788,10893.03005403055
10953.92097,2017-10-22 09:50:00,10803.574934491526,10801.491684764042,11178.271718866261
11041.45897,2017-10-22 10:00:00,11116.59559281078,11106.28918532011,11187.373422539062
11269.05775,2017-10-22 10:10:00,11181.146328150058,11162.214974889303,11229.299862535157
11438.29787,2017-10-22 10:20:00,11424.280314047366,11420.966887131577,11440.128919560662
11630.88146,2017-10-22 10:30:00,11582.168203419023,11574.527306817727,11590.57460611848
11730.09119,2017-10-22 10:40:00,11756.22529671484,11746.688709429096,11742.336318393747
11648.38906,2017-10-22 10:50:00,11834.588849620332,11829.00587388732,11833.361755563594
11747.59878,2017-10-22 11:00:00,11593.9665096191,11575.57806089802,11627.393069183343
11992.70517,2017-10-22 11:10:00,11710.60332496771,11701.056355328144,11743.126893326105
12109.42249,2017-10-22 11:20:00,11999.577936440703,12001.350726324332,12133.050318683374
12016.04863,2017-10-22 11:30:00,12121.654839323302,12131.165733093116,12215.207897188613
12056.8997,2017-10-22 11:40:00,11989.798477139811,11991.738388305721,12154.158787287472
12156.10942,2017-10-22 11:50:00,12009.523261289185,11996.849101265765,12183.874762597787
12453.7386,2017-10-22 12:00:00,12148.878236161176,12137.058050380925,12258.910143575615
12512.09726,2017-10-22 12:10:00,12496.970807969892,12507.633486141975,12521.293632246294
12605.47112,2017-10-22 12:20:00,12541.245188111956,12552.1087423857,12595.363204156189
12622.97872,2017-10-22 12:30:00,12615.524761672594,12610.920677335778,12764.326589432456
12681.33739,2017-10-22 12:40:00,12585.457532319253,12568.872712257125,12747.547555709938
12657.99392,2017-10-22 12:50:00,12626.130372528285,12606.886159225587,12781.737586062436
12815.56231,2017-10-22 13:00:00,12622.90914969158,12611.732743103934,12714.342139201324
12815.56231,2017-10-22 13:10:00,12813.71952769328,12808.76234096228,12819.338690321138
12873.92097,2017-10-22 13:20:00,12784.34527127584,12777.875058377746,12835.288023385336
12763.03951,2017-10-22 13:30:00,12842.847257554986,12835.779127364294,12953.798783975571
12663.82979,2017-10-22 13:40:00,12704.276761716883,12691.804159406875,12845.574889955635
12914.77204,2017-10-22 13:50:00,12585.538776927759,12564.92482216586,12720.035135947477
13177.38602,2017-10-22 14:00:00,12930.718994224639,12929.727480246422,12962.143814703033
12990.6383,2017-10-22 14:10:00,13231.008669573588,13237.986910948099,13317.522336611366
12733.86018,2017-10-22 14:20:00,12984.278609378067,12979.213957599066,12999.84613571367
12850.57751,2017-10-22 14:30:00,12643.442155289697,12614.004980992606,12777.163251544813
12733.86018,2017-10-22 14:40:00,12777.137975257046,12743.837947924156,12918.144773874052
12798.05471,2017-10-22 14:50:00,12645.234299788035,12625.294455655605,12755.573430228305
12728.02432,2017-10-22 15:00:00,12793.191127015387,12800.465588881154,12808.220813465801
12768.87538,2017-10-22 15:10:00,12729.601881139395,12726.839032561349,12736.779667329765
12611.30699,2017-10-22 15:20:00,12773.708935946768,12755.05760806182,12784.915234722044
12465.41033,2017-10-22 15:30:00,12581.557688366114,12566.415627178627,12643.2900503493
12617.14286,2017-10-22 15:40:00,12417.042748636322,12393.083127664744,12475.48408105129
12547.11246,2017-10-22 15:50:00,12610.595049046637,12602.26056178546,12620.78494998212
12494.58967,2017-10-22 16:00:00,12561.250251109697,12543.581937834517,12562.559366280477
12255.31915,2017-10-22 16:10:00,12515.15503542013,12504.941248183433,12495.877765094427
12249.48328,2017-10-22 16:20:00,12223.614251025923,12197.363145401774,12283.885719067552
12348.69301,2017-10-22 16:30:00,12240.042949003804,12210.105489227604,12267.144612391954
12348.69301,2017-10-22 16:40:00,12389.833273369915,12383.74458916326,12354.20874526003
12360.36474,2017-10-22 16:50:00,12408.674063277964,12402.548466642038,12388.984872731045
12331.18541,2017-10-22 17:00:00,12587.05461876297,12575.769973887785,12419.53116504863
12675.50152,2017-10-22 17:10:00,12577.014974251279,12549.245335730748,12399.87879366462
13428.32827,2017-10-22 17:20:00,13033.709285864064,13023.921166238408,12917.225628964872
15389.17933,2017-10-22 17:30:00,14010.010225416652,14041.356678085238,14129.908621850756
16929.84802,2017-10-22 17:40:00,16345.43305303371,16441.005085819055,16775.056819775553
18079.51368,2017-10-22 17:50:00,17996.10334725733,18088.113017672567,18135.653999667327
18604.74164,2017-10-22 18:00:00,19037.029987332873,19059.703178832915,18806.116224049747
18715.6231,2017-10-22 18:10:00,19253.945145658978,19184.81221832318,19416.561170501365
18558.05471,2017-10-22 18:20:00,19022.838517516208,18873.70837965583,19330.499218619505
18756.47416,2017-10-22 18:30:00,18659.151070376236,18541.802819331348,19340.796729861668
18873.19149,2017-10-22 18:40:00,18825.14294089028,18770.17758418021,19185.76895417127
18914.04255,2017-10-22 18:50:00,18949.984290323686,18954.069992696535,19001.567054155323
19001.58055,2017-10-22 19:00:00,18995.99282238872,19026.340602464956,18973.445599103507
19013.25228,2017-10-22 19:10:00,19082.460667363084,19115.883774354254,19039.5328375396
19019.08815,2017-10-22 19:20:00,19060.555563548096,19068.266298163366,19073.608561578403
18943.22188,2017-10-22 19:30:00,19049.977368084776,19050.440212278736,19021.945318507216
18972.40122,2017-10-22 19:40:00,18957.492821323332,18948.84825587422,18944.749605267058
18668.93617,2017-10-22 19:50:00,18993.550907867993,18980.487787470374,18968.70937232989
18616.41337,2017-10-22 20:00:00,18617.765473615447,18594.413151779598,18580.888229761717
18727.29483,2017-10-22 20:10:00,18582.784740956467,18566.794727236156,18544.033643411913
18645.59271,2017-10-22 20:20:00,18743.121237389245,18742.76779724803,18599.281565255358
18645.59271,2017-10-22 20:30:00,18662.47476180914,18658.08534706721,18563.249327481357
18803.16109,2017-10-22 20:40:00,18679.835340026144,18683.829509227573,18551.501339959425
18686.44377,2017-10-22 20:50:00,18848.04271221888,18836.81328680602,18694.118770343215
18517.20365,2017-10-22 21:00:00,18657.40753877731,18630.120227609554,18457.38196043846
18394.65046,2017-10-22 21:10:00,18458.66599457048,18432.925288444472,18332.370537892104
18190.39514,2017-10-22 21:20:00,18304.991317203447,18271.43434993668,18189.238175530314
17816.8997,2017-10-22 21:30:00,18066.543707155106,18031.455615363175,17968.014988265328
17244.9848,2017-10-22 21:40:00,17650.853207312754,17626.522504186436,17539.82687829608
16783.95137,2017-10-22 21:50:00,17011.258680829094,16980.937091594773,17082.232451181033
16241.21581,2017-10-22 22:00:00,16383.487203904951,16360.190551101437,16423.629399334368
16177.02128,2017-10-22 22:10:00,15847.414668043595,15835.96310805623,15938.210366369809
15844.3769,2017-10-22 22:20:00,15898.397932380014,15919.453416490713,15829.82808816234
15523.40426,2017-10-22 22:30:00,15610.796919432963,15634.407694175166,15567.638005994384
15167.41641,2017-10-22 22:40:00,15289.840556582805,15293.877565608775,15261.276351471008
14910.6383,2017-10-22 22:50:00,14928.339550339813,14918.459897843179,14935.11730817921
14507.96353,2017-10-22 23:00:00,14630.271129395924,14600.36183942638,14660.914681363567
14332.88754,2017-10-22 23:10:00,14228.138440696634,14210.498113469946,14330.86113653878
14046.93009,2017-10-22 23:20:00,14090.24755368337,14076.796861813884,14162.053217956072
13801.82371,2017-10-22 23:30:00,13816.171718703885,13801.678652331473,13854.701449324735
13469.17933,2017-10-22 23:40:00,13583.570353033148,13566.494323223425,13618.705317773056
13235.74468,2017-10-22 23:50:00,13246.739943065655,13229.27673510986,13371.852328706713
12984.80243,2017-10-23 00:00:00,13020.717396016416,13010.212243237038,13092.222043112974
12809.72644,2017-10-23 00:10:00,12794.408785867226,12790.323564774051,12865.15755304003
12652.15805,2017-10-23 00:20:00,12647.362663769298,12645.245905863183,12654.942896411681
12582.12766,2017-10-23 00:30:00,12515.840432747535,12517.042403956711,12499.613601424377
12383.70821,2017-10-23 00:40:00,12474.431965971653,12472.101701802432,12436.416914139423
12342.85714,2017-10-23 00:50:00,12272.241000749007,12263.777935185171,12274.197589526371
12471.2462,2017-10-23 01:00:00,12215.980018788105,12207.182733621205,12210.692564637066
12436.231,2017-10-23 01:10:00,12391.412224222644,12387.851509576809,12377.44364217686
12214.46809,2017-10-23 01:20:00,12351.629047482838,12341.779371015193,12385.823965141872
12086.07903,2017-10-23 01:30:00,12088.48862204645,12070.186668050948,12106.160643278221
12004.3769,2017-10-23 01:40:00,11924.249477884208,11892.69835979446,12030.233886211678
11776.77812,2017-10-23 01:50:00,11842.022432704534,11812.916683072319,11953.372837219353
11368.26748,2017-10-23 02:00:00,11574.41570777726,11561.84114948062,11698.893156814644
11385.77508,2017-10-23 02:10:00,11132.723873803596,11120.690897759152,11335.684981524897
11333.25228,2017-10-23 02:20:00,11207.017875324227,11203.107392690028,11346.51682054125
11274.89362,2017-10-23 02:30:00,11189.422788611962,11192.639397039948,11324.938653921905
11315.74468,2017-10-23 02:40:00,11168.08166449807,11181.318740927873,11286.222340513346
11461.64134,2017-10-23 02:50:00,11253.30970305813,11265.214929903315,11344.998356771075
11432.46201,2017-10-23 03:00:00,11409.375910078777,11403.102994520494,11516.591694489925
11444.13374,2017-10-23 03:10:00,11367.396084258062,11359.435905766573,11487.576691381628
11490.82067,2017-10-23 03:20:00,11365.142308136568,11352.577477753974,11495.93847501461
11455.80547,2017-10-23 03:30:00,11401.566189258661,11383.189871000131,11526.343446802346
11420.79027,2017-10-23 03:40:00,11340.883468438107,11319.051760456641,11470.896316968026
11438.29787,2017-10-23 03:50:00,11302.298532540757,11289.477504892111,11452.400921000024
11403.28267,2017-10-23 04:00:00,11302.254238049956,11293.864249916995,11467.003741110633
11426.62614,2017-10-23 04:10:00,11246.716893777819,11236.626727211607,11381.097121616367
11496.65653,2017-10-23 04:20:00,11272.188671608474,11267.632959188457,11390.952788720257
11665.89666,2017-10-23 04:30:00,11371.559562778755,11369.53775607061,11572.66425639242
11549.17933,2017-10-23 04:40:00,11576.202028396878,11577.713772052077,11663.590427613817
11607.53799,2017-10-23 04:50:00,11429.639105731658,11421.787585582257,11562.325630375883
11549.17933,2017-10-23 05:00:00,11486.696331484922,11478.98174545588,11558.316680943452
11339.08815,2017-10-23 05:10:00,11389.651985877827,11375.521009822312,11500.672871256455
11263.22188,2017-10-23 05:20:00,11123.077455559676,11102.860083645774,11185.496052655668
11076.47416,2017-10-23 05:30:00,11044.596229093424,11040.156312615025,11087.728061097996
10907.23404,2017-10-23 05:40:00,10824.73478222275,10812.114488872387,10827.97524286842
10714.65046,2017-10-23 05:50:00,10627.583438061163,10622.809920961072,10519.758771696686
10539.57447,2017-10-23 06:00:00,10409.016605895897,10408.518896579226,10257.109665769649
9938.480243,2017-10-23 06:10:00,10182.811723124629,10171.928007876184,10146.75191950436
9547.477204,2017-10-23 06:20:00,9464.246422113212,9439.29383250447,9617.58235715438
8917.203647,2017-10-23 06:30:00,9045.728648434786,9019.067419014327,9343.813439804626
8380.303951,2017-10-23 06:40:00,8366.206999089578,8338.628566666308,8766.671120388803
8246.079027,2017-10-23 06:50:00,7850.523130505982,7835.596690038436,8296.75699264635
8286.930091,2017-10-23 07:00:00,7983.329343013234,8004.780671488261,8280.423708108658
8421.155015,2017-10-23 07:10:00,8157.7835990857675,8185.6878942660405,8332.860425199427
8584.559271,2017-10-23 07:20:00,8418.66010206104,8457.955195414057,8420.164950774091
8625.410334,2017-10-23 07:30:00,8654.571234737197,8671.219474253483,8534.329476486473
8654.589666,2017-10-23 07:40:00,8703.68116097539,8683.993135150014,8617.478033741485
8275.258359,2017-10-23 07:50:00,8714.034490798485,8679.20972063441,8660.042160284582
8298.601824,2017-10-23 08:00:00,8272.633812171382,8220.699085901411,8481.86374891708
9121.458967,2017-10-23 08:10:00,8335.820083612061,8302.86916785073,8513.261114090667
9413.25228,2017-10-23 08:20:00,9346.040534831176,9367.331957622137,9216.990985500346
9465.775076,2017-10-23 08:30:00,9673.471435647862,9703.594912763361,9478.381939766978
9524.133739,2017-10-23 08:40:00,9684.75580306304,9704.627648978825,9596.91476530382
9675.866261,2017-10-23 08:50:00,9641.317810421118,9608.440988353377,9599.449216666728
9973.495441,2017-10-23 09:00:00,9754.26316939452,9697.306709973585,9793.20915080008
10066.8693,2017-10-23 09:10:00,10115.985483143715,10109.85394231647,10147.663070006056
10230.27356,2017-10-23 09:20:00,10212.722297723336,10215.744587806252,10228.329135492628
10247.78116,2017-10-23 09:30:00,10375.60588527028,10374.5392334157,10391.3812493327
10504.55927,2017-10-23 09:40:00,10360.199884423917,10346.894987374653,10388.667003672548
10802.18845,2017-10-23 09:50:00,10640.442040532364,10636.195496775948,10781.61934571583
11093.98176,2017-10-23 10:00:00,10997.299423438404,11011.324183158951,11113.010190787709
11263.22188,2017-10-23 10:10:00,11307.830718438689,11317.799339273686,11277.415563922526
11339.08815,2017-10-23 10:20:00,11454.833876445764,11459.30640625141,11445.70120851077
11385.77508,2017-10-23 10:30:00,11481.749312684662,11465.395387526176,11490.70208758167
11426.62614,2017-10-23 10:40:00,11488.691256884616,11469.109733451529,11486.105197775494
11344.92401,2017-10-23 10:50:00,11500.453416160395,11484.939719032822,11555.384804353986
11741.76292,2017-10-23 11:00:00,11295.61158443349,11287.685037497346,11412.197831411126
11811.79331,2017-10-23 11:10:00,11781.40308797852,11799.447656614782,11732.369901389517
12027.72036,2017-10-23 11:20:00,11844.751588607383,11860.438307899552,11971.66414419492
12121.09422,2017-10-23 11:30:00,12063.387179020301,12079.663016778684,12113.69497463064
12296.17021,2017-10-23 11:40:00,12131.364209244606,12137.201884050879,12173.48629747938
12319.51368,2017-10-23 11:50:00,12283.862497491358,12270.101081685,12337.507092109341
12517.93313,2017-10-23 12:00:00,12333.098337064217,12329.089240513407,12333.84953015207
12266.99088,2017-10-23 12:10:00,12534.068095215613,12528.345815727216,12590.56072110623
13247.41641,2017-10-23 12:20:00,12213.713688252017,12199.349831110325,12311.543231390136
13305.77508,2017-10-23 12:30:00,13357.756369539498,13384.66306477227,13410.339470942652
13177.38602,2017-10-23 12:40:00,13355.388322796603,13371.785047547675,13491.789494600995
13019.81763,2017-10-23 12:50:00,13128.058699081013,13116.6349577482,13342.73967531725
13002.31003,2017-10-23 13:00:00,12938.33263463982,12912.198151044495,13045.913621809765
12978.96657,2017-10-23 13:10:00,12858.664700287343,12795.751697863023,13043.03724073859
13002.31003,2017-10-23 13:20:00,12884.327175413768,12887.74613071145,12997.081852646445
12961.45897,2017-10-23 13:30:00,12935.112100047198,12950.356984167855,13005.059887450432
12885.59271,2017-10-23 13:40:00,12897.248363971155,12905.366589330497,12966.619501162339
12967.29483,2017-10-23 13:50:00,12822.626115054285,12819.75451478931,12935.207148885294
13054.83283,2017-10-23 14:00:00,12972.041452839105,12970.667161093806,12966.185742826832
13154.04255,2017-10-23 14:10:00,13067.512357637508,13069.319783965333,13104.639824347438
13189.05775,2017-10-23 14:20:00,13166.515291558917,13165.005950176877,13187.547360548342
12949.78723,2017-10-23 14:30:00,13191.924129167202,13184.25491034193,13205.715892145667
12932.27964,2017-10-23 14:40:00,12875.999322655025,12846.709233562437,12931.91194133758
12914.77204,2017-10-23 14:50:00,12861.026971638188,12837.853211582104,12927.794247742337
13019.81763,2017-10-23 15:00:00,12875.058675215441,12856.655767423963,12916.317730506049
13013.98176,2017-10-23 15:10:00,13023.033602397123,13021.59488804725,12971.09836087852
12955.6231,2017-10-23 15:20:00,13022.747663563554,13026.672689590854,12959.318985026157
12838.90578,2017-10-23 15:30:00,12930.785451241918,12913.401482985963,12929.714829272134
12774.71125,2017-10-23 15:40:00,12797.793468315132,12775.371675179433,12864.455363087813
12809.72644,2017-10-23 15:50:00,12717.46780442187,12691.987143001956,12739.081023893425
12891.42857,2017-10-23 16:00:00,12803.464572812292,12788.906832365985,12756.959099681057
12978.96657,2017-10-23 16:10:00,12903.192784399325,12894.885827389566,12869.300782287093
12792.21884,2017-10-23 16:20:00,13006.54364786742,12998.794709719143,12938.233320912826
12803.89058,2017-10-23 16:30:00,12780.148609792206,12756.35819747347,12742.300032653196
12897.26444,2017-10-23 16:40:00,12793.16520784055,12765.593638695766,12744.363176338169
13218.23708,2017-10-23 16:50:00,12909.048813840005,12888.09619915672,12882.287473631624
13194.89362,2017-10-23 17:00:00,13431.551921962484,13421.169468050963,13379.378496016045
13883.52584,2017-10-23 17:10:00,13416.336212150725,13407.759666604417,13425.236985852616
14630.51672,2017-10-23 17:20:00,14246.171331621883,14248.994961229466,14537.201448153784
16795.6231,2017-10-23 17:30:00,15178.05652483638,15198.547275521903,16192.276894213599
18202.06687,2017-10-23 17:40:00,17701.420351192315,17784.191077070296,18014.876915553432
19159.14894,2017-10-23 17:50:00,19164.56123314302,19243.75962615719,18673.062903212554
19532.64438,2017-10-23 18:00:00,19939.442626618937,19929.076631961674,19475.269691013287
19579.33131,2017-10-23 18:10:00,19998.48041652637,19912.63730186292,19690.750755427733
19520.97264,2017-10-23 18:20:00,19700.344776081558,19538.0431758043,19706.13995639583
19573.49544,2017-10-23 18:30:00,19513.728222794558,19415.113441692232,19609.52460283387
19439.27052,2017-10-23 18:40:00,19535.726664956197,19493.42929638803,19645.721356538827
19485.95745,2017-10-23 18:50:00,19383.640891053332,19383.52064478719,19449.844629307496
19369.24012,2017-10-23 19:00:00,19457.841130212473,19483.38084163335,19490.17009083852
19585.16717,2017-10-23 19:10:00,19326.259576532426,19348.33432690592,19385.73217541208
19392.58359,2017-10-23 19:20:00,19592.83883575559,19618.38862555742,19603.461002364656
19474.28571,2017-10-23 19:30:00,19359.18835514391,19365.723354582664,19390.902181869726
19526.80851,2017-10-23 19:40:00,19459.85270312659,19452.811921818036,19455.916007737596
19351.73252,2017-10-23 19:50:00,19507.917912912246,19498.603147233152,19477.322930754257
19013.25228,2017-10-23 20:00:00,19266.387133253345,19233.776543874264,19257.106036402918
18914.04255,2017-10-23 20:10:00,18890.98164758697,18866.553222404298,18815.345534731714
19036.59574,2017-10-23 20:20:00,18791.220678851514,18760.35881837537,18762.390388413078
19129.9696,2017-10-23 20:30:00,18982.365624950256,18976.108075788743,18833.852974335903
18995.74468,2017-10-23 20:40:00,19139.105433442834,19153.918835848493,19020.35351495674
18587.23404,2017-10-23 20:50:00,18983.43330487875,18985.474938954503,18802.999332132084
18318.78419,2017-10-23 21:00:00,18454.926650888785,18417.950072196963,18357.398266377175
18137.87234,2017-10-23 21:10:00,18147.660777640893,18100.738568564797,18072.81125345321
18032.82675,2017-10-23 21:20:00,17973.357015880025,17945.84806282897,17860.68626951691
17945.28875,2017-10-23 21:30:00,17904.5787993497,17902.04538905935,17718.388496496453
17805.22796,2017-10-23 21:40:00,17837.16371051021,17842.80895796675,17603.04412207242
17274.16413,2017-10-23 21:50:00,17683.797732008552,17671.106069466496,17538.150366002083
16976.53495,2017-10-23 22:00:00,16894.71400771316,16860.20593687726,16937.719714676467
16579.69605,2017-10-23 22:10:00,16591.432197779945,16556.228970125325,16657.90094081752
16445.47112,2017-10-23 22:20:00,16172.108935538057,16139.54113749626,16277.116680429343
16060.30395,2017-10-23 22:30:00,16095.796789288766,16085.047561063133,16136.677228918415
15756.83891,2017-10-23 22:40:00,15708.32210929647,15706.088535778188,15752.72779601282
14461.2766,2017-10-23 22:50:00,15410.216824005078,15392.601452804507,15457.437371775506
14391.2462,2017-10-23 23:00:00,13885.989598242722,13831.603294883518,14373.62670609001
14163.64742,2017-10-23 23:10:00,13940.669117634863,13912.085368777936,14233.775119695905
13941.8845,2017-10-23 23:20:00,13803.977730163393,13809.068247361873,13967.472765073207
13702.61398,2017-10-23 23:30:00,13659.52622149842,13677.492825240823,13728.164079912924
13375.80547,2017-10-23 23:40:00,13490.461514369228,13522.715046432118,13561.945943386112
12885.59271,2017-10-23 23:50:00,13120.265654877157,13073.552074740765,13191.241217027175
12547.11246,2017-10-24 00:00:00,12609.314247024238,12581.88614303416,12759.111693521629
12517.93313,2017-10-24 00:10:00,12286.290219435767,12265.492278728427,12403.547366818202
12348.69301,2017-10-24 00:20:00,12340.244828149502,12338.561006598058,12338.922359555261
12097.75076,2017-10-24 00:30:00,12217.94418554124,12225.393638791844,12224.252326308477
11946.01824,2017-10-24 00:40:00,11979.776925253842,11982.412656811328,11954.900603218237
11776.77812,2017-10-24 00:50:00,11846.229656639702,11838.26434335072,11861.647285475206
11549.17933,2017-10-24 01:00:00,11652.118187429029,11633.114419472704,11745.237117117511
11520.0,2017-10-24 01:10:00,11433.047882075793,11423.750373619796,11557.1006348181
11473.31307,2017-10-24 01:20:00,11441.761952818113,11440.33387509875,11573.576119994646
11379.93921,2017-10-24 01:30:00,11419.293841316066,11414.510682256061,11497.093846462049
11362.43161,2017-10-24 01:40:00,11333.038606338594,11327.53471635757,11417.19662674611
11263.22188,2017-10-24 01:50:00,11328.893970230289,11323.533140034939,11383.383650222317
11234.04255,2017-10-24 02:00:00,11165.3743461323,11148.039047668484,11284.30458836437
11146.50456,2017-10-24 02:10:00,11149.508293693885,11135.94397606065,11262.113225408255
11280.72948,2017-10-24 02:20:00,11056.97161281163,11043.74442672496,11175.044980254015
11058.96657,2017-10-24 02:30:00,11226.633221177446,11219.821697901727,11290.88336271844
11023.95137,2017-10-24 02:40:00,10970.816500167206,10958.05959943713,10998.271987486747
11123.16109,2017-10-24 02:50:00,10951.326987394632,10937.313729918638,10979.06694581277
11117.32523,2017-10-24 03:00:00,11060.549355950898,11057.763353735136,11104.835852238051
11128.99696,2017-10-24 03:10:00,11052.549808842243,11044.28652986504,11086.435103951382
10948.08511,2017-10-24 03:20:00,11083.681816523895,11089.239200469692,11121.646081206092
10784.68085,2017-10-24 03:30:00,10855.625645539589,10838.244819763215,10868.679718833411
10784.68085,2017-10-24 03:40:00,10660.476355270559,10637.140140122126,10658.6322046515
10848.87538,2017-10-24 03:50:00,10690.153272423679,10683.429385208437,10652.221972994115
10895.56231,2017-10-24 04:00:00,10767.519024689687,10774.088666504746,10783.778099026888
10773.00912,2017-10-24 04:10:00,10840.956483615351,10857.056619770146,10801.042245033805
10784.68085,2017-10-24 04:20:00,10698.26591387546,10697.86036047768,10632.636392925517
10808.02432,2017-10-24 04:30:00,10725.454086212976,10717.885741241738,10664.768043459851
10901.39818,2017-10-24 04:40:00,10751.149485763357,10745.10125567558,10684.75587289409
11257.38602,2017-10-24 04:50:00,10870.923127367656,10873.687226986105,10831.4800446915
11677.56839,2017-10-24 05:00:00,11275.847848283804,11298.868444216183,11132.21024976864
11601.70213,2017-10-24 05:10:00,11710.121274155339,11728.641333678961,11544.74257135147
11403.28267,2017-10-24 05:20:00,11541.700130072113,11536.01642174782,11481.746148746239
11304.07295,2017-10-24 05:30:00,11232.553709082586,11199.977283556906,11244.513978250518
11269.05775,2017-10-24 05:40:00,11068.08732810611,11022.993832177235,11125.377716804029
10924.74164,2017-10-24 05:50:00,11011.534848854248,10983.742102969774,10929.22500039129
10586.2614,2017-10-24 06:00:00,10617.12630777057,10614.880049105606,10485.76626332073
9897.629179,2017-10-24 06:10:00,10211.427212214992,10205.358336853722,10211.967557742068
9360.729483,2017-10-24 06:20:00,9408.783189717335,9382.331659512,9552.43877774116
8771.306991,2017-10-24 06:30:00,8829.087604962695,8809.12246956616,9123.70758535276
8380.303951,2017-10-24 06:40:00,8234.262976876895,8235.37061475927,8675.232324859193
8298.601824,2017-10-24 06:50:00,7917.429579535043,7932.837337642493,8324.985766850525
8251.914894,2017-10-24 07:00:00,8116.632670254674,8156.999980013337,8300.104833649873
8275.258359,2017-10-24 07:10:00,8185.621308666521,8219.209222887635,8349.706642839561
8479.513678,2017-10-24 07:20:00,8303.384404951068,8331.260235927555,8402.44495003919
8718.784195,2017-10-24 07:30:00,8583.411113562945,8592.493924005503,8562.3137462342
8835.50152,2017-10-24 07:40:00,8860.405222392055,8851.29224363662,8746.813765788915
8858.844985,2017-10-24 07:50:00,8942.703052885672,8923.32671654921,8942.879373454505
9033.920973,2017-10-24 08:00:00,8944.116964828872,8912.341820415786,9023.570538905706
9115.6231,2017-10-24 08:10:00,9156.77101579698,9127.28143359207,9171.896848022276
9185.653495,2017-10-24 08:20:00,9237.604516308953,9215.480358027158,9336.018344002847
9424.924012,2017-10-24 08:30:00,9307.974643793114,9298.446061614362,9391.962957455951
9535.805471,2017-10-24 08:40:00,9570.288878171777,9571.532751033028,9569.618696947833
9529.969605,2017-10-24 08:50:00,9666.891192338198,9660.733895230878,9714.217306887209
9588.328267,2017-10-24 09:00:00,9661.513318541633,9654.833238027088,9816.977469482967
9757.568389,2017-10-24 09:10:00,9711.540355889214,9701.791937290283,9874.276471067165
9891.793313,2017-10-24 09:20:00,9901.392668375676,9892.433361218307,9998.903841466561
9938.480243,2017-10-24 09:30:00,10045.870562959251,10047.72215551926,10075.198537820805
10189.42249,2017-10-24 09:40:00,10094.792337959385,10097.340277769696,10146.938562120542
10224.43769,2017-10-24 09:50:00,10381.166779864983,10384.795172901839,10387.333379800726
10417.02128,2017-10-24 10:00:00,10421.09286197276,10414.478730160215,10468.073380699123
10504.55927,2017-10-24 10:10:00,10631.05923837607,10631.825477990433,10646.377994913066
10656.29179,2017-10-24 10:20:00,10705.644671799197,10705.315281968038,10795.537249770641
10837.20365,2017-10-24 10:30:00,10850.054344990767,10843.405483694176,11112.110641818515
10971.42857,2017-10-24 10:40:00,11039.897311926788,11044.46651010189,11106.173831963393
10942.24924,2017-10-24 10:50:00,11144.957496599796,11141.11170267647,11162.899088306147
11595.86626,2017-10-24 11:00:00,10998.030569150322,10995.570689823084,11124.822610159279
11864.31611,2017-10-24 11:10:00,11743.721892855268,11761.921123403625,11650.379169496684
11922.67477,2017-10-24 11:20:00,12000.756805415363,12016.220815425038,12014.545156625136
12010.21277,2017-10-24 11:30:00,11994.954991298697,11998.264896821114,12037.16147098924
12074.40729,2017-10-24 11:40:00,12039.680624286617,12029.90415414975,12113.665021584718
12272.82675,2017-10-24 11:50:00,12036.79911357212,11999.583340346335,12142.28484751112
12156.10942,2017-10-24 12:00:00,12307.901451925063,12305.734657974719,12352.394952336841
12383.70821,2017-10-24 12:10:00,12134.86736350832,12133.05692503862,12203.570267735773
12383.70821,2017-10-24 12:20:00,12440.954614590592,12449.274376034911,12496.51340815574
12383.70821,2017-10-24 12:30:00,12416.862793192713,12420.296734832533,12507.688256042646
12220.30395,2017-10-24 12:40:00,12389.593850099587,12387.482586758953,12501.19505299705
12372.03647,2017-10-24 12:50:00,12186.586250734235,12187.921634077778,12276.75968982827
12687.17325,2017-10-24 13:00:00,12394.487911080185,12385.865352005294,12453.408982545212
12722.18845,2017-10-24 13:10:00,12766.029286652072,12782.113084578947,12795.118936115596
12850.57751,2017-10-24 13:20:00,12789.193060292027,12800.170759997472,12849.877915649033
12663.82979,2017-10-24 13:30:00,12902.828208446555,12908.43647927233,12980.867002525518
12494.58967,2017-10-24 13:40:00,12628.161299863412,12599.539311464756,12806.294121717629
12447.90274,2017-10-24 13:50:00,12418.799908448276,12385.152449826548,12529.958297390214
12541.2766,2017-10-24 14:00:00,12424.431932953768,12412.386031894337,12488.108078606778
12471.2462,2017-10-24 14:10:00,12559.252350509654,12558.631979217535,12684.16738867438
12412.88754,2017-10-24 14:20:00,12502.05005178662,12514.948267559263,12507.035960383508
12342.85714,2017-10-24 14:30:00,12438.222992010007,12440.614850787842,12437.725543593988
12453.7386,2017-10-24 14:40:00,12358.279384258341,12350.447467747246,12346.551323073212
12401.21581,2017-10-24 14:50:00,12496.565312140476,12491.975422533575,12434.334893328421
12453.7386,2017-10-24 15:00:00,12472.01122783541,12468.479371326359,12428.975929099603
12372.03647,2017-10-24 15:10:00,12539.070013113815,12534.450908319834,12438.8167852116
12214.46809,2017-10-24 15:20:00,12426.867933376847,12412.042649888157,12418.668579656056
12097.75076,2017-10-24 15:30:00,12228.023149583007,12202.974938292886,12207.11329837623
12132.76596,2017-10-24 15:40:00,12110.484104790561,12096.184256372691,12081.660452388529
12173.61702,2017-10-24 15:50:00,12174.48132189045,12166.2518414884,12100.41977254767
12307.84195,2017-10-24 16:00:00,12272.223825140594,12273.335296199208,12163.824105743815
12302.00608,2017-10-24 16:10:00,12444.728498281103,12450.746682009096,12343.083844665738
12132.76596,2017-10-24 16:20:00,12416.785582219767,12409.192447657606,12339.529412353693
12302.00608,2017-10-24 16:30:00,12199.872187869118,12173.590421539466,12141.235841560017
12558.78419,2017-10-24 16:40:00,12408.00824850228,12390.4485286883,12342.942269003825
12798.05471,2017-10-24 16:50:00,12719.031732986665,12713.294433143266,12686.57084184289
13189.05775,2017-10-24 17:00:00,13121.795374536836,13120.691203903469,12946.6293748513
13749.30091,2017-10-24 17:10:00,13585.971603425774,13592.672481536914,13610.89296977765
14823.1003,2017-10-24 17:20:00,14212.200324762573,14210.171980418245,14461.012986499016
16626.38298,2017-10-24 17:30:00,15524.960767160817,15556.306777060818,16328.444125346907
18067.84195,2017-10-24 17:40:00,17581.38921942304,17655.791951050316,17735.61821410338
18803.16109,2017-10-24 17:50:00,19056.878414824605,19115.937110267518,18781.19043003503
19106.62614,2017-10-24 18:00:00,19586.439813196117,19575.748206160973,19366.460604378335
19293.37386,2017-10-24 18:10:00,19578.539358772636,19487.297502669953,19389.367099945513
19398.41945,2017-10-24 18:20:00,19505.434051746917,19379.975580527396,19474.214695066974
19316.71733,2017-10-24 18:30:00,19501.85301529524,19425.391514651343,19537.431436011033
19316.71733,2017-10-24 18:40:00,19354.17571459517,19329.136740315247,19441.455036210165
19351.73252,2017-10-24 18:50:00,19346.61505213164,19353.585039813428,19441.27762280024
19287.53799,2017-10-24 19:00:00,19372.73055444226,19389.052844060883,19411.22645168262
19305.04559,2017-10-24 19:10:00,19310.72773472148,19332.261351129964,19375.2964944425
19159.14894,2017-10-24 19:20:00,19332.398704470976,19356.384768430846,19378.593201460764
19281.70213,2017-10-24 19:30:00,19159.612275190662,19161.396921508305,19246.32551763377
19258.35866,2017-10-24 19:40:00,19320.183412504884,19321.5076984907,19343.788269854496
19293.37386,2017-10-24 19:50:00,19282.627402424325,19280.82927218022,19298.257000326903
19229.17933,2017-10-24 20:00:00,19290.309723262893,19280.475947939787,19189.47831720322
19217.5076,2017-10-24 20:10:00,19212.591128596367,19200.34260969353,19151.853953723832
19153.31307,2017-10-24 20:20:00,19194.44460784709,19170.056257957418,19122.438262646443
19147.4772,2017-10-24 20:30:00,19131.492773029,19115.3260157193,19039.96208982973
18943.22188,2017-10-24 20:40:00,19128.040467758437,19112.62922904359,19062.56220937108
18762.31003,2017-10-24 20:50:00,18871.442983249344,18852.351980401214,18816.070966532
18721.45897,2017-10-24 21:00:00,18634.253912296568,18609.061333057398,18551.41352584226
18453.00912,2017-10-24 21:10:00,18607.34456536199,18590.485475013837,18456.96625777301
18593.06991,2017-10-24 21:20:00,18308.83233266226,18288.969621320364,18227.845267238306
18435.50152,2017-10-24 21:30:00,18516.555043659224,18517.175683462592,18340.104345556938
18003.64742,2017-10-24 21:40:00,18333.542381356983,18321.360413139577,18145.907102702666
17595.13678,2017-10-24 21:50:00,17800.978422085896,17765.514964604965,17662.250108768585
17215.80547,2017-10-24 22:00:00,17180.924215954077,17147.337040860228,17210.006214716726
16848.1459,2017-10-24 22:10:00,16763.896823179475,16718.78143617695,16887.019671571845
16527.17325,2017-10-24 22:20:00,16419.3168905073,16404.48612770553,16515.46492538006
16229.54407,2017-10-24 22:30:00,16129.098647944575,16129.781388350108,16182.453869544815
15669.30091,2017-10-24 22:40:00,15857.214806184827,15854.452063399081,15954.36341054369
15254.95441,2017-10-24 22:50:00,15212.335337617315,15190.751261228997,15399.450251665772
14951.48936,2017-10-24 23:00:00,14783.870602652927,14760.102124903897,14963.470150786941
14496.29179,2017-10-24 23:10:00,14521.75353772204,14503.123172564096,14600.70407470927
14146.13982,2017-10-24 23:20:00,14076.862550155722,14057.342023693976,14170.614822013384
13971.06383,2017-10-24 23:30:00,13770.55448143332,13761.441465035818,13908.864830595498
13766.80851,2017-10-24 23:40:00,13645.376116569945,13631.29659412334,13698.69559054118
13603.40426,2017-10-24 23:50:00,13463.236005584406,13446.285979957564,13606.527656839236
13492.5228,2017-10-25 00:00:00,13356.346878475188,13359.499631876844,13386.830536239606
12943.95137,2017-10-25 00:10:00,13281.442647961627,13274.04019391015,13292.646706956964
12833.06991,2017-10-25 00:20:00,12658.512885685821,12625.120498045364,12789.574016815834
12622.97872,2017-10-25 00:30:00,12585.786117250931,12564.0383736156,12617.58187007264
12453.7386,2017-10-25 00:40:00,12390.748845548733,12374.209192934679,12411.017896284817
12045.22796,2017-10-25 00:50:00,12251.988157273134,12245.24443191115,12222.903188488664
11951.8541,2017-10-25 01:00:00,11799.252374449625,11799.108269590139,11839.332362175446
11811.79331,2017-10-25 01:10:00,11744.34613335331,11729.794408138643,11807.038433975775
11514.16413,2017-10-25 01:20:00,11636.452182618645,11633.280929750912,11714.2244550618
11175.68389,2017-10-25 01:30:00,11333.160005738198,11325.898146765605,11461.394119271385
10959.75684,2017-10-25 01:40:00,10996.486174829693,10990.396175085516,11186.969481986449
10913.06991,2017-10-25 01:50:00,10786.912255875126,10768.069781759867,10874.224785639502
10977.26444,2017-10-25 02:00:00,10762.029394496702,10762.262530067073,10819.759222266839
10825.53191,2017-10-25 02:10:00,10902.323962497787,10921.637163794328,10854.934146794732
10644.62006,2017-10-25 02:20:00,10766.122522118752,10774.272277340056,10763.099627457841
10650.45593,2017-10-25 02:30:00,10559.278836023903,10546.858481076688,10632.065825060894
10627.11246,2017-10-25 02:40:00,10584.791076095717,10567.357229695543,10635.424111059516
10662.12766,2017-10-25 02:50:00,10584.57133629367,10573.478326816225,10604.77447283806
10621.2766,2017-10-25 03:00:00,10625.399397344594,10631.59666956979,10671.522303221478
10551.2462,2017-10-25 03:10:00,10588.690681976193,10588.080575917102,10577.073026013079
10551.2462,2017-10-25 03:20:00,10495.29975404479,10481.687258060192,10539.766807363168
10498.7234,2017-10-25 03:30:00,10493.329643309211,10484.076006041076,10530.520877926676
10586.2614,2017-10-25 03:40:00,10435.115254133685,10425.70267670108,10347.373667571987
10667.96353,2017-10-25 03:50:00,10556.34371870095,10557.422939964348,10594.154044649515
10667.96353,2017-10-25 04:00:00,10633.880668027168,10638.55558697928,10628.662508833695
10662.12766,2017-10-25 04:10:00,10616.576085597462,10614.281886891937,10640.133013754186
10749.66565,2017-10-25 04:20:00,10602.709631025431,10598.589356805922,10635.000545869341
10732.15805,2017-10-25 04:30:00,10696.822332123193,10689.04788424566,10616.103558460365
10860.54711,2017-10-25 04:40:00,10669.13696286213,10662.392921705934,10577.673819481794
11029.78723,2017-10-25 04:50:00,10838.217805065888,10841.782058043322,10842.279590047861
11239.87842,2017-10-25 05:00:00,11028.23122733894,11038.197234003233,10838.312998166344
11251.55015,2017-10-25 05:10:00,11237.19942426309,11245.663737998619,11112.708259066992
11146.50456,2017-10-25 05:20:00,11202.388045940766,11203.709902378894,11135.37198817472
11169.84802,2017-10-25 05:30:00,11028.442723816708,11010.75367533525,11027.324810195674
11058.96657,2017-10-25 05:40:00,11033.920189032338,11016.683371276553,11063.948582386185
10889.72644,2017-10-25 05:50:00,10875.344591648896,10858.454611899078,10819.753139444758
10644.62006,2017-10-25 06:00:00,10664.573911103478,10660.164582231893,10547.669131125373
10136.8997,2017-10-25 06:10:00,10349.197925874825,10341.651121057024,10259.55172116022
9500.790274,2017-10-25 06:20:00,9740.240298369712,9716.422041882557,9800.742783481046
8917.203647,2017-10-25 06:30:00,9013.238036833996,8990.576834672434,9359.270484249171
8450.334347,2017-10-25 06:40:00,8399.650192831607,8384.627432936042,8784.099070803268
8187.720365,2017-10-25 06:50:00,7982.975709560827,7988.319223732944,8373.77812608404
8146.869301,2017-10-25 07:00:00,7965.179590097965,7996.4020969459325,8304.136577847315
8234.407295,2017-10-25 07:10:00,8064.542041217359,8109.472874933759,8315.411036555148
8333.617021,2017-10-25 07:20:00,8280.178679941748,8321.099086765973,8408.614040702683
8386.139818,2017-10-25 07:30:00,8457.8303456217,8480.698158871408,8501.557687914063
8537.87234,2017-10-25 07:40:00,8529.507059256444,8526.749313621913,8553.724507564071
8572.887538,2017-10-25 07:50:00,8678.909204336369,8660.242271165167,8662.961485961663
8788.81459,2017-10-25 08:00:00,8709.968705625193,8683.980736525336,8685.548337115022
9033.920973,2017-10-25 08:10:00,8963.058114414094,8948.900871745342,8909.39880034382
9238.176292,2017-10-25 08:20:00,9228.280960278185,9223.694239737364,9163.88315999729
9389.908815,2017-10-25 08:30:00,9434.580188804557,9430.877307637324,9441.420794913009
9483.282675,2017-10-25 08:40:00,9569.10783905367,9566.377121878497,9508.343886418954
9687.537994,2017-10-25 08:50:00,9620.164115380332,9604.879450593719,9667.017774995833
9757.568389,2017-10-25 09:00:00,9842.450431578729,9832.18150301896,9896.752225214286
9868.449848,2017-10-25 09:10:00,9891.537888421486,9882.372590231274,9996.492191281379
10072.70517,2017-10-25 09:20:00,9999.900703382667,9994.959027681622,10039.82204605817
10224.43769,2017-10-25 09:30:00,10212.458338275195,10212.979390027573,10241.84625865172
10457.87234,2017-10-25 09:40:00,10366.826469684547,10364.784191566407,10413.594998799374
10662.12766,2017-10-25 09:50:00,10615.9568518081,10623.21381024012,10658.445934801579
10843.03951,2017-10-25 10:00:00,10848.461585729678,10850.9614282894,11129.717008121437
10953.92097,2017-10-25 10:10:00,11008.860859097545,11004.310875135794,11177.697515249782
11047.29483,2017-10-25 10:20:00,11090.362152733365,11081.507497935338,11190.684289988194
11280.72948,2017-10-25 10:30:00,11163.943038010984,11149.146529384801,11287.629737800302
11251.55015,2017-10-25 10:40:00,11409.432886608825,11402.401148467932,11439.911282210414
11274.89362,2017-10-25 10:50:00,11333.384148169785,11320.297534987454,11435.483752356826
11152.34043,2017-10-25 11:00:00,11276.150515693222,11270.266058427002,11430.2285367908
11327.41641,2017-10-25 11:10:00,11127.390223617884,11115.05301343559,11410.743073574653
11811.79331,2017-10-25 11:20:00,11345.835648637958,11344.829138349469,11439.13897226773
11928.51064,2017-10-25 11:30:00,11926.983240451162,11960.116888220378,11965.312236521075
12039.3921,2017-10-25 11:40:00,12026.066485913521,12047.350358518957,12068.048182696202
12115.25836,2017-10-25 11:50:00,12115.21751866156,12125.448653668387,12127.3397595348
12167.78116,2017-10-25 12:00:00,12159.332020419595,12138.083612197603,12184.494072757909
12360.36474,2017-10-25 12:10:00,12175.60791502219,12146.845887411462,12251.633579707088
12611.30699,2017-10-25 12:20:00,12412.952735326011,12414.759211076353,12475.369849401177
12576.29179,2017-10-25 12:30:00,12678.857235259386,12685.828222284406,12822.752710132097
12412.88754,2017-10-25 12:40:00,12579.019592400275,12575.098676573405,12762.313137324702
12377.87234,2017-10-25 12:50:00,12368.035854109043,12352.748192952253,12521.49743601936
12383.70821,2017-10-25 13:00:00,12360.347077973567,12340.988535468281,12431.732334506618
12307.84195,2017-10-25 13:10:00,12371.490902977317,12363.871122435614,12431.026671907455
12284.49848,2017-10-25 13:20:00,12311.669842364714,12321.587166932477,12312.003790883122
12360.36474,2017-10-25 13:30:00,12290.077620517955,12301.91854937069,12302.366897685553
12156.10942,2017-10-25 13:40:00,12377.738403029889,12383.169138808868,12400.327280986912
12231.97568,2017-10-25 13:50:00,12133.463946841519,12128.93927679669,12116.127772335725
12202.79635,2017-10-25 14:00:00,12279.257404670849,12280.272462025216,12197.63189242811
12348.69301,2017-10-25 14:10:00,12244.734877516392,12237.54857167866,12168.836211066338
12395.37994,2017-10-25 14:20:00,12420.130749201533,12417.300395326187,12381.654276528048
12418.7234,2017-10-25 14:30:00,12469.43213467324,12473.263998824661,12445.124306371252
12354.52888,2017-10-25 14:40:00,12478.615173965763,12465.238098066857,12469.96795988913
12331.18541,2017-10-25 14:50:00,12387.982195687337,12371.892961216381,12393.740295624048
12529.60486,2017-10-25 15:00:00,12379.791636950944,12353.631888173772,12330.07184080135
12745.53191,2017-10-25 15:10:00,12616.027393580618,12607.506523235552,12602.242951658274
12693.00912,2017-10-25 15:20:00,12850.904176625689,12850.731299797804,12844.990441643511
12471.2462,2017-10-25 15:30:00,12752.03815899124,12742.414038187719,12779.855263832422
12290.33435,2017-10-25 15:40:00,12464.037087472683,12434.65241022679,12511.823453875497
12261.15502,2017-10-25 15:50:00,12239.526452546805,12197.613128335375,12313.599811681524
12407.05167,2017-10-25 16:00:00,12254.261868686583,12227.652338663667,12268.544498734682
12389.54407,2017-10-25 16:10:00,12470.49528827651,12475.104493406667,12433.920625916893
12342.85714,2017-10-25 16:20:00,12460.86999716883,12466.876805797969,12411.425879648414
12482.91793,2017-10-25 16:30:00,12418.822018386802,12410.333140478602,12326.507216150687
12617.14286,2017-10-25 16:40:00,12591.58564162374,12577.010483983744,12507.064115028008
12873.92097,2017-10-25 16:50:00,12750.46971238785,12735.346286900985,12761.481047236566
13381.64134,2017-10-25 17:00:00,13200.828767451356,13193.86154096675,13087.839896880254
14023.58663,2017-10-25 17:10:00,13803.643426225677,13806.757568718322,13946.536569022383
15097.38602,2017-10-25 17:20:00,14548.02710523961,14555.068804649654,15047.277472752257
16970.69909,2017-10-25 17:30:00,15836.831038825034,15872.394238749976,16876.9529569761
18295.44073,2017-10-25 17:40:00,17954.467464107118,18023.741863157156,18184.304042128886
19083.28267,2017-10-25 17:50:00,19257.600944166945,19300.026921706707,18864.754386346594
19900.30395,2017-10-25 18:00:00,19844.112232889514,19824.76495038368,19346.22256758086
20192.09726,2017-10-25 18:10:00,20449.310909369608,20375.733290805787,19930.918807477436
20046.20061,2017-10-25 18:20:00,20468.770786859757,20352.623752260806,20210.553830478326
19637.68997,2017-10-25 18:30:00,20116.820406424675,20029.717710543053,19946.717005010243
19532.64438,2017-10-25 18:40:00,19547.981972937632,19482.442953312944,19736.685848533456
19421.76292,2017-10-25 18:50:00,19415.27948407256,19379.552727094248,19591.000842650054
19561.82371,2017-10-25 19:00:00,19324.3402999034,19339.988002709008,19437.42506296579
19684.3769,2017-10-25 19:10:00,19563.150026491676,19619.376137934716,19578.548002422966
19649.3617,2017-10-25 19:20:00,19733.30782266844,19788.0490316724,19706.067171161565
19573.49544,2017-10-25 19:30:00,19689.720164786144,19702.462559826356,19673.358709314452
19573.49544,2017-10-25 19:40:00,19587.483736938462,19578.70019566036,19580.665928215552
19620.18237,2017-10-25 19:50:00,19570.46267005915,19545.23287647593,19543.196596908994
19579.33131,2017-10-25 20:00:00,19603.4014087896,19580.125595555797,19463.920685572262
19468.44985,2017-10-25 20:10:00,19560.325059738178,19543.069439878418,19400.27035972841
19386.74772,2017-10-25 20:20:00,19432.173803895905,19411.21224102901,19327.675702752003
19380.91185,2017-10-25 20:30:00,19342.322921180952,19319.03910244336,19277.403995981054
19445.10638,2017-10-25 20:40:00,19335.47984590981,19316.331447814166,19249.4558425419
19380.91185,2017-10-25 20:50:00,19413.089667456738,19404.45466937651,19296.700513039064
19036.59574,2017-10-25 21:00:00,19316.03267532353,19302.40680111383,19130.423625907566
18703.95137,2017-10-25 21:10:00,18890.66488141151,18856.92570040076,18764.827503357872
18523.03951,2017-10-25 21:20:00,18522.066479812365,18480.649616089144,18478.118248361905
18342.12766,2017-10-25 21:30:00,18346.391465633096,18315.174132498054,18293.599483905055
18009.48328,2017-10-25 21:40:00,18176.707615449886,18164.403678192335,18071.682648280217
17735.19757,2017-10-25 21:50:00,17826.616875798427,17820.637051068246,17686.44395427188
17315.0152,2017-10-25 22:00:00,17388.272469185747,17376.090458849223,17315.28944753159
16813.1307,2017-10-25 22:10:00,16926.36243466051,16899.407902050498,17005.780469041216
16480.48632,2017-10-25 22:20:00,16395.75309201266,16368.147889317048,16474.414695967873
16147.84195,2017-10-25 22:30:00,16088.388258141995,16073.403899188868,16190.772453891663
15523.40426,2017-10-25 22:40:00,15766.858229325393,15752.473996367935,15845.661516576538
14572.15805,2017-10-25 22:50:00,15089.500562389201,15069.750778449596,15256.942211310727
14081.94529,2017-10-25 23:00:00,14032.25344093224,13996.024493521869,14322.524343903715
13831.00304,2017-10-25 23:10:00,13578.616975798232,13547.951004527933,13934.580243705208
13696.77812,2017-10-25 23:20:00,13434.040855065172,13432.209932662823,13607.184423675619
13486.68693,2017-10-25 23:30:00,13435.270993603826,13464.351934425998,13590.276796324846
13253.25228,2017-10-25 23:40:00,13301.904798056508,13327.053055554701,13367.51809199518
13078.17629,2017-10-25 23:50:00,13075.046728487758,13054.015449445882,13163.76671567626
12868.08511,2017-10-26 00:00:00,12915.33303414271,12890.677397475962,12942.800527960564
12873.92097,2017-10-26 00:10:00,12688.028897520704,12658.743283494226,12760.534693895797
12716.35258,2017-10-26 00:20:00,12747.449077414483,12731.661190111228,12757.343409277617
12599.63526,2017-10-26 00:30:00,12587.545174973666,12567.849794708065,12616.410790426975
12366.20061,2017-10-26 00:40:00,12474.012682457746,12450.870231816434,12430.784823516758
12068.57143,2017-10-26 00:50:00,12204.221222897813,12176.796747956985,12230.906063356195
11946.01824,2017-10-26 01:00:00,11837.037381568905,11801.352488401142,11953.536484728867
11840.97264,2017-10-26 01:10:00,11744.468949152097,11726.268948514271,11817.812484043327
11770.94225,2017-10-26 01:20:00,11659.165527677807,11645.454594762945,11710.380095046125
11595.86626,2017-10-26 01:30:00,11612.940469231118,11607.595493444569,11651.710569950903
11455.80547,2017-10-26 01:40:00,11435.502444726531,11423.339157210758,11550.070560891063
11344.92401,2017-10-26 01:50:00,11295.248028423184,11270.52976050143,11368.478849019246
11251.55015,2017-10-26 02:00:00,11167.83170389756,11146.950793470533,11268.199722222178
11222.37082,2017-10-26 02:10:00,11082.57590738871,11062.949806118067,11120.57461402089
11234.04255,2017-10-26 02:20:00,11080.320245502098,11068.592422447598,11043.186436876786
11070.6383,2017-10-26 02:30:00,11116.585515241968,11102.937851518243,11020.89485553811
11082.31003,2017-10-26 02:40:00,10935.445738738108,10913.160738213084,10865.387870264642
11076.47416,2017-10-26 02:50:00,10972.903727674082,10952.776125166776,10884.01991666659
11105.6535,2017-10-26 03:00:00,10945.82071266968,10926.565374769692,10853.079889544562
11029.78723,2017-10-26 03:10:00,10987.728107582381,10971.83962975798,10858.545014686073
11123.16109,2017-10-26 03:20:00,10904.958985286406,10889.924380625245,10795.663097778055
11035.6231,2017-10-26 03:30:00,11009.612007295727,10988.819439960034,10864.418981937933
10983.1003,2017-10-26 03:40:00,10907.520369869235,10884.514549520854,10799.009274043432
10988.93617,2017-10-26 03:50:00,10853.436291511814,10830.442255189122,10753.660009137291
11058.96657,2017-10-26 04:00:00,10848.748992566878,10834.352267877086,10785.585763347395
11111.48936,2017-10-26 04:10:00,10930.361083073334,10914.456095870846,10822.735451548393
11076.47416,2017-10-26 04:20:00,11005.686063178327,10999.697560195324,10887.339865250431
11093.98176,2017-10-26 04:30:00,10956.451132551061,10942.32589077702,10847.150878483963
11146.50456,2017-10-26 04:40:00,10976.725061602594,10958.326026392537,10931.835204712617
11344.92401,2017-10-26 04:50:00,11047.349738035256,11030.571915200342,11082.937001793287
11473.31307,2017-10-26 05:00:00,11281.380700268764,11279.144721974822,11195.836009467566
11385.77508,2017-10-26 05:10:00,11413.7705053371,11414.847065612052,11369.802044815004
11210.69909,2017-10-26 05:20:00,11267.959616494534,11251.84079761455,11218.11784158703
11006.44377,2017-10-26 05:30:00,11038.05409201012,11009.279992982172,11097.269527375676
10848.87538,2017-10-26 05:40:00,10784.591035097745,10749.812062675872,10824.580615013138
10913.06991,2017-10-26 05:50:00,10610.613608452164,10590.205654192046,10609.213240023546
10872.21884,2017-10-26 06:00:00,10710.982743883773,10717.413291725943,10518.963997832849
10393.67781,2017-10-26 06:10:00,10656.097493365107,10662.70178977255,10414.516196580897
9710.881459,2017-10-26 06:20:00,10062.711945275332,10044.570761203711,9935.146829074092
9121.458967,2017-10-26 06:30:00,9243.730680158902,9199.00175225285,9495.400052418776
8602.066869,2017-10-26 06:40:00,8587.186164818619,8536.846444642857,9103.191825004855
8426.990881,2017-10-26 06:50:00,8089.293708517987,8067.479375967059,8447.875392958675
8485.349544,2017-10-26 07:00:00,8183.914154444541,8207.379244773616,8407.055542693915
8485.349544,2017-10-26 07:10:00,8405.440841609423,8449.18202656532,8435.054216812538
8572.887538,2017-10-26 07:20:00,8501.95037459709,8532.01895348527,8522.117966586831
8829.665653,2017-10-26 07:30:00,8656.000727427834,8667.25438796311,8680.424188146972
8987.234043,2017-10-26 07:40:00,8963.926093311835,8952.614112336116,8945.239499124584
9483.282675,2017-10-26 07:50:00,9114.928014641551,9088.172083492887,9054.212789098854
9833.43465,2017-10-26 08:00:00,9686.182180616135,9673.38137272662,9580.710943248188
9979.331307,2017-10-26 08:10:00,10033.786947755001,10014.589172861983,9846.774842646128
10107.72036,2017-10-26 08:20:00,10120.998254660855,10086.711757388039,9994.284695344037
10417.02128,2017-10-26 08:30:00,10205.644558181608,10168.51113092143,10193.711821690471
9967.659574,2017-10-26 08:40:00,10497.719506960999,10458.046245922294,10487.673371095567
9267.355623,2017-10-26 08:50:00,9922.620823167532,9875.016331129988,10126.842831060952
9261.519757,2017-10-26 09:00:00,9111.923959021937,9057.799200180663,9561.772486297203
8998.905775,2017-10-26 09:10:00,9172.592254149811,9147.959742213308,9537.310840799786
8963.890578,2017-10-26 09:20:00,8941.005005109417,8937.872984287531,9265.45509539027
9092.279635,2017-10-26 09:30:00,9027.31489318102,9078.697877957678,9227.749521598053
9185.653495,2017-10-26 09:40:00,9271.637090827639,9323.028944912636,9352.79482662559
9092.279635,2017-10-26 09:50:00,9396.34346033115,9405.744471063868,9409.635582322539
9144.802432,2017-10-26 10:00:00,9330.18221012401,9336.182992611735,9380.431682773744
9279.027356,2017-10-26 10:10:00,9385.531433243603,9373.590853879632,9466.344977531668
9424.924012,2017-10-26 10:20:00,9535.951065463261,9522.436138885674,9628.114144263991
9442.431611,2017-10-26 10:30:00,9711.957739867754,9707.240576870452,9775.121883662232
9465.775076,2017-10-26 10:40:00,9717.18944878251,9716.36530312671,9795.31466100863
9868.449848,2017-10-26 10:50:00,9715.265937640703,9705.059777024511,9789.20878381173
10136.8997,2017-10-26 11:00:00,10074.479663838294,10079.214412807887,9996.232255702656
10247.78116,2017-10-26 11:10:00,10361.127900161595,10373.51995227315,10328.761362626512
10352.82675,2017-10-26 11:20:00,10467.114792702461,10477.944305558856,10482.830563815785
10457.87234,2017-10-26 11:30:00,10536.996240132981,10532.426867007918,10593.677144077015
10504.55927,2017-10-26 11:40:00,10604.028227110044,10582.472111864601,10721.242006060673
10580.42553,2017-10-26 11:50:00,10636.117390951775,10628.620410352727,10815.100326122167
10609.60486,2017-10-26 12:00:00,10733.668538455247,10734.411072269435,11027.39501485337
10796.35258,2017-10-26 12:10:00,10756.642800632322,10757.095958523583,11091.959640363795
10965.59271,2017-10-26 12:20:00,10975.574228786221,10984.113492864004,11134.435234877772
10942.24924,2017-10-26 12:30:00,11147.260041067824,11160.598146964214,11131.911086179358
10878.05471,2017-10-26 12:40:00,11070.702289176694,11072.764662423131,11102.783308230668
11111.48936,2017-10-26 12:50:00,10974.25127248697,10966.899838519093,11035.490464909457
11146.50456,2017-10-26 13:00:00,11265.15566436914,11257.048015670924,11302.169134143873
11239.87842,2017-10-26 13:10:00,11289.327115060525,11286.19534869945,11407.382016619693
11315.74468,2017-10-26 13:20:00,11396.93070341833,11404.89218174326,11394.612820747117
11280.72948,2017-10-26 13:30:00,11463.75865792853,11465.238539905316,11414.616630617786
11228.20669,2017-10-26 13:40:00,11371.58962300878,11354.954809687919,11418.816718821494
11140.66869,2017-10-26 13:50:00,11307.137280483264,11298.9492409322,11408.57782272364
11000.6079,2017-10-26 14:00:00,11228.43474539107,11214.46081804246,11391.191763223645
10971.42857,2017-10-26 14:10:00,11077.188643879714,11066.973746609132,11121.225187621016
10930.57751,2017-10-26 14:20:00,11068.25656515297,11069.796229650425,11101.447809467523
11058.96657,2017-10-26 14:30:00,11041.5422007015,11047.652961182092,11048.267576226497
11140.66869,2017-10-26 14:40:00,11214.9232831885,11230.538332183587,11195.801036982919
11164.01216,2017-10-26 14:50:00,11314.629498573504,11328.19796497211,11383.18904780889
11403.28267,2017-10-26 15:00:00,11362.577020041655,11361.877091752303,11401.46994196992
11584.19453,2017-10-26 15:10:00,11636.214766436364,11638.731803633427,11507.954242490963
11479.14894,2017-10-26 15:20:00,11803.952382770785,11798.283188405336,11690.459701075275
11531.67173,2017-10-26 15:30:00,11629.723391100775,11614.178179305238,11610.266645590606
11537.5076,2017-10-26 15:40:00,11659.580634843187,11642.39754279085,11631.60408371506
11537.5076,2017-10-26 15:50:00,11639.203147647964,11614.880159261915,11619.708075494982
11496.65653,2017-10-26 16:00:00,11667.433982799124,11653.141939460884,11623.928318175087
11438.29787,2017-10-26 16:10:00,11627.732108699045,11625.030045825117,11603.467164538699
11479.14894,2017-10-26 16:20:00,11548.120228335101,11535.701750180046,11539.484925260742
11479.14894,2017-10-26 16:30:00,11616.198425367576,11611.281309782116,11590.18652443003
11712.58359,2017-10-26 16:40:00,11632.6088724289,11630.199238670977,11593.362904178184
11963.52584,2017-10-26 16:50:00,11931.72197288302,11941.91364461293,11744.233914114571
13463.34347,2017-10-26 17:00:00,12382.673917734726,12389.537296608483,12209.220790383846
14099.45289,2017-10-26 17:10:00,14144.535515522788,14199.352227409881,13981.80374545179
15202.43161,2017-10-26 17:20:00,14814.853082838643,14856.927181753243,15129.559134242007
17204.13374,2017-10-26 17:30:00,16045.767055647268,16078.788660899556,16779.665084964327
18546.38298,2017-10-26 17:40:00,18236.77580171248,18286.71468685908,18304.312887072374
19305.04559,2017-10-26 17:50:00,19473.457582307976,19465.939586963075,19152.485682259103
19672.70517,2017-10-26 18:00:00,20072.29566387519,20064.000660310718,19523.229897734403
19760.24316,2017-10-26 18:10:00,20146.202757700885,20062.095103913645,19859.39368065394
19818.60182,2017-10-26 18:20:00,19944.401715650925,19817.579184512906,19860.43590996614
19789.42249,2017-10-26 18:30:00,19871.358322599932,19805.092889581032,19885.16709425041
19888.63222,2017-10-26 18:40:00,19786.41795965313,19768.588920724094,19855.77927371713
19684.3769,2017-10-26 18:50:00,19891.369874065516,19910.499339524824,19894.62633083386
19684.3769,2017-10-26 19:00:00,19645.97056626307,19662.596295142415,19733.882730505833
19789.42249,2017-10-26 19:10:00,19661.07580324414,19681.786615432506,19752.79156423293
19818.60182,2017-10-26 19:20:00,19792.19718478331,19816.489117423524,19822.811931381937
19917.81155,2017-10-26 19:30:00,19824.21372014066,19834.39909290957,19821.025011536334
19760.24316,2017-10-26 19:40:00,19948.91512571046,19961.96304771312,19840.235437050884
19538.48024,2017-10-26 19:50:00,19742.68889200653,19725.030625147807,19693.76897674424
19637.68997,2017-10-26 20:00:00,19453.717946808167,19420.835347608863,19388.572209817
19585.16717,2017-10-26 20:10:00,19587.340977422904,19570.30450505032,19521.313044103776
19450.94225,2017-10-26 20:20:00,19534.848949842788,19520.71206917851,19451.399115736902
19427.59878,2017-10-26 20:30:00,19403.687224827598,19399.3423962018,19338.993087014238
19252.5228,2017-10-26 20:40:00,19396.506730073892,19387.574771678672,19320.47398114356
19205.83587,2017-10-26 20:50:00,19183.39296523224,19156.974740511054,19139.520090337166
19077.44681,2017-10-26 21:00:00,19116.060955628847,19101.78099744496,18981.01787134345
18919.87842,2017-10-26 21:10:00,18967.426940351215,18951.872573320547,18803.01021026715
18645.59271,2017-10-26 21:20:00,18799.687456162563,18777.677562380515,18688.846623740847
18277.93313,2017-10-26 21:30:00,18498.08652627148,18475.388483431103,18439.214722518987
17997.81155,2017-10-26 21:40:00,18074.30483187657,18040.588874320212,18047.067184381503
17647.65957,2017-10-26 21:50:00,17785.005735400377,17761.633574859745,17705.422839851108
17233.31307,2017-10-26 22:00:00,17258.60186237434,17241.33017697335,17306.043078209113
17040.72948,2017-10-26 22:10:00,16824.156917880275,16810.94764769061,16929.073662762643
16562.18845,2017-10-26 22:20:00,16673.8634442001,16669.653209265947,16698.55290549455
16112.82675,2017-10-26 22:30:00,16167.99126724763,16150.751525647953,16269.77361087259
15745.16717,2017-10-26 22:40:00,15692.072389209101,15672.900061640412,15808.976498953125
15383.34347,2017-10-26 22:50:00,15305.480031696787,15283.197037539921,15494.718841374113
15237.44681,2017-10-26 23:00:00,14914.296687387234,14886.822444272195,15040.028107570433
14933.98176,2017-10-26 23:10:00,14842.65155725625,14837.76563345912,14992.752767396523
14700.54711,2017-10-26 23:20:00,14561.737041975863,14547.196946597258,14487.338591921744
14554.65046,2017-10-26 23:30:00,14352.620088321704,14330.041319961467,14349.246433255235
14286.20061,2017-10-26 23:40:00,14236.68670397302,14210.746949832796,14160.719206513164
13795.98784,2017-10-26 23:50:00,13961.626415705177,13923.545843537142,13933.473502016172
13527.53799,2017-10-27 00:00:00,13411.75407343081,13380.779005000706,13590.400475349641
13311.61094,2017-10-27 00:10:00,13160.756680368633,13128.998078938364,13307.915266126087
13107.35562,2017-10-27 00:20:00,12977.927921645145,12954.85108971017,13090.999388604792
12996.47416,2017-10-27 00:30:00,12818.066670314107,12810.98068361057,12934.769953697994
12873.92097,2017-10-27 00:40:00,12757.89975715322,12759.17802772759,12796.344302132029
12693.00912,2017-10-27 00:50:00,12641.356647129236,12625.34826700716,12748.918853021842
12500.42553,2017-10-27 01:00:00,12427.739331110595,12405.188835636734,12554.310412107752
11911.00304,2017-10-27 01:10:00,12233.552783559739,12206.300517080757,12338.962182288633
11788.44985,2017-10-27 01:20:00,11561.689268217378,11515.260813515975,11742.600003520394
11683.40426,2017-10-27 01:30:00,11478.58932162054,11447.646407737473,11600.06708138025
11572.5228,2017-10-27 01:40:00,11422.615303665738,11407.913808539448,11525.115350768841
11339.08815,2017-10-27 01:50:00,11359.663168841871,11356.689138398733,11441.923515157068
11088.1459,2017-10-27 02:00:00,11115.332281314873,11117.227794870912,11198.80975150565
10988.93617,2017-10-27 02:10:00,10844.968481294947,10813.338221668982,10964.513717570524
10988.93617,2017-10-27 02:20:00,10774.010423905685,10749.723177443379,10853.765945198142
11035.6231,2017-10-27 02:30:00,10817.2940146242,10803.573540443682,10858.610407905402
10930.57751,2017-10-27 02:40:00,10917.491690664585,10913.341031498287,10895.275448202594
10796.35258,2017-10-27 02:50:00,10813.90796645924,10798.729799237895,10790.017251523535
10586.2614,2017-10-27 03:00:00,10633.760036034028,10604.24637124027,10636.518090122972
10732.15805,2017-10-27 03:10:00,10389.297045046751,10353.857069954363,10531.689442097277
10883.89058,2017-10-27 03:20:00,10598.447642699692,10580.075767461345,10624.738320756349
10825.53191,2017-10-27 03:30:00,10797.517710083464,10795.944862430397,10752.87265512581
10802.18845,2017-10-27 03:40:00,10729.449557483267,10720.431080994342,10719.133594959361
11058.96657,2017-10-27 03:50:00,10698.873578926727,10680.967393643194,10647.048096799885
11099.81763,2017-10-27 04:00:00,10960.312638613752,10937.828871129932,10881.057113701429
11239.87842,2017-10-27 04:10:00,10990.385379847903,10971.513207302505,10951.591925973466
11292.40122,2017-10-27 04:20:00,11142.695760595292,11133.919666705533,11050.317362023952
11560.85106,2017-10-27 04:30:00,11170.539393156065,11149.534642829145,11102.060532020389
11572.5228,2017-10-27 04:40:00,11453.85127564883,11430.85677645819,11501.614304214665
11525.83587,2017-10-27 04:50:00,11451.07048429552,11434.593143766673,11527.80152301668
11951.8541,2017-10-27 05:00:00,11357.216918544545,11334.596800256533,11456.630506261808
12156.10942,2017-10-27 05:10:00,11836.749915431074,11831.972321229237,11759.467447875946
12016.04863,2017-10-27 05:20:00,12015.551007499182,12003.670162777982,11976.211260481668
11870.15198,2017-10-27 05:30:00,11802.272424074432,11786.182952193376,11805.63255002327
11607.53799,2017-10-27 05:40:00,11585.7991720175,11552.207976468164,11600.854883076909
11601.70213,2017-10-27 05:50:00,11246.878952924493,11189.39587228172,11440.616127700994
11642.55319,2017-10-27 06:00:00,11265.248522799855,11245.066665214814,11392.160376358179
11263.22188,2017-10-27 06:10:00,11324.91421316695,11329.685740755054,11311.340301631375
10510.39514,2017-10-27 06:20:00,10849.326355715195,10835.123313351449,10717.420465340761
9535.805471,2017-10-27 06:30:00,9948.11277507789,9906.709774093735,10026.559223955344
9103.951368,2017-10-27 06:40:00,8820.94650929562,8751.564524570398,9251.13142898572
8800.486322,2017-10-27 06:50:00,8445.799495545238,8412.639479310355,8962.176849799478
8963.890578,2017-10-27 07:00:00,8414.120130077587,8432.713552453593,8657.274552956636
9004.741641,2017-10-27 07:10:00,8797.174369874545,8857.31307010097,8795.391291982813
9103.951368,2017-10-27 07:20:00,8964.743325780393,9015.336895763388,8952.918514803641
9121.458967,2017-10-27 07:30:00,9126.595726203816,9129.675018518652,9162.835977638864
8759.635258,2017-10-27 07:40:00,9152.406766093105,9129.42419271387,9209.597930669253
8812.158055,2017-10-27 07:50:00,8717.110642505157,8654.557087705289,8970.053777182819
8969.726444,2017-10-27 08:00:00,8834.137098287758,8792.387570207396,9053.418853257868
9068.93617,2017-10-27 08:10:00,9049.792633497533,9025.525560136522,9206.641418030393
9220.668693,2017-10-27 08:20:00,9191.07712465768,9186.736012955967,9290.535837217823
9413.25228,2017-10-27 08:30:00,9393.529439293357,9405.853608332927,9506.730858075069
9780.911854,2017-10-27 08:40:00,9550.770661333467,9536.270644653196,9647.060839170019
10043.52584,2017-10-27 08:50:00,9904.721893074722,9892.420563376378,9913.541226129628
10271.12462,2017-10-27 09:00:00,10176.747775615002,10166.30564721931,10175.023103889047
10241.94529,2017-10-27 09:10:00,10359.223292275892,10338.949522722905,10454.95147290801
10417.02128,2017-10-27 09:20:00,10250.380667190982,10211.075465326874,10464.493818539433
10761.33739,2017-10-27 09:30:00,10416.07354660892,10376.109639067297,10610.320543936594
11053.1307,2017-10-27 09:40:00,10796.253041691329,10780.951421599853,11109.347802579081
11263.22188,2017-10-27 09:50:00,11090.379879320593,11085.60743380013,11195.41342123987
11234.04255,2017-10-27 10:00:00,11315.544740896974,11313.632337971565,11414.771521185286
11269.05775,2017-10-27 10:10:00,11210.38191168205,11179.787054849003,11405.863897111356
11234.04255,2017-10-27 10:20:00,11205.126808031433,11165.801760259485,11456.75157278971
11344.92401,2017-10-27 10:30:00,11140.379506975782,11104.801581842821,11446.620238776786
11537.5076,2017-10-27 10:40:00,11269.70466324807,11249.654860041528,11512.0149665958
11543.34347,2017-10-27 10:50:00,11517.785133873414,11517.988526572499,11689.549891086726
11636.71733,2017-10-27 11:00:00,11418.559745353097,11412.10999876772,11643.186836796209
11823.46505,2017-10-27 11:10:00,11518.129176814826,11511.688293427596,11655.697519396066
12010.21277,2017-10-27 11:20:00,11722.725285249384,11711.554744461397,11918.992928344807
12144.43769,2017-10-27 11:30:00,11916.005092689935,11905.509131941097,12140.166201855465
12307.84195,2017-10-27 11:40:00,12047.847360601443,12041.65262718018,12267.734620471378
12354.52888,2017-10-27 11:50:00,12200.798295322402,12185.359114874587,12411.391959003504
12167.78116,2017-10-27 12:00:00,12241.688552435808,12215.265318281923,12454.443770271197
12138.60182,2017-10-27 12:10:00,12000.845788729464,11966.159058403628,12271.894202772202
12284.49848,2017-10-27 12:20:00,11971.292291522881,11943.718108976627,12208.066874405538
12389.54407,2017-10-27 12:30:00,12147.26304222675,12132.549882545994,12436.141593838687
12412.88754,2017-10-27 12:40:00,12272.064295198903,12270.836676427352,12549.836552994217
12231.97568,2017-10-27 12:50:00,12309.960610956441,12312.987617708211,12553.154598299005
12214.46809,2017-10-27 13:00:00,12110.706183701182,12086.123687584099,12330.1146465141
12144.43769,2017-10-27 13:10:00,12084.350421848405,12053.621730878524,12317.015261960863
12331.18541,2017-10-27 13:20:00,12011.026083892932,11987.452383632124,12223.46524627276
12395.37994,2017-10-27 13:30:00,12253.143197524672,12248.550866918275,12448.112076046877
12191.12462,2017-10-27 13:40:00,12335.649778049741,12336.510061406869,12521.50201972947
12231.97568,2017-10-27 13:50:00,12074.818338364472,12051.349035720572,12264.894111131895
12272.82675,2017-10-27 14:00:00,12144.812865221229,12119.530970345957,12317.65244473752
12132.76596,2017-10-27 14:10:00,12183.563326805437,12152.672717930203,12396.913102882776
11257.38602,2017-10-27 14:20:00,12029.06120921986,12005.824553997001,12203.17753299498
10872.21884,2017-10-27 14:30:00,11006.525892402497,10962.01955872823,11395.945367961916
10714.65046,2017-10-27 14:40:00,10614.021037726903,10566.555294730151,11107.43012333476
10743.82979,2017-10-27 14:50:00,10532.88318535295,10519.40335083932,11122.125500635379
10778.84498,2017-10-27 15:00:00,10730.157130303938,10757.986139500026,11133.681618361628
10767.17325,2017-10-27 15:10:00,10893.111051566317,10948.549806919815,11098.978061035468
10784.68085,2017-10-27 15:20:00,10904.582581354553,10910.729441249632,11143.168587785553
10656.29179,2017-10-27 15:30:00,10927.280161956236,10909.86075241135,11129.392020745869
10446.20061,2017-10-27 15:40:00,10762.505372351985,10729.099420183353,11129.941156696112
10352.82675,2017-10-27 15:50:00,10517.97185404021,10481.159153059856,10681.063898465389
10335.31915,2017-10-27 16:00:00,10452.573083619507,10419.786867993793,10494.609543461569
10294.46809,2017-10-27 16:10:00,10459.853096490398,10437.091624483583,10517.250328295657
10522.06687,2017-10-27 16:20:00,10447.305484196422,10441.418590725261,10466.354216229756
10440.36474,2017-10-27 16:30:00,10746.077346794209,10752.098758875518,10935.033359264873
10685.47112,2017-10-27 16:40:00,10653.993006320912,10642.891974913913,10666.04433174857
10936.41337,2017-10-27 16:50:00,10951.665007818076,10943.446172252949,11117.394435502914
11689.24012,2017-10-27 17:00:00,11449.94370573626,11442.624974532457,11110.432582815876
12482.91793,2017-10-27 17:10:00,12331.312730908536,12340.985730349192,11882.15943395743
13895.19757,2017-10-27 17:20:00,13259.726685173993,13295.15704553976,12807.54587650076
15803.52584,2017-10-27 17:30:00,14901.983497232675,14952.499910860812,14960.865446897888
16731.42857,2017-10-27 17:40:00,17000.657376299077,17074.76844293388,17165.004713980874
17268.32827,2017-10-27 17:50:00,17775.201036758972,17786.353532605062,17627.078767707375
17741.03343,2017-10-27 18:00:00,18080.21766622305,18033.486172318553,18338.801277568877
17886.93009,2017-10-27 18:10:00,18310.064492105535,18211.459199917208,18719.455313927007
17898.60182,2017-10-27 18:20:00,18241.06438567937,18137.25964933129,18861.959403564848
17857.75076,2017-10-27 18:30:00,18156.462572226992,18119.893582812463,18740.341689339784
17805.22796,2017-10-27 18:40:00,18056.931630704876,18046.061698766294,18507.143747602462
17945.28875,2017-10-27 18:50:00,17957.492108623635,17960.27749867541,18101.26703395647
17991.97568,2017-10-27 19:00:00,18132.615452803853,18161.52325777499,18025.080911351288
18120.36474,2017-10-27 19:10:00,18195.148989185105,18229.51595592503,18061.146167117047
18178.7234,2017-10-27 19:20:00,18338.822455671023,18367.67978050341,18207.288883745397
18062.00608,2017-10-27 19:30:00,18388.216243121104,18397.946092581187,18264.576465943315
17986.13982,2017-10-27 19:40:00,18210.820446391645,18196.24581052397,18171.25122336119
18044.49848,2017-10-27 19:50:00,18105.69643268511,18089.696000507534,18037.331113219592
18015.31915,2017-10-27 20:00:00,18165.850482908423,18150.263506334348,18002.72914313266
17811.06383,2017-10-27 20:10:00,18134.85871018926,18127.187177535878,17938.12758749576
17781.8845,2017-10-27 20:20:00,17895.724611337944,17887.827241521823,17729.255038444084
17671.00304,2017-10-27 20:30:00,17875.659333004547,17865.626703218535,17668.811176093448
17951.12462,2017-10-27 20:40:00,17748.600738214947,17734.540174714373,17559.554337946898
18015.31915,2017-10-27 20:50:00,18106.993536286744,18115.815959697316,17826.402488110045
17793.55623,2017-10-27 21:00:00,18149.874259824053,18157.7425351562,17858.987619159932
17536.77812,2017-10-27 21:10:00,17850.274379674727,17828.673203090137,17630.020122441587
17186.62614,2017-10-27 21:20:00,17523.357378244113,17488.159054352054,17282.067982381654
16918.17629,2017-10-27 21:30:00,17087.382899506043,17034.570903677697,17028.08469354726
16848.1459,2017-10-27 21:40:00,16808.488685579097,16782.81843377614,16764.43326500074
16673.06991,2017-10-27 21:50:00,16785.54324879559,16787.33021464363,16667.77383326571
16229.54407,2017-10-27 22:00:00,16457.35847858716,16462.32716264683,16385.105889355098
15826.8693,2017-10-27 22:10:00,15969.83506509358,15962.518526371347,15978.814054350445
15605.10638,2017-10-27 22:20:00,15522.342730055823,15498.764967761254,15544.110134808281
15517.56839,2017-10-27 22:30:00,15303.436425908809,15280.043355204582,15378.371382519275
14834.77204,2017-10-27 22:40:00,15260.220585566649,15255.801954655615,15258.059834565918
14414.58967,2017-10-27 22:50:00,14493.017776074195,14476.646094102818,14616.571240560099
14128.63222,2017-10-27 23:00:00,14038.103520005403,14011.93465023168,14268.269745803886
13760.97264,2017-10-27 23:10:00,13775.107218687022,13747.409898930195,13953.102471615544
13527.53799,2017-10-27 23:20:00,13430.39872098654,13413.105567220193,13629.183027794354
13480.85106,2017-10-27 23:30:00,13275.186440556441,13288.813377573551,13433.908511089308
13247.41641,2017-10-27 23:40:00,13290.060305575294,13287.902811949141,13352.743113772198
13043.16109,2017-10-27 23:50:00,13047.752742313074,13030.69083770556,13138.635852307165
12879.75684,2017-10-28 00:00:00,12932.356198459289,12935.290780362258,12946.975092449558
12809.72644,2017-10-28 00:10:00,12775.020536586413,12767.109566748833,12807.512193655939
12704.68085,2017-10-28 00:20:00,12722.39009264904,12713.0806573937,12714.288723363592
12436.231,2017-10-28 00:30:00,12640.391138613508,12640.938985308141,12636.153399092858
12033.55623,2017-10-28 00:40:00,12346.913553079805,12339.021354780138,12365.35754600455
11689.24012,2017-10-28 00:50:00,11892.041506808564,11872.699906187068,11923.14608878354
11216.53495,2017-10-28 01:00:00,11492.309411373066,11473.752580187398,11637.592916560277
10889.72644,2017-10-28 01:10:00,10977.836767925379,10965.71669990144,11235.022776996444
10994.77204,2017-10-28 01:20:00,10691.977955931687,10699.820338574511,10818.988285642996
10854.71125,2017-10-28 01:30:00,10922.618809828233,10955.093813805488,10875.607948863888
10737.99392,2017-10-28 01:40:00,10822.164028969619,10848.963283143137,10786.070297912573
10638.78419,2017-10-28 01:50:00,10729.182625640646,10749.097832895004,10552.686105534498
10539.57447,2017-10-28 02:00:00,10592.30385101226,10590.082438264504,10582.874477010642
10557.08207,2017-10-28 02:10:00,10480.61430563041,10459.238672431788,10503.564340190887
10574.58967,2017-10-28 02:20:00,10539.110491266094,10537.860951049406,10533.426130860411
10533.7386,2017-10-28 02:30:00,10579.973625923914,10579.185451039753,10556.423941451201
10452.03647,2017-10-28 02:40:00,10537.276726590359,10533.345509735293,10504.04070185233
10457.87234,2017-10-28 02:50:00,10439.204860607048,10429.866913748978,10320.864177604286
10440.36474,2017-10-28 03:00:00,10411.201767982082,10402.24208486401,10302.296184858567
10498.7234,2017-10-28 03:10:00,10404.528371105858,10401.314772218586,10195.92003192676
10539.57447,2017-10-28 03:20:00,10494.817064696594,10498.664772645345,10310.31685500616
10352.82675,2017-10-28 03:30:00,10540.090839070725,10544.200065435674,10494.502135192377
10346.99088,2017-10-28 03:40:00,10306.668827857295,10296.700049518055,10188.241020133022
10282.79635,2017-10-28 03:50:00,10321.36054416595,10316.219218588765,10127.334018480147
10247.78116,2017-10-28 04:00:00,10232.402772971285,10229.636373789857,10128.557668485515
10405.34954,2017-10-28 04:10:00,10217.002915782778,10223.030239411226,10068.815712027777
10399.51368,2017-10-28 04:20:00,10429.461868559549,10451.80671526214,10182.09970296722
10393.67781,2017-10-28 04:30:00,10429.393967863298,10439.379837792085,10231.571588679153
10405.34954,2017-10-28 04:40:00,10419.811474927264,10428.604617336809,10233.319586785954
10475.37994,2017-10-28 04:50:00,10424.858191270265,10427.239422529517,10220.122129460324
10737.99392,2017-10-28 05:00:00,10505.262267001748,10508.797315477277,10259.083440764263
11070.6383,2017-10-28 05:10:00,10821.800544376038,10844.908368203254,10487.323857623276
11181.51976,2017-10-28 05:20:00,11173.229898547856,11200.01843373747,10911.592980198639
10994.77204,2017-10-28 05:30:00,11237.172778519805,11251.2290830086,11045.509127823378
10802.18845,2017-10-28 05:40:00,10939.170659978725,10925.25604783347,10756.207198873739
10773.00912,2017-10-28 05:50:00,10675.765269843949,10645.840320218027,10554.962098750337
10650.45593,2017-10-28 06:00:00,10640.763715726078,10627.201200357486,10475.685370787642
10352.82675,2017-10-28 06:10:00,10495.583439117469,10503.007990633489,10467.004400108759
9716.717325,2017-10-28 06:20:00,10128.536510355429,10140.999004591165,9986.177831324576
8876.352584,2017-10-28 06:30:00,9347.996996064943,9335.611811728071,9424.597709751537
8508.693009,2017-10-28 06:40:00,8385.74163535193,8355.159019067369,8736.146425043818
8409.483283,2017-10-28 06:50:00,8069.469890414974,8070.335913173916,8317.341716526662
8257.75076,2017-10-28 07:00:00,8255.478116175169,8296.194161302948,8331.293111312883
8263.586626,2017-10-28 07:10:00,8224.779078851212,8286.684362604325,8294.176225069186
8356.960486,2017-10-28 07:20:00,8344.788075336784,8400.044762701442,8349.250265927825
8485.349544,2017-10-28 07:30:00,8498.661678516402,8517.290566628171,8464.154369804886
8590.395137,2017-10-28 07:40:00,8641.001239839432,8643.303522902692,8583.58354023917
8742.12766,2017-10-28 07:50:00,8769.417898130352,8769.128198239801,8685.191078969414
8835.50152,2017-10-28 08:00:00,8943.921162259001,8934.807441036586,8879.104429827157
9068.93617,2017-10-28 08:10:00,9024.716478985398,9010.344047685432,9055.61932011125
9220.668693,2017-10-28 08:20:00,9276.10435921865,9270.0738958233,9219.787592765204
9261.519757,2017-10-28 08:30:00,9430.070471872608,9430.566400000353,9545.586542883777
9611.671733,2017-10-28 08:40:00,9442.304448868454,9438.156234899965,9555.671029633872
9745.896657,2017-10-28 08:50:00,9817.960716951158,9824.425042033832,9841.925569174535
9967.659574,2017-10-28 09:00:00,9949.253138967277,9949.530559385097,9984.971631840684
10031.8541,2017-10-28 09:10:00,10157.616662869834,10163.644376541808,10110.018141710874
10171.91489,2017-10-28 09:20:00,10188.234758645503,10187.471604300274,10196.617733327585
10241.94529,2017-10-28 09:30:00,10316.947066971381,10305.350697542695,10401.794396544097
10586.2614,2017-10-28 09:40:00,10386.033627310158,10385.735801590441,10466.225870950806
10650.45593,2017-10-28 09:50:00,10766.725207005253,10775.40111736205,11074.648487016157
10562.91793,2017-10-28 10:00:00,10825.390882137199,10833.714004035213,11139.920189390094
10562.91793,2017-10-28 10:10:00,10680.969958612175,10672.534540344757,11075.35113595734
10650.45593,2017-10-28 10:20:00,10657.529180300597,10646.5540051477,11076.885788493235
10895.56231,2017-10-28 10:30:00,10746.268518302964,10734.409779318543,11138.534963662187
11216.53495,2017-10-28 10:40:00,11052.559102539068,11069.10730226056,11087.854119821579
11414.95441,2017-10-28 10:50:00,11420.209961524073,11447.619241257391,11439.93190119928
11484.9848,2017-10-28 11:00:00,11510.709629822759,11525.591846184805,11524.202985400996
11590.0304,2017-10-28 11:10:00,11539.901490904122,11535.693103108591,11606.459288107124
11811.79331,2017-10-28 11:20:00,11615.512369783479,11599.505096159757,11684.836422239247
11840.97264,2017-10-28 11:30:00,11842.028257060167,11832.961951201243,11970.196488224661
11951.8541,2017-10-28 11:40:00,11850.624183176933,11846.273099774431,12013.585060828284
11998.54103,2017-10-28 11:50:00,11958.379734106627,11960.283174295684,12114.054448769717
11928.51064,2017-10-28 12:00:00,12003.736360233068,11997.983846374284,12137.707676649077
12086.07903,2017-10-28 12:10:00,11896.988503991928,11884.938655719005,12093.47506844561
12220.30395,2017-10-28 12:20:00,12093.011840241867,12098.596771496797,12202.230614730839
12249.48328,2017-10-28 12:30:00,12239.11130577445,12244.718569943794,12344.197570064087
12354.52888,2017-10-28 12:40:00,12252.838898235717,12257.290736607796,12396.368011673061
12261.15502,2017-10-28 12:50:00,12354.880509890605,12358.766962218288,12452.569199022844
12226.13982,2017-10-28 13:00:00,12241.029833349714,12222.496317378627,12405.707598163573
12161.94529,2017-10-28 13:10:00,12191.054229774309,12175.527440181813,12376.873177918966
12220.30395,2017-10-28 13:20:00,12131.411890573963,12121.29925743349,12231.558326859355
12325.34954,2017-10-28 13:30:00,12211.050475025195,12207.378523697756,12352.112631470656
12214.46809,2017-10-28 13:40:00,12336.468796243733,12345.52509055666,12427.735439479093
12121.09422,2017-10-28 13:50:00,12198.714414093603,12195.249113514794,12337.914268345863
12016.04863,2017-10-28 14:00:00,12116.176051798717,12104.531316493376,12182.004179860296
11922.67477,2017-10-28 14:10:00,11983.917045171569,11963.599634227256,12144.710362244316
11782.61398,2017-10-28 14:20:00,11841.810889043212,11822.209491295996,12080.435899694576
11449.9696,2017-10-28 14:30:00,11690.407007634263,11681.335320505215,11983.399078043076
10994.77204,2017-10-28 14:40:00,11317.910708136613,11299.02674935988,11622.197770091141
10942.24924,2017-10-28 14:50:00,10825.120831726923,10801.831928726637,11204.525327284846
10924.74164,2017-10-28 15:00:00,10870.163328866209,10861.783295824183,11155.91366726221
11058.96657,2017-10-28 15:10:00,10927.374141580978,10937.927809126542,11145.293618018997
11356.59574,2017-10-28 15:20:00,11151.940892684212,11178.989354142808,11281.48708131244
11339.08815,2017-10-28 15:30:00,11525.466744251768,11550.029652944073,11528.375348861406
11199.02736,2017-10-28 15:40:00,11455.04634444269,11439.438975328208,11503.855074514877
11093.98176,2017-10-28 15:50:00,11252.752581066765,11218.31435852637,11434.25044046269
11006.44377,2017-10-28 16:00:00,11124.80311086172,11074.995196594406,11330.294045077602
11041.45897,2017-10-28 16:10:00,11019.533739032548,10974.720228241786,11259.496968104986
11134.83283,2017-10-28 16:20:00,11109.516900080203,11096.754500665418,11315.68499339111
11199.02736,2017-10-28 16:30:00,11240.996848087534,11240.015334144537,11396.84825553341
11228.20669,2017-10-28 16:40:00,11341.07934438694,11340.149187748008,11453.39547194815
11397.44681,2017-10-28 16:50:00,11383.341108251361,11376.211002158961,11458.600080759523
11636.71733,2017-10-28 17:00:00,11774.968410755113,11762.91270190655,11512.106371688642
12331.18541,2017-10-28 17:10:00,12085.531773748944,12080.739642886301,11825.7395819548
13714.28571,2017-10-28 17:20:00,12962.361740016888,12986.362990974678,12503.749915046292
15266.62614,2017-10-28 17:30:00,14643.246585681096,14713.369968837196,14726.814643540625
16673.06991,2017-10-28 17:40:00,16348.722051270162,16430.339591941913,16643.847115529043
17291.67173,2017-10-28 17:50:00,17747.40102990355,17804.863734095088,17676.334748038968
17729.3617,2017-10-28 18:00:00,18125.929908711245,18096.582608939396,18536.154888968627
17787.72036,2017-10-28 18:10:00,18294.480237049967,18200.82002891395,18779.683778019185
17799.3921,2017-10-28 18:20:00,18109.025804900808,18002.016626259774,18742.82829394234
17811.06383,2017-10-28 18:30:00,17987.178646411725,17913.132525072833,18648.48307364374
17840.24316,2017-10-28 18:40:00,17968.739319498458,17954.6922228856,18389.589182645002
17945.28875,2017-10-28 18:50:00,17991.008050243454,18002.767825735453,18010.260491694364
18114.52888,2017-10-28 19:00:00,18118.89927459498,18155.50321624906,17922.16158660283
18172.88754,2017-10-28 19:10:00,18315.773690302838,18355.502292839374,18093.810022556878
18108.69301,2017-10-28 19:20:00,18362.645974562212,18389.205986149114,18193.043654493926
18301.2766,2017-10-28 19:30:00,18254.70148379336,18259.668817183378,18091.97388950075
18307.11246,2017-10-28 19:40:00,18454.56262347018,18452.327778297313,18341.434285492465
18091.18541,2017-10-28 19:50:00,18435.893510698756,18427.160486543115,18321.590811874008
18196.231,2017-10-28 20:00:00,18156.174025331704,18139.96863739825,17917.060651025804
17933.61702,2017-10-28 20:10:00,18276.876154577338,18268.949742237484,18032.848977086876
17921.94529,2017-10-28 20:20:00,17951.143465637855,17926.34054283755,17734.17554171747
18091.18541,2017-10-28 20:30:00,17963.456007759476,17959.76869253454,17709.042161347676
17921.94529,2017-10-28 20:40:00,18206.136936566392,18219.695500642105,17885.56944365856
17951.12462,2017-10-28 20:50:00,18003.429011452663,17995.535738543178,17721.98572870414
17793.55623,2017-10-28 21:00:00,18024.397498267535,18027.592641000385,17691.601031971244
17671.00304,2017-10-28 21:10:00,17812.855286553495,17790.208584507684,17535.244595539207
17449.24012,2017-10-28 21:20:00,17650.759554939115,17624.50313975256,17391.14529554385
17163.28267,2017-10-28 21:30:00,17399.619317866698,17383.920902927093,17218.953858926216
17081.58055,2017-10-28 21:40:00,17080.562679860435,17054.25097274175,16915.458810377764
16888.99696,2017-10-28 21:50:00,17027.368061301775,17019.83982357731,16820.501725084116
16515.50152,2017-10-28 22:00:00,16659.620433926662,16651.80853500637,16534.310290768786
16048.63222,2017-10-28 22:10:00,16246.742321976802,16236.278727913828,16222.481324598079
15710.15198,2017-10-28 22:20:00,15734.087205477275,15713.75515774038,15672.455582983508
15494.22492,2017-10-28 22:30:00,15393.83858271092,15368.567327392344,15506.984110778005
15184.92401,2017-10-28 22:40:00,15195.255302353162,15189.041359984967,15189.622343270712
14513.79939,2017-10-28 22:50:00,14901.104450550252,14903.122932553799,14968.1118356471
13550.88146,2017-10-28 23:00:00,14144.96768646708,14130.462188596011,14260.3409981571
13334.95441,2017-10-28 23:10:00,13076.213978882177,13033.238478353793,13512.901406089188
13369.9696,2017-10-28 23:20:00,12957.683857746619,12939.863783191853,13307.687091566637
13154.04255,2017-10-28 23:30:00,13156.820655950687,13182.229859176587,13277.612008768243
13025.6535,2017-10-28 23:40:00,13019.990367391896,13060.896487684307,13055.520552355754
12733.86018,2017-10-28 23:50:00,12943.417542372743,12967.254897956362,12899.188886718286
12599.63526,2017-10-29 00:00:00,12571.378209586612,12541.556433352045,12624.483500247388
12284.49848,2017-10-29 00:10:00,12443.68451301178,12412.52657777508,12474.703107781861
12179.45289,2017-10-29 00:20:00,12117.620350424328,12098.39276029222,12194.275789317177
12062.73556,2017-10-29 00:30:00,12038.097364940953,12022.839990982451,12029.740204776077
12021.8845,2017-10-29 00:40:00,11938.464971136782,11931.58856643615,11918.93896709865
11800.12158,2017-10-29 00:50:00,11914.909689042444,11906.158681571997,11907.965523764558
11595.86626,2017-10-29 01:00:00,11628.95053160488,11622.58880140928,11695.90447741209
11520.0,2017-10-29 01:10:00,11386.386740695005,11362.32457318621,11558.121260164262
11520.0,2017-10-29 01:20:00,11341.498804335086,11322.56805687684,11507.855660099858
11397.44681,2017-10-29 01:30:00,11371.51234605223,11359.174135111156,11474.315939649825
11444.13374,2017-10-29 01:40:00,11256.238784663317,11249.159248929267,11270.492609267007
11263.22188,2017-10-29 01:50:00,11329.86390071881,11320.437738274719,11368.479540195623
11234.04255,2017-10-29 02:00:00,11078.720582824395,11054.34506444323,11049.879746633522
11274.89362,2017-10-29 02:10:00,11060.77346001253,11038.813538321203,11010.448506311537
11140.66869,2017-10-29 02:20:00,11132.59174600966,11120.254211309733,11049.692068085391
11181.51976,2017-10-29 02:30:00,10978.716662031191,10957.051814604125,10933.899676243767
11111.48936,2017-10-29 02:40:00,11045.348722849156,11035.836395205068,10972.563651439295
11053.1307,2017-10-29 02:50:00,10962.678086316062,10941.69296171955,10843.312573210951
10702.97872,2017-10-29 03:00:00,10867.375413930866,10848.685677187766,10789.30259160024
10743.82979,2017-10-29 03:10:00,10472.750419474909,10451.066076308402,10463.03982282273
10755.50152,2017-10-29 03:20:00,10556.575900962023,10539.508159744284,10479.728392468758
10586.2614,2017-10-29 03:30:00,10594.099297442184,10591.155455807168,10477.77311489553
10510.39514,2017-10-29 03:40:00,10418.599827428869,10413.231977215453,10464.54598703456
10457.87234,2017-10-29 03:50:00,10366.168344816626,10367.317690664968,10366.167648589997
10481.21581,2017-10-29 04:00:00,10288.182727124833,10271.412739315118,10230.68666611274
10504.55927,2017-10-29 04:10:00,10350.368297389809,10345.330790535201,10267.671736909955
10422.85714,2017-10-29 04:20:00,10401.084607532448,10405.63756925223,10300.98738611107
10393.67781,2017-10-29 04:30:00,10313.496794174851,10305.852536069844,10093.293059768557
10440.36474,2017-10-29 04:40:00,10284.971875887273,10273.98293097906,10092.051536151888
10562.91793,2017-10-29 04:50:00,10346.928069779206,10336.369848478815,10158.861362429205
11041.45897,2017-10-29 05:00:00,10503.799253543071,10507.588308712759,10331.480836903625
11140.66869,2017-10-29 05:10:00,11082.875495362716,11108.363634870544,10793.138811377192
10988.93617,2017-10-29 05:20:00,11149.932652909512,11159.056260986117,11025.368290669228
10679.63526,2017-10-29 05:30:00,10898.338464590186,10880.622031906869,10699.388337631359
10586.2614,2017-10-29 05:40:00,10475.96729595555,10434.145253680195,10417.597845335085
10166.07903,2017-10-29 05:50:00,10358.878389800979,10318.556716469659,10336.362384381517
9920.972644,2017-10-29 06:00:00,9892.889537743134,9881.805471930606,9938.14554935399
9407.416413,2017-10-29 06:10:00,9652.562255658082,9661.817725063287,9750.416698857083
8923.039514,2017-10-29 06:20:00,9068.255405813874,9071.751457842322,9090.201701705637
8246.079027,2017-10-29 06:30:00,8514.414691327316,8506.35060376461,8741.463489320384
7750.030395,2017-10-29 06:40:00,7803.04404383455,7803.5552176308975,8190.719593364306
7639.148936,2017-10-29 06:50:00,7337.91415189048,7339.264212950817,8050.504950576966
7644.984802,2017-10-29 07:00:00,7495.690183106852,7526.018452235427,8032.292665274632
7656.656535,2017-10-29 07:10:00,7633.356301591508,7673.394088757303,8004.359935987745
7738.358663,2017-10-29 07:20:00,7748.523178091746,7789.738580148785,7989.6131465131475
7802.553191,2017-10-29 07:30:00,7890.61495472678,7905.914770193038,8080.106445517457
7849.240122,2017-10-29 07:40:00,7957.965870690134,7942.379226033683,8087.0670892288945
7726.68693,2017-10-29 07:50:00,8006.027384731489,7984.5186971688,8139.279021421276
8053.495441,2017-10-29 08:00:00,7864.833167537641,7837.1640785265445,8105.735796125206
8321.945289,2017-10-29 08:10:00,8259.453797988413,8248.47579042967,8295.268559027078
8602.066869,2017-10-29 08:20:00,8563.533767552763,8565.191843886547,8470.345949319508
8654.589666,2017-10-29 08:30:00,8858.836894494592,8867.898569303132,8691.814617041227
8660.425532,2017-10-29 08:40:00,8889.736555826068,8890.797370541608,8672.421590064518
8812.158055,2017-10-29 08:50:00,8834.123156823807,8805.44475309438,8681.72233096073
9115.6231,2017-10-29 09:00:00,9013.595544829284,8997.519931212451,8992.75017731623
9249.848024,2017-10-29 09:10:00,9346.03913428196,9346.733818936584,9284.630450684803
9389.908815,2017-10-29 09:20:00,9483.666023681537,9495.171641649853,9489.191979976926
9500.790274,2017-10-29 09:30:00,9612.555163186504,9618.091940524,9614.957596879563
9815.927052,2017-10-29 09:40:00,9711.511199419503,9704.323302724837,9847.474645754908
9885.957447,2017-10-29 09:50:00,10042.06010789935,10039.987203460852,10027.983357769106
9932.644377,2017-10-29 10:00:00,10102.030550494526,10101.036813023682,10049.191456975135
10002.67477,2017-10-29 10:10:00,10113.7843131744,10104.756456780695,10113.601980567699
10078.54103,2017-10-29 10:20:00,10165.33855687724,10152.24180714498,10189.1432142518
10189.42249,2017-10-29 10:30:00,10235.917405475768,10220.270103978062,10279.941896249742
10370.33435,2017-10-29 10:40:00,10379.016925299471,10382.683301927826,10509.007759511987
10393.67781,2017-10-29 10:50:00,10581.02841403953,10588.790934209064,10613.382440241128
10452.03647,2017-10-29 11:00:00,10481.70937807985,10483.479082111355,10627.510131307701
10708.81459,2017-10-29 11:10:00,10532.602594550845,10531.12991623618,10707.612592980058
10924.74164,2017-10-29 11:20:00,10824.66655124844,10829.40525193922,11096.290442327638
11204.86322,2017-10-29 11:30:00,11046.144736120603,11053.219426980851,11097.74157756236
11426.62614,2017-10-29 11:40:00,11346.463585191299,11361.336064945126,11459.532019162232
11385.77508,2017-10-29 11:50:00,11548.263081993056,11553.051854777226,11554.427017584843
11566.68693,2017-10-29 12:00:00,11450.180130329845,11429.073019290974,11469.606124040194
11683.40426,2017-10-29 12:10:00,11628.070674297654,11613.148704839656,11657.115298825147
11835.13678,2017-10-29 12:20:00,11734.23470294686,11721.479912251025,11764.544811100019
11864.31611,2017-10-29 12:30:00,11888.519324920355,11886.818328493913,11982.286708541056
11712.58359,2017-10-29 12:40:00,11904.058538874695,11906.66926624544,11980.68613147546
11800.12158,2017-10-29 12:50:00,11678.278575843815,11659.062493249483,11735.569159795283
11905.16717,2017-10-29 13:00:00,11808.305802702742,11796.973265291468,11908.461221247677
11619.20973,2017-10-29 13:10:00,11923.080834459899,11918.03656672834,11982.160220460453
11805.95745,2017-10-29 13:20:00,11588.715427751093,11580.26697571915,11657.286447354623
11852.64438,2017-10-29 13:30:00,11836.525952632455,11842.23538749825,11956.923304322027
11864.31611,2017-10-29 13:40:00,11869.164122070433,11861.93561531612,11978.916129368341
11625.04559,2017-10-29 13:50:00,11877.158283747585,11874.602484521252,11999.039866692072
11665.89666,2017-10-29 14:00:00,11623.423933166065,11614.983340287547,11677.232510222531
11753.43465,2017-10-29 14:10:00,11650.128222850384,11621.206940647533,11704.873958698521
12196.96049,2017-10-29 14:20:00,11747.220323045349,11733.977505941852,11761.156818762365
12115.25836,2017-10-29 14:30:00,12254.753021425542,12262.918040997778,12352.038131369707
12056.8997,2017-10-29 14:40:00,12104.30615751092,12100.486921139742,12252.435080521047
11794.28571,2017-10-29 14:50:00,11987.122540353888,11951.589915544624,12214.070685955956
11946.01824,2017-10-29 15:00:00,11673.366182743397,11615.930252806356,11983.720475438664
11881.82371,2017-10-29 15:10:00,11863.045648543297,11818.757682021722,12098.689079186162
11911.00304,2017-10-29 15:20:00,11836.720613785545,11825.693985195227,11999.651634973266
11735.92705,2017-10-29 15:30:00,11882.693505506504,11871.850887579454,12027.937671955167
11689.24012,2017-10-29 15:40:00,11673.514450770237,11654.942732703126,11823.70088486503
11461.64134,2017-10-29 15:50:00,11609.212369575393,11573.961664883765,11785.127510033974
11607.53799,2017-10-29 16:00:00,11375.066616903514,11343.851798242184,11614.068136743435
11525.83587,2017-10-29 16:10:00,11580.883366226268,11561.331153283483,11666.09696408665
11595.86626,2017-10-29 16:20:00,11519.12205097207,11504.219608473646,11614.893471539406
11449.9696,2017-10-29 16:30:00,11618.183737262634,11600.12411665688,11651.514662157346
11572.5228,2017-10-29 16:40:00,11459.109367290781,11435.708846894164,11540.11303074542
11333.25228,2017-10-29 16:50:00,11614.787610086973,11584.691885395878,11614.895150341174
11665.89666,2017-10-29 17:00:00,11505.541560671787,11471.668305829251,11461.572021597774
12313.67781,2017-10-29 17:10:00,11967.002213948192,11951.206441833574,11855.789006853716
13766.80851,2017-10-29 17:20:00,12828.560159724737,12851.799563765398,12390.057767811184
15214.10334,2017-10-29 17:30:00,14585.026954975567,14649.775427742794,14690.5712001019
16299.57447,2017-10-29 17:40:00,16208.013171391452,16294.372913785965,16725.89727945746
16824.80243,2017-10-29 17:50:00,17215.479876674817,17238.67536910815,17462.508820401257
17192.46201,2017-10-29 18:00:00,17520.2466684426,17467.387897869703,18122.509528505278
17256.65653,2017-10-29 18:10:00,17637.150827432677,17525.924161258852,18504.45924740472
17227.4772,2017-10-29 18:20:00,17505.653305267697,17400.817687592298,18457.06377791864
17338.35866,2017-10-29 18:30:00,17370.11331055019,17304.054147058338,18324.668336319126
17455.07599,2017-10-29 18:40:00,17472.34851456012,17454.605162659565,17782.504449129847
17408.38906,2017-10-29 18:50:00,17599.520321589585,17608.86758669059,17635.26585628013
17315.0152,2017-10-29 19:00:00,17540.421265683974,17560.63101505388,17399.791384051998
17274.16413,2017-10-29 19:10:00,17425.88257088265,17439.073140907334,17224.861135399613
17431.73252,2017-10-29 19:20:00,17367.314762600916,17365.079462815353,17195.739706706216
17414.22492,2017-10-29 19:30:00,17569.73613477624,17573.52555501754,17401.07283452684
17431.73252,2017-10-29 19:40:00,17552.129198014838,17556.257591737096,17365.418788225015
17548.44985,2017-10-29 19:50:00,17560.58442974971,17558.003157902695,17367.38009760147
17431.73252,2017-10-29 20:00:00,17675.370919639267,17664.801141371852,17405.197463688437
17379.20973,2017-10-29 20:10:00,17495.78687533958,17469.43958916791,17284.139485846532
17315.0152,2017-10-29 20:20:00,17437.009768525466,17419.208686837886,17227.096471925623
17367.53799,2017-10-29 20:30:00,17368.833459218175,17348.45608519606,17108.834843176388
17338.35866,2017-10-29 20:40:00,17437.20752844882,17422.232506762273,17210.171089972184
17233.31307,2017-10-29 20:50:00,17422.215823946135,17419.257820863757,17126.06255219237
17116.59574,2017-10-29 21:00:00,17266.024812084965,17251.66988793589,17050.265855240646
16959.02736,2017-10-29 21:10:00,17124.176630875645,17105.01896998287,16890.08133520406
16655.56231,2017-10-29 21:20:00,16929.479084611212,16902.675497052434,16690.730586429512
16451.30699,2017-10-29 21:30:00,16577.524220321164,16552.049553273955,16419.354993769455
16334.58967,2017-10-29 21:40:00,16378.860714209208,16361.031117265702,16260.864345751032
15879.3921,2017-10-29 21:50:00,16283.370056761865,16272.195811224528,16127.395610388783
15605.10638,2017-10-29 22:00:00,15611.022072417069,15596.358002869361,15582.77966526071
15330.82067,2017-10-29 22:10:00,15329.630153258242,15319.375852637268,15364.702180919285
15149.90881,2017-10-29 22:20:00,15054.35739301617,15038.718565630097,15054.631374515338
14770.57751,2017-10-29 22:30:00,14907.711502665592,14898.527939796713,14848.15815023895
14367.90274,2017-10-29 22:40:00,14514.020237371134,14510.610221555344,14544.81634461524
13953.55623,2017-10-29 22:50:00,14065.369649127384,14041.674275070425,14213.374440597403
13615.07599,2017-10-29 23:00:00,13569.137527657022,13539.104824732673,13758.130700830612
13410.82067,2017-10-29 23:10:00,13245.730461535022,13219.733811127175,13479.310439765079
13323.28267,2017-10-29 23:20:00,13114.744088591391,13109.666401964605,13177.970092302801
13154.04255,2017-10-29 23:30:00,13097.832863754269,13098.241261134985,13131.700087460182
12879.75684,2017-10-29 23:40:00,12960.040926775673,12952.65885679319,13012.731126226201
12657.99392,2017-10-29 23:50:00,12669.290253060739,12644.508481656416,12758.00278635724
12208.63222,2017-10-30 00:00:00,12441.068815400327,12418.417144240682,12518.408498264786
11981.03343,2017-10-30 00:10:00,11939.681825043423,11906.257895322702,11995.85351839724
11957.68997,2017-10-30 00:20:00,11743.773233817796,11725.022973248031,11830.195649596073
11858.48024,2017-10-30 00:30:00,11791.883350876913,11791.729918627305,11794.358875780772
11648.38906,2017-10-30 00:40:00,11730.802521889113,11732.88863506028,11672.960384101192
11356.59574,2017-10-30 00:50:00,11521.30750676803,11521.254217672995,11564.361324524381
11199.02736,2017-10-30 01:00:00,11152.053464680219,11126.638545018828,11269.617201829364
11158.17629,2017-10-30 01:10:00,10995.4247594146,10965.429210758117,11143.638838239898
11158.17629,2017-10-30 01:20:00,11006.991068598341,10994.102191210743,11127.933930702575
10942.24924,2017-10-30 01:30:00,11050.73104970191,11048.984470073188,11109.049384715254
10755.50152,2017-10-30 01:40:00,10829.188835008674,10819.1024612615,10781.480561680108
10767.17325,2017-10-30 01:50:00,10621.227567614595,10595.578514767905,10588.512346818576
10632.94833,2017-10-30 02:00:00,10628.323284105052,10608.785068909867,10604.06839136139
10802.18845,2017-10-30 02:10:00,10499.946303538498,10484.836978316525,10616.877578025034
11280.72948,2017-10-30 02:20:00,10735.007878044977,10739.79201443343,10681.726064695045
11111.48936,2017-10-30 02:30:00,11306.856659745921,11320.836982775061,11135.84440426831
11000.6079,2017-10-30 02:40:00,11053.622829932185,11037.23668603257,10939.854454213504
11053.1307,2017-10-30 02:50:00,10892.891324680377,10866.084770345858,10808.121353717157
11111.48936,2017-10-30 03:00:00,10875.457840698604,10834.136518944422,10788.319130446722
11076.47416,2017-10-30 03:10:00,10935.551887444173,10901.380709313678,10879.24967672991
11123.16109,2017-10-30 03:20:00,10923.141819454322,10923.394122748137,10861.90817376692
11058.96657,2017-10-30 03:30:00,10965.122077513439,10957.068261711896,10846.77034652623
10971.42857,2017-10-30 03:40:00,10872.634087516326,10852.569941903212,10779.736736137495
11041.45897,2017-10-30 03:50:00,10765.443147114362,10744.846375457493,10674.834283043423
11076.47416,2017-10-30 04:00:00,10838.969519340933,10831.759529064257,10726.1919672519
11111.48936,2017-10-30 04:10:00,10887.07227021235,10879.192207291057,10784.70060350618
11058.96657,2017-10-30 04:20:00,10928.746076444491,10922.964930944712,10797.521457328969
11064.80243,2017-10-30 04:30:00,10859.384520258214,10847.0049202831,10757.6675971291
11064.80243,2017-10-30 04:40:00,10860.155064537106,10840.946961417341,10761.88555794077
11158.17629,2017-10-30 04:50:00,10869.083055801715,10854.162453723238,10776.608259819935
11263.22188,2017-10-30 05:00:00,10997.626547251402,10993.909189245394,10979.461434336967
11409.11854,2017-10-30 05:10:00,11130.588794948932,11133.794566839417,11069.660343486697
11117.32523,2017-10-30 05:20:00,11278.408932555518,11278.301098492713,11222.666645529029
10895.56231,2017-10-30 05:30:00,10885.524748143991,10864.46630877932,10799.226703537262
10802.18845,2017-10-30 05:40:00,10608.013102595334,10577.139994838173,10582.02299939533
10761.33739,2017-10-30 05:50:00,10495.22828712289,10471.484442604047,10425.928725344298
10551.2462,2017-10-30 06:00:00,10462.147261690428,10456.196574013666,10313.003473541368
10072.70517,2017-10-30 06:10:00,10231.831174671226,10240.970873343853,10201.604744289687
9284.863222,2017-10-30 06:20:00,9659.049871654526,9642.242838113261,9785.647834726271
8637.082067,2017-10-30 06:30:00,8719.670044299468,8675.776333429745,9118.38344623638
8251.914894,2017-10-30 06:40:00,8023.317266193137,7985.832908598544,8367.18624308836
8216.899696,2017-10-30 06:50:00,7717.218025130151,7716.029202209245,8204.734864755923
8327.781155,2017-10-30 07:00:00,7978.723066502162,8017.316103578314,8206.852943820233
7814.224924,2017-10-30 07:10:00,8250.564415705152,8306.472511817141,8268.422199813955
7750.030395,2017-10-30 07:20:00,7710.406828357862,7719.772115900405,7981.920699646417
7720.851064,2017-10-30 07:30:00,7693.041107440626,7679.16419446629,7962.682208082675
7715.015198,2017-10-30 07:40:00,7693.821135324046,7666.944261450644,8017.017404542265
7709.179331,2017-10-30 07:50:00,7721.251196916808,7704.46323538176,7969.15898789313
8000.972644,2017-10-30 08:00:00,7796.521731019418,7806.33163407187,8039.767119337872
8111.854103,2017-10-30 08:10:00,8160.703838564341,8154.553679158704,8156.434774601646
8257.75076,2017-10-30 08:20:00,8287.043829341748,8281.835932096164,8299.002167890536
8572.887538,2017-10-30 08:30:00,8430.248341539416,8423.748417975225,8441.251933242707
8701.276596,2017-10-30 08:40:00,8765.586165247205,8760.914771270149,8663.659453004373
8952.218845,2017-10-30 08:50:00,8860.005307317217,8839.26840381961,8680.56726983877
9185.653495,2017-10-30 09:00:00,9150.832431228631,9142.550906696106,9048.8311921125
9611.671733,2017-10-30 09:10:00,9372.67814097335,9363.645273150112,9368.674929154075
9810.091185,2017-10-30 09:20:00,9817.336847593597,9812.567961769233,9753.382369190183
9880.121581,2017-10-30 09:30:00,9986.676919456353,9984.524311480081,9984.573801796972
9985.167173,2017-10-30 09:40:00,10011.290761096934,9993.907272772103,10019.143450194024
10142.73556,2017-10-30 09:50:00,10078.389581042662,10057.716545222112,10118.565668622441
10282.79635,2017-10-30 10:00:00,10238.14825189632,10215.288509619639,10290.31131188506
10002.67477,2017-10-30 10:10:00,10381.588974877488,10377.283441857757,10534.061807359076
10061.03343,2017-10-30 10:20:00,10026.269450087155,10010.931047974314,10143.292316336108
9985.167173,2017-10-30 10:30:00,10100.509093801575,10087.424858050485,10190.905364630491
10341.15502,2017-10-30 10:40:00,10025.034928870104,10014.221246137227,10101.083473804776
10218.60182,2017-10-30 10:50:00,10468.071124375023,10483.70941720494,10552.008942405791
10066.8693,2017-10-30 11:00:00,10227.734270660898,10247.0548335846,10386.856606629663
10154.40729,2017-10-30 11:10:00,10039.866297105918,10027.224990017288,10170.937413533808
10376.17021,2017-10-30 11:20:00,10161.333518527634,10155.492698091815,10410.556859788834
10346.99088,2017-10-30 11:30:00,10424.22783178313,10418.264511785394,10568.528422830417
10364.49848,2017-10-30 11:40:00,10412.567581634277,10428.271917588823,10450.422713160126
10457.87234,2017-10-30 11:50:00,10420.021565095001,10423.859143830827,10507.436141815975
10545.41033,2017-10-30 12:00:00,10544.145547302198,10532.144577125342,10705.401465581264
10685.47112,2017-10-30 12:10:00,10635.694075461091,10627.501275344557,10924.43560368119
10878.05471,2017-10-30 12:20:00,10805.571699943564,10813.647576814357,11059.570729664329
10971.42857,2017-10-30 12:30:00,11005.902905103307,11012.00703534286,11045.444959725317
10971.42857,2017-10-30 12:40:00,11068.783033516285,11063.842881622311,11131.238864200928
10988.93617,2017-10-30 12:50:00,11033.995836300448,11022.955597929282,11139.961254370726
10895.56231,2017-10-30 13:00:00,11061.958341854803,11044.762915669251,11152.77492411331
10749.66565,2017-10-30 13:10:00,10917.988520935447,10896.252468476134,11067.528245296318
10761.33739,2017-10-30 13:20:00,10761.400854644808,10745.78112121496,11056.99078818308
10778.84498,2017-10-30 13:30:00,10797.126135451676,10794.2468801926,11090.256254082191
10936.41337,2017-10-30 13:40:00,10831.55454492667,10833.970481545071,11125.795374212985
10720.48632,2017-10-30 13:50:00,11022.040795431336,11035.427809505181,11102.234222397114
10702.97872,2017-10-30 14:00:00,10789.708966411923,10783.678471678864,11100.128493672513
10720.48632,2017-10-30 14:10:00,10768.680067025161,10752.217084129681,11130.492651171298
10656.29179,2017-10-30 14:20:00,10813.996620837548,10800.894812588886,11114.634424593718
10627.11246,2017-10-30 14:30:00,10730.782626613833,10715.984243084986,11116.73166193238
10656.29179,2017-10-30 14:40:00,10709.255639694185,10709.80650022841,11087.067286191439
10533.7386,2017-10-30 14:50:00,10733.215193931974,10721.3184358601,11108.395378764702
10597.93313,2017-10-30 15:00:00,10623.791208288298,10605.386768026672,10949.287561133646
10498.7234,2017-10-30 15:10:00,10714.372141430995,10705.445806580014,11031.172405555619
10510.39514,2017-10-30 15:20:00,10609.74502526132,10595.374228011351,10730.905943015798
10387.84195,2017-10-30 15:30:00,10623.524281944308,10610.104634460931,10800.139242509249
10370.33435,2017-10-30 15:40:00,10483.422475009549,10469.489329551227,10593.213139313499
10282.79635,2017-10-30 15:50:00,10455.394114725177,10436.52361480596,10563.05623553499
11175.68389,2017-10-30 16:00:00,10393.901756667376,10379.067207911194,10455.991358197949
11187.35562,2017-10-30 16:10:00,11455.572378636836,11475.339422109719,11384.570218930037
11286.56535,2017-10-30 16:20:00,11421.283672411471,11427.078407388275,11393.070216626453
11444.13374,2017-10-30 16:30:00,11465.309253781874,11446.541635536481,11420.402878710367
11473.31307,2017-10-30 16:40:00,11587.287355551161,11550.720179520204,11552.299424905696
11700.91185,2017-10-30 16:50:00,11522.78158086723,11451.625764114753,11576.865806919453
12039.3921,2017-10-30 17:00:00,11964.154320259266,11945.27192976672,11776.515445312984
12891.42857,2017-10-30 17:10:00,12372.241234049798,12360.042121523127,12194.89529507844
14443.769,2017-10-30 17:20:00,13424.516867496033,13444.482024713858,13162.584122851566
15902.73556,2017-10-30 17:30:00,15248.27671524964,15317.000257170104,15490.286066525498
16708.08511,2017-10-30 17:40:00,16816.472429201167,16880.57542851521,17078.375679835375
17110.75988,2017-10-30 17:50:00,17479.6673569554,17487.164605487305,17832.78120389949
17355.86626,2017-10-30 18:00:00,17634.33614918956,17553.45049958324,18241.610799119328
17536.77812,2017-10-30 18:10:00,17636.470361182874,17511.522134008093,18461.013754550222
17373.37386,2017-10-30 18:20:00,17685.034522698537,17589.776353653735,18475.612326304443
17315.0152,2017-10-30 18:30:00,17428.83250041547,17376.817812671972,17813.217765530124
17250.82067,2017-10-30 18:40:00,17347.338132320943,17327.005348681883,17423.034165877958
17326.68693,2017-10-30 18:50:00,17270.827442501883,17266.70393433219,17231.86865255267
17490.09119,2017-10-30 19:00:00,17368.685788921783,17380.934580969657,17196.202143134986
17414.22492,2017-10-30 19:10:00,17581.621417356084,17612.022249557285,17321.830565918608
17093.25228,2017-10-30 19:20:00,17485.95737086659,17489.91593382448,17314.544707633417
17110.75988,2017-10-30 19:30:00,17097.286578205672,17073.65898917624,16869.378507063426
17239.14894,2017-10-30 19:40:00,17128.32571625347,17100.369622737842,16913.152371030308
17017.38602,2017-10-30 19:50:00,17300.442188820056,17285.53031005951,17126.51288141596
17075.74468,2017-10-30 20:00:00,17040.829533803546,17030.782028637284,16730.192833792775
17157.44681,2017-10-30 20:10:00,17131.439387860966,17126.66644349063,16844.990712766576
17116.59574,2017-10-30 20:20:00,17219.78612785706,17197.87451108265,16968.545505295882
17116.59574,2017-10-30 20:30:00,17174.639446887537,17152.2034557847,16893.358411531015
17227.4772,2017-10-30 20:40:00,17182.16253696686,17171.236925740366,16901.41622558179
17338.35866,2017-10-30 20:50:00,17295.205603969254,17270.405655901977,17075.09187086924
17180.79027,2017-10-30 21:00:00,17382.729678561787,17359.07861375,17192.31051504847
17034.89362,2017-10-30 21:10:00,17173.35708971633,17143.907477705572,16922.963972498685
16708.08511,2017-10-30 21:20:00,16972.5522905309,16933.612705539756,16713.825188655777
16527.17325,2017-10-30 21:30:00,16570.43013796433,16520.149422843137,16404.886854091215
16177.02128,2017-10-30 21:40:00,16387.643800516948,16350.065157231329,16314.658491061833
16130.33435,2017-10-30 21:50:00,16005.50546031005,15982.455148303405,15906.0402088247
15710.15198,2017-10-30 22:00:00,15843.326412288747,15834.456172473183,15781.255778539511
15488.38906,2017-10-30 22:10:00,15385.270070631024,15371.243528204697,15494.602123287385
14986.50456,2017-10-30 22:20:00,15174.467648563052,15154.303956722242,15224.572851351506
14583.82979,2017-10-30 22:30:00,14627.342103785659,14600.637562415299,14770.093054388324
14461.2766,2017-10-30 22:40:00,14202.238055922264,14164.377676447099,14265.663877904855
14251.18541,2017-10-30 22:50:00,14137.857176077385,14127.617836448899,14222.687848701542
13924.3769,2017-10-30 23:00:00,13904.519311569986,13887.264505088406,13974.914153856405
13580.06079,2017-10-30 23:10:00,13592.762341113747,13579.275954844596,13648.5409927031
13480.85106,2017-10-30 23:20:00,13252.111086535999,13220.645420823133,13363.755342434044
13346.62614,2017-10-30 23:30:00,13189.66180342179,13152.762962034769,13223.479700423728
13229.90881,2017-10-30 23:40:00,13086.483926070026,13061.85739290282,13134.72365919411
13008.1459,2017-10-30 23:50:00,12996.891625825285,12975.0702611628,13102.713646674249
12693.00912,2017-10-31 00:00:00,12771.306970007648,12752.685746485178,12908.321085728669
12535.44073,2017-10-31 00:10:00,12413.91336509539,12374.726203536844,12570.343752468449
12272.82675,2017-10-31 00:20:00,12280.845786260208,12252.299088536012,12330.615633643822
11963.52584,2017-10-31 00:30:00,12019.897424977837,11995.181405415895,12159.924744394024
11730.09119,2017-10-31 00:40:00,11710.604041334078,11690.810839240885,11791.233137537307
11520.0,2017-10-31 00:50:00,11488.372473370513,11471.243677475319,11575.650790430442
11309.90881,2017-10-31 01:00:00,11257.638870615583,11238.563538224647,11408.487181980892
11123.16109,2017-10-31 01:10:00,11079.409861558881,11069.669737040906,11206.736485628293
11047.29483,2017-10-31 01:20:00,10927.134772521282,10917.872792098839,11019.75367908257
10959.75684,2017-10-31 01:30:00,10882.424828309562,10870.363522961296,10883.461988768357
10883.89058,2017-10-31 01:40:00,10818.539734165355,10804.721755179955,10752.706703918127
10726.32219,2017-10-31 01:50:00,10765.38337572891,10749.811494460246,10748.289599769085
10644.62006,2017-10-31 02:00:00,10566.401901228379,10544.8181890134,10623.918779700925
10592.09726,2017-10-31 02:10:00,10506.214162124188,10480.98552853766,10585.059908031708
10621.2766,2017-10-31 02:20:00,10496.142210285296,10477.740372664415,10568.29742206224
10615.44073,2017-10-31 02:30:00,10549.791404353431,10537.181521110673,10605.759714371536
10615.44073,2017-10-31 02:40:00,10555.014244006365,10544.486590157223,10609.66987447117
10487.05167,2017-10-31 02:50:00,10562.867105167446,10546.149070355013,10579.903235465828
10498.7234,2017-10-31 03:00:00,10377.170206697405,10354.183202251366,10368.919856965469
10516.231,2017-10-31 03:10:00,10396.798544350328,10374.56959156528,10358.054151125727
10644.62006,2017-10-31 03:20:00,10430.564994543538,10414.814557984959,10437.089071752665
10551.2462,2017-10-31 03:30:00,10583.23294990346,10574.3774169715,10615.77286651278
10452.03647,2017-10-31 03:40:00,10463.951210255673,10450.580212647883,10491.690039055207
10545.41033,2017-10-31 03:50:00,10340.354654098235,10314.420942058212,10310.34458506817
10726.32219,2017-10-31 04:00:00,10434.795415734536,10417.668553884878,10498.596573092316
10808.02432,2017-10-31 04:10:00,10648.62557079025,10639.658828982385,10628.011807002304
10813.86018,2017-10-31 04:20:00,10736.530419489505,10736.803579866631,10622.05242861053
11000.6079,2017-10-31 04:30:00,10719.877644972097,10707.922962289445,10621.116202621031
11035.6231,2017-10-31 04:40:00,10909.96337801965,10889.92362216791,10810.148280047484
11006.44377,2017-10-31 04:50:00,10926.86648853286,10904.164081650533,10847.643312891549
11158.17629,2017-10-31 05:00:00,10875.547169390791,10859.5703016112,10780.89885117827
11292.40122,2017-10-31 05:10:00,11051.762885024182,11042.931042146101,11042.1838150464
11269.05775,2017-10-31 05:20:00,11164.708293838026,11150.118172628929,11080.035646729746
11070.6383,2017-10-31 05:30:00,11101.924100973694,11089.858734918776,11008.120362692065
10843.03951,2017-10-31 05:40:00,10842.743692003372,10819.450349597559,10758.652182819449
10679.63526,2017-10-31 05:50:00,10553.330227300576,10517.111813361471,10499.988652311871
10452.03647,2017-10-31 06:00:00,10362.272099458854,10338.105207723818,10290.98751141857
10183.58663,2017-10-31 06:10:00,10103.283915989714,10091.740020262498,10039.50740205617
9570.820669,2017-10-31 06:20:00,9792.660449928022,9785.962533210617,9900.74902565118
8788.81459,2017-10-31 06:30:00,9075.523612862353,9050.257641732864,9436.199675692915
8572.887538,2017-10-31 06:40:00,8201.371944898028,8162.192775385109,8707.855814634448
8526.200608,2017-10-31 06:50:00,8079.892410343378,8070.328945828747,8317.702370675148
8648.753799,2017-10-31 07:00:00,8302.929492812711,8321.516797654262,8329.572725233957
8794.650456,2017-10-31 07:10:00,8548.338559671354,8591.486415032288,8435.386145435976
8794.650456,2017-10-31 07:20:00,8785.432540960732,8815.096691041714,8792.151829068449
8602.066869,2017-10-31 07:30:00,8773.837037262581,8751.097561529694,8796.242686376887
8532.036474,2017-10-31 07:40:00,8523.752087606439,8475.413770051247,8551.105433776585
8631.246201,2017-10-31 07:50:00,8430.365697016925,8375.36139573638,8552.60012362952
8876.352584,2017-10-31 08:00:00,8595.59033291954,8559.324457966,8719.333154514512
9080.607903,2017-10-31 08:10:00,8914.414408705794,8903.667414293515,8982.592118615112
9279.027356,2017-10-31 08:20:00,9162.25912558791,9162.867906054467,9106.089711019838
9191.489362,2017-10-31 08:30:00,9370.445634015021,9361.28659682002,9384.410183551234
9150.638298,2017-10-31 08:40:00,9213.973335825514,9179.732517692853,9339.851006099881
9419.088146,2017-10-31 08:50:00,9143.459783456054,9101.07582415471,9357.237651724732
9279.027356,2017-10-31 09:00:00,9486.955221166601,9464.822692127596,9582.841014993679
9413.25228,2017-10-31 09:10:00,9327.917631276492,9306.009599358611,9470.419536283287
9413.25228,2017-10-31 09:20:00,9506.431502552896,9504.113775619659,9610.76770270181
9454.103343,2017-10-31 09:30:00,9491.923498009164,9480.552784207495,9607.349737952207
9570.820669,2017-10-31 09:40:00,9530.720701281769,9513.236015287617,9670.126066854817
9693.37386,2017-10-31 09:50:00,9683.638055203757,9687.196613731718,9809.50878874531
9903.465046,2017-10-31 10:00:00,9834.606197875644,9825.043412493305,9874.038861186244
9903.465046,2017-10-31 10:10:00,10049.841845224795,10047.695707337367,10059.373175593737
9926.808511,2017-10-31 10:20:00,10016.382586269241,10000.945364765877,10059.434905222684
10049.3617,2017-10-31 10:30:00,10009.068761444702,9986.117405239307,10108.848281934748
10002.67477,2017-10-31 10:40:00,10152.888014271282,10135.284785362943,10148.290583319851
10294.46809,2017-10-31 10:50:00,10068.100218808006,10044.829765675044,10104.598579605843
10259.45289,2017-10-31 11:00:00,10305.601097684139,10307.912092737279,10503.045387595936
10306.13982,2017-10-31 11:10:00,10244.803413734106,10236.089986871151,10465.501063875992
10346.99088,2017-10-31 11:20:00,10291.07051855208,10278.732228497665,10520.980073537901
10358.66261,2017-10-31 11:30:00,10328.21766150571,10318.977423269502,10500.190092425253
10632.94833,2017-10-31 11:40:00,10321.779202278385,10300.905615269166,10476.50046588511
10843.03951,2017-10-31 11:50:00,10654.321221876147,10661.221831379153,11188.476430154824
10895.56231,2017-10-31 12:00:00,10910.94669266938,10912.317087411673,11118.808892156729
10977.26444,2017-10-31 12:10:00,10941.232420173732,10935.173297501995,11119.261822771314
10872.21884,2017-10-31 12:20:00,11008.863605840212,10995.690715506036,11194.948486312034
10948.08511,2017-10-31 12:30:00,10843.474758437784,10810.470737796202,11132.481677200418
11070.6383,2017-10-31 12:40:00,10922.766482947998,10903.628285671224,11140.965844755003
11117.32523,2017-10-31 12:50:00,11069.143885432622,11063.77316406633,11239.941868554892
11228.20669,2017-10-31 13:00:00,11141.53345559934,11134.42788041211,11313.287186271613
11164.01216,2017-10-31 13:10:00,11249.567729814551,11247.124966968599,11425.977420141884
11204.86322,2017-10-31 13:20:00,11147.487945103068,11126.791380080194,11414.488920741389
11298.23708,2017-10-31 13:30:00,11183.074318536364,11163.140753476671,11418.637721189778
11409.11854,2017-10-31 13:40:00,11291.410016295033,11277.864077208062,11409.60820080018
11432.46201,2017-10-31 13:50:00,11393.584851557094,11379.921633655815,11531.823926820456
11304.07295,2017-10-31 14:00:00,11441.75046448626,11428.475875176899,11539.59806205008
11199.02736,2017-10-31 14:10:00,11273.129916185442,11243.942882543386,11426.906294944265
11169.84802,2017-10-31 14:20:00,11150.669794299265,11119.254121493635,11417.33189877789
11444.13374,2017-10-31 14:30:00,11120.110032735858,11097.164417192444,11404.415729147373
11648.38906,2017-10-31 14:40:00,11465.907075344065,11466.739037906005,11561.268802363033
11549.17933,2017-10-31 14:50:00,11693.362826788822,11702.341312587956,11651.715059446211
11438.29787,2017-10-31 15:00:00,11576.613316850386,11561.364691186296,11629.607441699623
11537.5076,2017-10-31 15:10:00,11407.989819832954,11372.442040803198,11577.84091550016
11368.26748,2017-10-31 15:20:00,11505.633040091476,11464.646795092744,11613.629799066377
11403.28267,2017-10-31 15:30:00,11297.920143570858,11264.123150297331,11514.966871418748
11420.79027,2017-10-31 15:40:00,11364.918836406508,11352.461581608339,11540.410660646488
11449.9696,2017-10-31 15:50:00,11385.382993270956,11369.593584017708,11542.676511007976
11327.41641,2017-10-31 16:00:00,11488.587181532657,11468.855116979781,11540.949939408198
11234.04255,2017-10-31 16:10:00,11351.68139675528,11336.783280435542,11424.97704726427
11280.72948,2017-10-31 16:20:00,11246.229584557133,11218.762934237697,11405.797893122717
11484.9848,2017-10-31 16:30:00,11320.595419316836,11299.837882824399,11380.352661284624
11654.22492,2017-10-31 16:40:00,11578.853904661748,11569.03530988418,11541.568996739607
11607.53799,2017-10-31 16:50:00,11783.107842686008,11782.148120049937,11614.705427625127
11852.64438,2017-10-31 17:00:00,11863.196238898341,11839.860855419303,11714.728036443013
12657.99392,2017-10-31 17:10:00,12179.091118003747,12155.237191882234,12165.907767005234
14432.09726,2017-10-31 17:20:00,13196.402663860094,13205.588145082847,12995.863645022537
15966.93009,2017-10-31 17:30:00,15300.690415962494,15376.536247306572,15734.215027727127
16953.19149,2017-10-31 17:40:00,16953.772881542223,17039.47204816551,17141.68321849341
17297.5076,2017-10-31 17:50:00,17802.661686509648,17817.804540741923,18060.837864795503
17361.70213,2017-10-31 18:00:00,17847.81026869733,17761.256309172823,18386.143962918948
17507.59878,2017-10-31 18:10:00,17610.25955230046,17459.65651997823,18472.158253320536
17729.3617,2017-10-31 18:20:00,17616.02976369344,17506.698669190937,18399.49279434524
17741.03343,2017-10-31 18:30:00,17817.3310025598,17772.86738883562,17986.59903720288
17828.57143,2017-10-31 18:40:00,17807.523824950928,17804.853921860973,17700.120650770852
17811.06383,2017-10-31 18:50:00,17892.110290394925,17904.01795636901,17806.951249847403
17851.91489,2017-10-31 19:00:00,17838.70407949061,17837.983321252213,17703.62267293994
17997.81155,2017-10-31 19:10:00,17864.63845569732,17861.037112726746,17684.10229214359
17939.45289,2017-10-31 19:20:00,18020.198237962395,18020.661655792872,17777.730526434098
17956.96049,2017-10-31 19:30:00,17931.779493070302,17914.100849260183,17702.40752428581
17548.44985,2017-10-31 19:40:00,17953.900361497504,17933.827030720084,17708.804071880193
17606.80851,2017-10-31 19:50:00,17445.319089333832,17402.37720666898,17287.516065202497
17700.18237,2017-10-31 20:00:00,17523.302742377386,17490.64554026066,17360.45613576647
17735.19757,2017-10-31 20:10:00,17671.881295695144,17661.443373257516,17389.5572759007
17478.41945,2017-10-31 20:20:00,17728.107441985318,17719.11511496464,17404.314245192243
17379.20973,2017-10-31 20:30:00,17442.798806582105,17430.658632952516,17245.82351771429
17361.70213,2017-10-31 20:40:00,17326.773709941546,17285.230773854746,17153.487227636797
17005.71429,2017-10-31 20:50:00,17327.609371147668,17295.744428415263,17122.87116191096
16848.1459,2017-10-31 21:00:00,16896.03307328102,16863.496189094523,16743.17528511913
16708.08511,2017-10-31 21:10:00,16752.33199319599,16733.498313429543,16603.868245625486
16433.79939,2017-10-31 21:20:00,16603.77393248014,16577.207216708106,16515.715723137502
16217.87234,2017-10-31 21:30:00,16311.806331232207,16284.41039262482,16226.112473336383
16054.46809,2017-10-31 21:40:00,16104.61479730125,16092.569203514575,16004.338661136004
16182.85714,2017-10-31 21:50:00,15951.467889939175,15927.9387365363,15780.876632269148
15803.52584,2017-10-31 22:00:00,15976.691876799157,15967.497583623563,15902.960399429821
15505.89666,2017-10-31 22:10:00,15546.687685187668,15525.046320577912,15526.127351464853
15249.11854,2017-10-31 22:20:00,15204.196366367378,15168.09557927393,15239.988308949572
14980.66869,2017-10-31 22:30:00,14917.514211988295,14873.815762672793,15008.866543657678
14758.90578,2017-10-31 22:40:00,14639.698081918961,14594.469932926218,14667.907776441036
14537.14286,2017-10-31 22:50:00,14451.169022638447,14437.321572879498,14389.388169116874
14070.27356,2017-10-31 23:00:00,14203.277583749816,14180.687724395519,14220.569168659875
13807.65957,2017-10-31 23:10:00,13692.639578747394,13656.440169860478,13784.915822281733
13562.55319,2017-10-31 23:20:00,13457.930985326646,13426.101332432056,13597.09108086942
13288.26748,2017-10-31 23:30:00,13239.969243287525,13211.361958512272,13368.551286482536
12984.80243,2017-10-31 23:40:00,12989.25291212598,12965.936858475823,13082.299351551603
12967.29483,2017-10-31 23:50:00,12703.978041136175,12683.776394154027,12843.883059837077
12497.3494,2017-11-01 00:00:00,12775.16310796439,12786.055275330993,12797.888409158808
12399.03614,2017-11-01 00:10:00,12262.472617458754,12260.154987599388,12211.91889300607
12283.37349,2017-11-01 00:20:00,12208.439140013441,12213.491844581036,12252.89334266609
12075.18072,2017-11-01 00:30:00,12116.231316723903,12121.168842705254,12189.236386054044
11757.10843,2017-11-01 00:40:00,11899.861047574697,11894.410715138256,11972.862308465275
11184.57831,2017-11-01 00:50:00,11572.5303906398,11576.517107344102,11625.889179470214
11005.3012,2017-11-01 01:00:00,10885.455321543292,10859.322979510627,11135.767323319918
10935.90361,2017-11-01 01:10:00,10750.338947671251,10743.285002350549,10899.09644784898
10826.0241,2017-11-01 01:20:00,10760.10844575386,10776.574746373433,10787.001064488813
10635.18072,2017-11-01 01:30:00,10705.913050804145,10733.877374598498,10715.1492653923
10704.57831,2017-11-01 01:40:00,10538.772247452205,10562.730113253227,10482.065983860897
10646.74699,2017-11-01 01:50:00,10646.756941860165,10647.784059110072,10541.814422010862
10513.73494,2017-11-01 02:00:00,10557.867589027162,10556.662955143127,10518.82629533231
10490.60241,2017-11-01 02:10:00,10421.383998277366,10418.792042471825,10409.635320674599
10409.63855,2017-11-01 02:20:00,10427.935628548303,10427.03002710575,10332.400174678205
10606.26506,2017-11-01 02:30:00,10334.911492976846,10322.762555009433,10152.84265019393
10629.39759,2017-11-01 02:40:00,10590.3546468971,10599.617160064769,10560.949948552463
10386.50602,2017-11-01 02:50:00,10614.84433374213,10625.253787847854,10573.6077515177
10293.9759,2017-11-01 03:00:00,10287.223274641721,10280.214273021673,10125.8032929533
10236.14458,2017-11-01 03:10:00,10183.75070815329,10175.209816362567,10093.17377000284
10276.62651,2017-11-01 03:20:00,10128.361019555268,10117.067420385443,10091.23926864474
10380.72289,2017-11-01 03:30:00,10203.23462152285,10216.629849682558,10107.575528007494
10444.33735,2017-11-01 03:40:00,10348.591150810207,10375.116981637431,10117.404861041265
10346.0241,2017-11-01 03:50:00,10426.823748674266,10440.414531990882,10258.09393175132
10357.59036,2017-11-01 04:00:00,10284.325344636454,10288.501388490226,10153.752044462279
10380.72289,2017-11-01 04:10:00,10294.272065735553,10292.260324780036,10168.66674075906
10450.12048,2017-11-01 04:20:00,10315.77166700592,10316.118278915663,10202.754341413265
10461.68675,2017-11-01 04:30:00,10410.357537082415,10419.86049589166,10264.50924133558
10502.16867,2017-11-01 04:40:00,10426.962944972802,10440.89719987586,10326.834586142573
10536.86747,2017-11-01 04:50:00,10463.614315970193,10471.379517900372,10350.793378669983
10606.26506,2017-11-01 05:00:00,10489.341040611453,10499.188388565119,10416.185355267393
10837.59036,2017-11-01 05:10:00,10569.989889072103,10581.68888483543,10437.414829666644
10826.0241,2017-11-01 05:20:00,10823.950970291326,10844.686344163167,10681.30138208743
10594.6988,2017-11-01 05:30:00,10764.642282989189,10774.385939725984,10636.230083124443
10340.24096,2017-11-01 05:40:00,10453.142876918275,10446.263026104982,10330.966028464265
10288.19277,2017-11-01 05:50:00,10136.920567708008,10120.649971484172,10024.552369763194
9987.46988,2017-11-01 06:00:00,10073.327196699425,10066.935585962397,10014.070477533896
9617.349398,2017-11-01 06:10:00,9737.311624987742,9746.785007944927,9850.019346103056
8911.807229,2017-11-01 06:20:00,9309.861182276336,9321.43254552566,9463.061287593602
8229.39759,2017-11-01 06:30:00,8480.90859733631,8471.113865948515,8739.672926743571
7685.783133,2017-11-01 06:40:00,7747.924988096425,7731.398024101909,8350.874968649274
7610.60241,2017-11-01 06:50:00,7250.98714031149,7263.8668203458255,8220.344948977667
7801.445783,2017-11-01 07:00:00,7473.212024080614,7520.005042997305,8143.166800760823
7893.975904,2017-11-01 07:10:00,7848.5676871163705,7925.934746479486,8126.547280996064
7969.156627,2017-11-01 07:20:00,8035.275376343301,8095.688604509614,8160.92297528646
7610.60241,2017-11-01 07:30:00,8130.6984799997135,8156.367705214294,8212.281944750546
7662.650602,2017-11-01 07:40:00,7667.673888600524,7637.730348230491,8087.894697237311
7859.277108,2017-11-01 07:50:00,7731.906082061814,7700.01898357953,8104.313110907014
8084.819277,2017-11-01 08:00:00,8012.31634886376,8008.797820817144,8234.677716837998
8622.650602,2017-11-01 08:10:00,8296.769719042379,8312.775763815127,8343.338920837408
8732.53012,2017-11-01 08:20:00,8934.1173300603,8980.15264756075,8677.68599832794
8744.096386,2017-11-01 08:30:00,8974.315699780665,8980.81932005794,8768.904034506131
9044.819277,2017-11-01 08:40:00,8906.86190193647,8893.688570771914,8830.795245164014
9351.325301,2017-11-01 08:50:00,9220.190376430755,9211.240591614638,9096.1662672025
9466.987952,2017-11-01 09:00:00,9532.013889713438,9524.275146832493,9515.295135886241
9542.168675,2017-11-01 09:10:00,9645.677175351117,9659.66105656261,9732.004474789497
9652.048193,2017-11-01 09:20:00,9685.190639061077,9690.59240339866,9805.645553133032
9883.373494,2017-11-01 09:30:00,9758.608258284232,9751.013583668642,9843.828798584207
9871.807229,2017-11-01 09:40:00,10005.22451352199,10009.549264782228,10021.55021339851
10027.95181,2017-11-01 09:50:00,9963.996051695376,9972.778084467494,10074.492554256807
10103.13253,2017-11-01 10:00:00,10162.0291475731,10173.736423700811,10216.462857308103
10224.57831,2017-11-01 10:10:00,10213.264742998475,10216.552190203485,10296.553275443403
9912.289157,2017-11-01 10:20:00,10331.049121140477,10334.430379207117,10442.140584345154
9819.759036,2017-11-01 10:30:00,9939.128558491611,9936.0360075776,10108.854122936205
9923.855422,2017-11-01 10:40:00,9827.225557779264,9817.155649050486,9998.617155854454
10114.6988,2017-11-01 10:50:00,9983.147375932424,9991.630994227216,10081.478224542576
9964.337349,2017-11-01 11:00:00,10118.457341423662,10144.945572589811,10293.096920446991
9993.253012,2017-11-01 11:10:00,9957.565790651284,9989.044845353234,10097.79961092808
10114.6988,2017-11-01 11:20:00,9986.369269209612,9996.511112883583,10098.138709216504
10160.96386,2017-11-01 11:30:00,10113.22771894604,10116.1004953821,10278.451418937706
10259.27711,2017-11-01 11:40:00,10172.435430127392,10180.396673161711,10436.499871882641
10334.45783,2017-11-01 11:50:00,10302.987875018804,10326.30679088538,10490.900099372417
10340.24096,2017-11-01 12:00:00,10400.396175386835,10407.420592208284,10593.067695579888
10340.24096,2017-11-01 12:10:00,10393.37748771672,10394.041372807122,10585.266303213977
10461.68675,2017-11-01 12:20:00,10380.931453987221,10385.762770665402,10522.996875382745
10606.26506,2017-11-01 12:30:00,10514.201698363853,10523.009129160127,10827.238085285162
10721.92771,2017-11-01 12:40:00,10684.104689088359,10700.454113009066,11210.907770958798
10745.06024,2017-11-01 12:50:00,10806.149821543466,10824.507940400166,11196.585233564569
10710.36145,2017-11-01 13:00:00,10834.637427824873,10842.857179978218,11212.995354106968
10733.49398,2017-11-01 13:10:00,10760.281069935376,10756.339532198559,11206.601747470188
10837.59036,2017-11-01 13:20:00,10767.890842781566,10764.669416110777,11411.254031796854
11930.60241,2017-11-01 13:30:00,10892.479343001778,10899.524898623662,11474.029940218488
13532.53012,2017-11-01 13:40:00,12175.820908513308,12232.795929780317,12063.865032066318
13364.81928,2017-11-01 13:50:00,13966.27681356618,14061.3386633769,13446.120864206636
12988.91566,2017-11-01 14:00:00,13562.324910657726,13574.042824139702,13410.527640375129
11612.53012,2017-11-01 14:10:00,12903.784491755268,12833.730368865025,13067.672540602634
11687.71084,2017-11-01 14:20:00,11112.51450947565,10939.164161379453,11812.00687087486
11606.74699,2017-11-01 14:30:00,11278.986598540556,11187.399575948035,11826.084176902157
11635.66265,2017-11-01 14:40:00,11377.923737693585,11436.165859447074,11691.807901615135
11531.56627,2017-11-01 14:50:00,11546.529823914272,11638.644983018341,11659.084243033722
11687.71084,2017-11-01 15:00:00,11549.13130280195,11641.755140966045,11607.335121084065
11635.66265,2017-11-01 15:10:00,11726.23807729856,11732.769299519801,11679.779499642093
11676.14458,2017-11-01 15:20:00,11656.150568201378,11663.90125620907,11720.614750965404
11693.49398,2017-11-01 15:30:00,11698.33904093078,11694.140936598134,11735.381852202565
11641.44578,2017-11-01 15:40:00,11715.78162077823,11702.376122329053,11736.15954661268
11548.91566,2017-11-01 15:50:00,11644.76563466361,11620.323663976946,11690.314769666258
11479.51807,2017-11-01 16:00:00,11568.838920353162,11551.567030112008,11625.437180910953
11456.38554,2017-11-01 16:10:00,11488.987566465516,11477.228682193203,11570.476872653557
11560.48193,2017-11-01 16:20:00,11485.80393708856,11481.53302955891,11538.754694684902
11664.57831,2017-11-01 16:30:00,11642.624748318818,11651.24052970692,11574.458484350402
11739.75904,2017-11-01 16:40:00,11781.512367546986,11793.414092844108,11606.344988537434
11693.49398,2017-11-01 16:50:00,11860.480942089518,11867.390099118738,11676.974797989275
12057.83133,2017-11-01 17:00:00,11943.84034718159,11931.336856705224,11820.966929625105
13006.26506,2017-11-01 17:10:00,12414.56028795084,12415.062327840664,12227.39728594284
15001.44578,2017-11-01 17:20:00,13621.03304267212,13666.408785036725,13336.645761486578
16481.92771,2017-11-01 17:30:00,15971.91064850836,16082.987055291316,16299.053617407184
17083.37349,2017-11-01 17:40:00,17522.239436296666,17623.92879835373,17596.601222590332
17343.61446,2017-11-01 17:50:00,17879.4149925977,17884.912239081095,18168.80208873841
17696.38554,2017-11-01 18:00:00,17822.05529299176,17730.85376535001,18458.663091195845
17858.31325,2017-11-01 18:10:00,17955.953144751424,17828.22860346802,18606.844812805277
17991.3253,2017-11-01 18:20:00,18025.37478647119,17960.743991102787,18651.13378712531
17765.78313,2017-11-01 18:30:00,18131.963190953982,18130.214827136293,18521.321756284713
17852.53012,2017-11-01 18:40:00,17821.225906712418,17825.28727140285,17916.856885915502
17875.66265,2017-11-01 18:50:00,17902.802128796895,17916.033462639683,17849.512550883937
17881.44578,2017-11-01 19:00:00,17930.11237979167,17957.83882878837,17809.723632097284
17858.31325,2017-11-01 19:10:00,17946.4972988618,17978.648646943988,17801.225743665225
17835.18072,2017-11-01 19:20:00,17921.281644513387,17949.89334221571,17703.90973000437
17609.63855,2017-11-01 19:30:00,17882.890025304365,17883.47293065954,17676.78490279662
17586.50602,2017-11-01 19:40:00,17597.422336718926,17590.320907752455,17323.782955695176
17557.59036,2017-11-01 19:50:00,17588.22059354845,17586.824732750214,17325.495094685513
17771.56627,2017-11-01 20:00:00,17567.295872435618,17568.821752103642,17312.09124744698
17719.51807,2017-11-01 20:10:00,17847.946453858614,17862.999787989127,17519.137804843318
17725.3012,2017-11-01 20:20:00,17777.003701902504,17787.77077402234,17420.19164423072
17551.80723,2017-11-01 20:30:00,17765.46822361679,17759.72422629148,17431.707146999564
17262.6506,2017-11-01 20:40:00,17549.839916936846,17532.014569002877,17312.010431617615
17181.68675,2017-11-01 20:50:00,17187.051696735954,17155.48309660095,17022.953909700762
17187.46988,2017-11-01 21:00:00,17098.86194744908,17089.088282744648,16860.209750213755
16938.79518,2017-11-01 21:10:00,17134.60814429713,17134.553222639017,16841.59569910969
16794.21687,2017-11-01 21:20:00,16858.977370276465,16861.760446401666,16562.65484659029
16719.03614,2017-11-01 21:30:00,16716.131075505637,16717.449209025057,16211.83982598674
16632.28916,2017-11-01 21:40:00,16641.562668028782,16631.291344787493,16263.568010146353
16453.01205,2017-11-01 21:50:00,16578.51417048765,16572.110722338995,16261.450648441434
16059.75904,2017-11-01 22:00:00,16221.486515301325,16221.849599756759,16156.581654765183
15845.78313,2017-11-01 22:10:00,15763.805825995398,15743.94590656436,15745.865178886968
15429.39759,2017-11-01 22:20:00,15536.338964200622,15515.666088396396,15592.573281227851
15163.37349,2017-11-01 22:30:00,15081.417614333393,15061.93376479166,15117.272832180674
14932.04819,2017-11-01 22:40:00,14840.232825172432,14836.590047508798,14931.657582875381
14608.19277,2017-11-01 22:50:00,14644.69150967173,14652.262388770698,14569.142069341002
14266.98795,2017-11-01 23:00:00,14273.111651547817,14268.025018378348,14239.359364992462
13717.59036,2017-11-01 23:10:00,13936.892317736048,13935.912112401442,13972.359447592264
13272.28916,2017-11-01 23:20:00,13347.365671145086,13327.494873773296,13581.45092258722
13052.53012,2017-11-01 23:30:00,12903.30456752241,12885.301041913128,13065.240948473795
12809.63855,2017-11-01 23:40:00,12745.575674693597,12745.269684891371,12923.315019540189
12676.62651,2017-11-01 23:50:00,12565.313226959213,12574.270919250219,12643.51701467309
12578.31325,2017-11-02 00:00:00,12489.999327839872,12520.897009106176,12493.512866979507
12410.60241,2017-11-02 00:10:00,12437.426761312186,12454.21429323405,12399.552846667815
12254.45783,2017-11-02 00:20:00,12272.363825586071,12271.87984745781,12282.046896968372
12000.0,2017-11-02 00:30:00,12114.37267544098,12109.628168324272,12205.61319420421
11843.85542,2017-11-02 00:40:00,11826.837323486074,11810.097295395452,11900.403401380154
11485.3012,2017-11-02 00:50:00,11654.425465664848,11639.406324857559,11691.649837265779
11178.79518,2017-11-02 01:00:00,11231.451390769114,11217.862354967994,11362.814810653956
11132.53012,2017-11-02 01:10:00,10925.75044845753,10916.299371013483,11029.718765606545
11011.08434,2017-11-02 01:20:00,10943.072310078132,10951.170910123392,10947.444567844705
10970.60241,2017-11-02 01:30:00,10849.364015363039,10858.136016880148,10715.614813838502
10878.07229,2017-11-02 01:40:00,10866.13556822698,10885.513389998981,10711.0433786158
10814.45783,2017-11-02 01:50:00,10784.284032602784,10788.985933535421,10678.705774697111
10768.19277,2017-11-02 02:00:00,10684.351032452247,10675.38029059684,10625.617171474947
10560.0,2017-11-02 02:10:00,10651.095754277432,10646.221865054958,10577.919060751665
10669.87952,2017-11-02 02:20:00,10415.615978517257,10401.852032847692,10530.50221803208
10455.90361,2017-11-02 02:30:00,10587.756367862545,10588.489446515418,10536.021972828179
10513.73494,2017-11-02 02:40:00,10348.439088083811,10341.411253473445,10311.08926677392
10340.24096,2017-11-02 02:50:00,10427.76671064947,10428.774855409087,10425.092886053602
10392.28916,2017-11-02 03:00:00,10206.119270705898,10208.007970465875,10179.680153025996
10351.80723,2017-11-02 03:10:00,10277.354135446092,10273.054226385651,10154.71971660637
10392.28916,2017-11-02 03:20:00,10258.667849404852,10268.404015578344,10122.157933408858
10328.6747,2017-11-02 03:30:00,10314.896987274562,10314.83416870511,10126.801457371052
10288.19277,2017-11-02 03:40:00,10251.600471368816,10256.722658783801,10082.261134204407
10282.40964,2017-11-02 03:50:00,10197.510347171854,10189.990985670269,10146.708974578196
10178.31325,2017-11-02 04:00:00,10181.706085680496,10183.362202199976,10114.586665965779
10317.10843,2017-11-02 04:10:00,10064.923835480411,10063.50614587697,10094.477933139486
10432.77108,2017-11-02 04:20:00,10251.48452596255,10262.992036006272,10131.870988856132
10334.45783,2017-11-02 04:30:00,10392.37164424192,10406.365300230751,10143.529910127025
10276.62651,2017-11-02 04:40:00,10266.17737712708,10270.00033561171,10167.53361820199
10444.33735,2017-11-02 04:50:00,10194.013634252933,10195.291324303878,10166.430061877474
10756.62651,2017-11-02 05:00:00,10374.188674009685,10375.344913500401,10208.868567201438
10964.81928,2017-11-02 05:10:00,10750.84314637652,10772.107600744039,10413.506400684106
10941.68675,2017-11-02 05:20:00,10970.777653549903,10999.841610909974,10750.775978552376
10658.31325,2017-11-02 05:30:00,10873.898637347163,10878.739409605107,10647.341665037831
10473.25301,2017-11-02 05:40:00,10467.628307535113,10439.16022090882,10440.380550063393
10207.22892,2017-11-02 05:50:00,10231.84335146768,10200.8168385046,10190.054900676912
10103.13253,2017-11-02 06:00:00,9917.606677182073,9905.38263130314,9965.125795187561
9542.168675,2017-11-02 06:10:00,9830.178937056295,9844.24576180019,9896.012309463687
8882.891566,2017-11-02 06:20:00,9174.148465560836,9181.99209595865,9411.53922702715
8107.951807,2017-11-02 06:30:00,8412.217445645078,8401.521129505963,8740.50846944222
7523.855422,2017-11-02 06:40:00,7569.243067044117,7556.420280743356,8267.110330481944
7546.987952,2017-11-02 06:50:00,7021.25006410668,7021.742674605857,8170.224131658713
7622.168675,2017-11-02 07:00:00,7390.318458358388,7447.413048631255,8057.253661595746
7870.843373,2017-11-02 07:10:00,7635.730399251226,7707.219398728217,8061.9739880999105
7853.493976,2017-11-02 07:20:00,8025.923516458513,8093.847260660201,8099.71591181403
7813.012048,2017-11-02 07:30:00,7990.378757991088,8010.218781409554,8117.1416815044195
7575.903614,2017-11-02 07:40:00,7905.224910825664,7877.412131901052,8078.91111532217
7616.385542,2017-11-02 07:50:00,7617.117231609243,7577.722120381042,8064.560029756265
7836.144578,2017-11-02 08:00:00,7699.5979365614585,7671.032759344924,8131.789804858754
7980.722892,2017-11-02 08:10:00,8020.18084315092,8029.529124030343,8236.748628253805
7998.072289,2017-11-02 08:20:00,8201.664207654281,8221.430730277842,8306.874324593307
8431.807229,2017-11-02 08:30:00,8205.446505307398,8224.245356514646,8328.307230536479
8657.349398,2017-11-02 08:40:00,8691.187717827803,8706.497871272231,8580.751324596604
8761.445783,2017-11-02 08:50:00,8915.59251071863,8924.001808170915,8669.081437072988
8859.759036,2017-11-02 09:00:00,9001.137323249966,9006.901389307834,8882.180734396345
9062.168675,2017-11-02 09:10:00,9068.472153998171,9066.470555488608,9051.05618898438
9218.313253,2017-11-02 09:20:00,9247.937017993441,9233.293157692646,9184.92057496205
9229.879518,2017-11-02 09:30:00,9410.166517982656,9414.514966008717,9499.857944354811
10577.3494,2017-11-02 09:40:00,9385.071402373156,9391.362772653125,9555.152154247191
11230.84337,2017-11-02 09:50:00,10946.751001748522,11003.81858222697,10898.443268612304
11138.31325,2017-11-02 10:00:00,11617.263928376718,11663.782775959295,11207.658716774793
11317.59036,2017-11-02 10:10:00,11351.924768738894,11353.214030082989,11269.438352484827
11716.62651,2017-11-02 10:20:00,11403.34474896217,11371.075177058381,11444.038907543616
12057.83133,2017-11-02 10:30:00,11716.555981018926,11643.477446486731,11800.025674790957
12306.50602,2017-11-02 10:40:00,12084.13156165463,12079.433230131837,12133.514545568096
12237.10843,2017-11-02 10:50:00,12340.423768312565,12366.642669221383,12371.927478886173
12283.37349,2017-11-02 11:00:00,12055.665669882446,12044.19958108097,12293.149594863127
12346.98795,2017-11-02 11:10:00,12053.400820863215,12030.51909030859,12316.459859160872
12456.86747,2017-11-02 11:20:00,12106.619327926808,12096.157439810377,12412.909859100722
12532.04819,2017-11-02 11:30:00,12232.267260545545,12240.635712188832,12481.692626196016
12607.22892,2017-11-02 11:40:00,12322.775463906552,12337.818414958201,12513.608709951333
12572.53012,2017-11-02 11:50:00,12392.83748848372,12395.075604502286,12629.249242940768
12300.72289,2017-11-02 12:00:00,12374.890116580156,12370.620723931926,12646.23634606998
12271.80723,2017-11-02 12:10:00,12031.58961124589,12013.437776021732,12481.215394128007
12277.59036,2017-11-02 12:20:00,12017.710024247332,12007.517468309916,12447.897356674439
12323.85542,2017-11-02 12:30:00,12054.776591363252,12054.967675961194,12441.284343612637
12306.50602,2017-11-02 12:40:00,12141.467637925127,12155.386168089106,12472.941269581856
12566.74699,2017-11-02 12:50:00,12157.317659459231,12176.287031758635,12403.392440953232
12641.92771,2017-11-02 13:00:00,12478.756100193783,12485.56825122618,12621.972665374104
12774.93976,2017-11-02 13:10:00,12538.79177608306,12538.444169285984,12626.072047259302
12682.40964,2017-11-02 13:20:00,12673.937647680563,12669.944358854435,12688.336065332272
12693.9759,2017-11-02 13:30:00,12594.583690685951,12583.275412886036,12611.819782165318
12537.83133,2017-11-02 13:40:00,12670.024507025824,12655.750908823957,12770.547898957757
12526.26506,2017-11-02 13:50:00,12474.093563095863,12466.303711140927,12575.841380905022
12179.27711,2017-11-02 14:00:00,12477.568903798858,12473.61722671469,12504.342746494029
10993.73494,2017-11-02 14:10:00,12023.801931331596,12017.685945999638,12174.47912224706
10872.28916,2017-11-02 14:20:00,10644.740575424665,10603.69287086726,11283.949693228811
10785.54217,2017-11-02 14:30:00,10626.643702249241,10626.004618586905,11105.757715943888
10640.96386,2017-11-02 14:40:00,10653.148214044439,10682.318286951333,11116.741593448634
10970.60241,2017-11-02 14:50:00,10607.488745913273,10671.427693840575,11115.862015591683
11068.91566,2017-11-02 15:00:00,11151.633888262615,11239.645626462636,11156.741327546137
11028.43373,2017-11-02 15:10:00,11250.229943017075,11260.693562586264,11259.050599068367
10872.28916,2017-11-02 15:20:00,11184.392444636458,11181.147769360803,11223.6860601787
10820.24096,2017-11-02 15:30:00,10976.583130967105,10955.171831700563,11113.863785111747
10785.54217,2017-11-02 15:40:00,10888.568196978465,10850.118550234656,11124.076185274309
10768.19277,2017-11-02 15:50:00,10866.130840980593,10851.299597287638,11136.00545013152
10814.45783,2017-11-02 16:00:00,10886.085641626127,10883.066716511727,11130.736249032638
11016.86747,2017-11-02 16:10:00,10954.701536574188,10964.124819264161,11123.239744200095
11253.9759,2017-11-02 16:20:00,11202.784299423034,11212.523153733775,11241.195485999218
11317.59036,2017-11-02 16:30:00,11476.779611821898,11489.962461219311,11381.587070669455
11462.16867,2017-11-02 16:40:00,11522.921152406136,11526.963772062867,11416.5290758198
11728.19277,2017-11-02 16:50:00,11646.719189476898,11639.16030162943,11603.49324910385
12306.50602,2017-11-02 17:00:00,12076.271303357515,12060.019082407418,11884.06907911784
13295.42169,2017-11-02 17:10:00,12775.381177355415,12783.902060283921,12390.802065365662
15267.46988,2017-11-02 17:20:00,14004.665112334565,14056.836015981791,13799.268709946997
16458.79518,2017-11-02 17:30:00,16278.584153795215,16376.885993252496,16603.030133335138
17256.86747,2017-11-02 17:40:00,17435.439062843794,17501.52700823763,17525.68534423882
17609.63855,2017-11-02 17:50:00,18034.57497576222,18032.426031582876,18281.94688887875
17505.54217,2017-11-02 18:00:00,18110.381280453803,18031.19612225827,18616.770823157563
17690.60241,2017-11-02 18:10:00,17707.099494582628,17575.212311943673,18598.439588843758
17771.56627,2017-11-02 18:20:00,17842.3688054678,17784.272612017674,18520.13012776203
17840.96386,2017-11-02 18:30:00,17878.267220134978,17865.33562584608,18288.806914601784
17875.66265,2017-11-02 18:40:00,17957.65840047899,17984.32690741235,17998.698541601763
17973.9759,2017-11-02 18:50:00,17993.16619725316,18036.33118677401,17884.96456880157
17910.36145,2017-11-02 19:00:00,18071.894656239805,18096.220724274306,17895.52547976976
17777.3494,2017-11-02 19:10:00,17983.207775395516,18003.28224268054,17839.49275414518
17655.90361,2017-11-02 19:20:00,17814.51929841065,17817.91360554405,17638.82343730887
17615.42169,2017-11-02 19:30:00,17664.017258412496,17660.358928336605,17478.8217359977
17592.28916,2017-11-02 19:40:00,17622.267462233936,17619.00526084747,17384.841464578527
17459.27711,2017-11-02 19:50:00,17624.149689621947,17633.457952732835,17366.346392202995
17407.22892,2017-11-02 20:00:00,17487.77710427508,17495.58992637483,17265.142876265178
17534.45783,2017-11-02 20:10:00,17445.835203090253,17449.48611665787,17249.028501581906
17511.3253,2017-11-02 20:20:00,17608.826618646566,17614.300357414362,17295.95353769741
17598.07229,2017-11-02 20:30:00,17575.617697244994,17578.03517711771,17257.61135560326
17598.07229,2017-11-02 20:40:00,17668.186181423207,17672.935215320875,17362.90751647881
17586.50602,2017-11-02 20:50:00,17641.579467663996,17632.374700233842,17369.284687604184
17280.0,2017-11-02 21:00:00,17585.536828035623,17566.36431150794,17317.769511720002
17204.81928,2017-11-02 21:10:00,17203.228223044145,17179.296998111444,17044.05007511802
17077.59036,2017-11-02 21:20:00,17115.55364836664,17093.28639724268,16919.644733754874
17019.75904,2017-11-02 21:30:00,16986.422993557313,16975.22715260054,16680.774411347757
16591.80723,2017-11-02 21:40:00,16949.349801173652,16948.824153856487,16633.27628182411
16169.63855,2017-11-02 21:50:00,16475.858508538066,16473.730430296975,16332.607012889704
15776.38554,2017-11-02 22:00:00,15830.224239260926,15810.805184886922,15882.108779927883
15365.78313,2017-11-02 22:10:00,15419.626542146998,15404.882051017643,15508.56162894204
15186.50602,2017-11-02 22:20:00,14998.417235226501,14991.120467251767,15091.905364659462
14978.31325,2017-11-02 22:30:00,14891.402270144314,14913.466862096942,14962.698137308806
14752.77108,2017-11-02 22:40:00,14727.959870394376,14747.711506278176,14743.315132253647
14423.13253,2017-11-02 22:50:00,14522.569188994767,14533.98624014087,14482.997257193567
14081.92771,2017-11-02 23:00:00,14140.492409158227,14138.634290273823,14220.881357105905
13902.6506,2017-11-02 23:10:00,13762.899228724711,13742.355114415412,13838.255216630798
13682.89157,2017-11-02 23:20:00,13601.364754530012,13588.628115251071,13678.352687645513
13162.40964,2017-11-02 23:30:00,13401.15220433728,13392.457865066055,13486.248689529917
12786.50602,2017-11-02 23:40:00,12839.47260732888,12824.910167651029,13009.246702694125
12318.07229,2017-11-02 23:50:00,12473.876505114851,12457.862202780418,12678.423915522082
12167.71084,2017-11-03 00:00:00,11969.81420212538,11957.10561688017,12174.99558963209
12023.13253,2017-11-03 00:10:00,11897.809240943403,11909.73523273016,11902.64945874473
11664.57831,2017-11-03 00:20:00,11829.230009414701,11859.658946104842,11856.857347355613
11624.09639,2017-11-03 00:30:00,11464.045897113345,11474.629369585407,11626.26597726389
11381.20482,2017-11-03 00:40:00,11481.478991810522,11493.69310158494,11567.715325450656
11242.40964,2017-11-03 00:50:00,11205.960763283052,11194.364948509376,11310.777369704994
11057.3494,2017-11-03 01:00:00,11042.584906900956,11037.642119314312,11134.034142285203
11057.3494,2017-11-03 01:10:00,10876.42244350682,10875.435993041172,10948.0465401519
10878.07229,2017-11-03 01:20:00,10907.918398058562,10898.882461497024,10949.711552139646
10669.87952,2017-11-03 01:30:00,10732.0959566985,10730.708776157884,10753.747404994161
10583.13253,2017-11-03 01:40:00,10515.038419593351,10504.63117315718,10567.351434593287
10479.03614,2017-11-03 01:50:00,10448.082146330013,10442.68945875845,10497.780362596419
10398.07229,2017-11-03 02:00:00,10317.806510942177,10310.911116767578,10275.458991987143
10398.07229,2017-11-03 02:10:00,10254.86950739977,10259.556487374432,10120.038960284322
10398.07229,2017-11-03 02:20:00,10293.801060312786,10301.115313439135,10162.310261977218
10241.92771,2017-11-03 02:30:00,10304.729852185481,10304.394278862303,10172.958733032205
10155.18072,2017-11-03 02:40:00,10135.542303343447,10130.026682646121,10096.234561237834
10166.74699,2017-11-03 02:50:00,10033.425471345286,10023.383214061905,10050.254751571734
10172.53012,2017-11-03 03:00:00,10035.677819033392,10030.618463962874,10061.55537620652
10097.3494,2017-11-03 03:10:00,10057.018851640521,10057.804912551914,10068.451625849591
10051.08434,2017-11-03 03:20:00,9988.689021119453,9993.751231530649,9981.547265107825
9929.638554,2017-11-03 03:30:00,9941.055603463117,9938.84664353546,9914.097725517373
9946.987952,2017-11-03 03:40:00,9800.943656916726,9791.906207910562,9837.512539996122
10056.86747,2017-11-03 03:50:00,9837.216698404252,9836.291171300709,9814.41742949099
10230.36145,2017-11-03 04:00:00,9957.633216099832,9969.525597655422,9908.561617232359
10536.86747,2017-11-03 04:10:00,10171.594124577961,10187.226844424109,10099.297954543903
10507.95181,2017-11-03 04:20:00,10523.217409572553,10544.765324208665,10418.10107928099
10507.95181,2017-11-03 04:30:00,10432.135438022273,10430.17589182435,10350.629528802758
10519.51807,2017-11-03 04:40:00,10387.488361867618,10372.618375109625,10354.027910633682
10658.31325,2017-11-03 04:50:00,10380.855829033579,10362.504673921005,10370.093043340576
10906.98795,2017-11-03 05:00:00,10533.102912057493,10527.651647702254,10451.423405726782
11034.21687,2017-11-03 05:10:00,10842.051871885114,10865.44411087095,10650.140561204276
10878.07229,2017-11-03 05:20:00,10957.262734876957,10974.20761365703,10781.90170243443
10733.49398,2017-11-03 05:30:00,10711.571498822017,10707.96805346696,10571.88790242895
10502.16867,2017-11-03 05:40:00,10498.397941104668,10479.12885158012,10354.116381471484
10380.72289,2017-11-03 05:50:00,10206.412158173182,10183.481537061469,10179.600034426363
10103.13253,2017-11-03 06:00:00,10079.862501666776,10079.260060336395,9968.922832471326
9761.927711,2017-11-03 06:10:00,9763.446002131326,9772.401779991787,9843.106568134443
9328.192771,2017-11-03 06:20:00,9361.98695244456,9363.289153168631,9526.451753027568
8570.60241,2017-11-03 06:30:00,8859.389342020086,8854.761686956268,9102.921222075081
8194.698795,2017-11-03 06:40:00,7995.853669663695,7974.419673123917,8283.034311092295
8212.048193,2017-11-03 06:50:00,7682.272340053776,7684.585046373879,8167.193007748991
8188.915663,2017-11-03 07:00:00,7984.512406860422,8014.509797435932,8224.038516132947
8015.421687,2017-11-03 07:10:00,8088.5986480036045,8134.257070290498,8209.421136301968
7998.072289,2017-11-03 07:20:00,7967.581958970501,8006.747493339097,8126.080623232323
7766.746988,2017-11-03 07:30:00,7969.836306926531,7970.6084997384405,8105.5872503290175
7645.301205,2017-11-03 07:40:00,7690.537068458749,7663.092751913511,7986.141814803398
7454.457831,2017-11-03 07:50:00,7586.095831632199,7568.253610108284,7980.185251755295
7546.987952,2017-11-03 08:00:00,7427.596604980839,7419.463714646254,8062.783767180044
7708.915663,2017-11-03 08:10:00,7596.372614241094,7598.441554278248,8044.0164086501845
7795.662651,2017-11-03 08:20:00,7827.612976148843,7849.128328520532,8051.532253798358
8148.433735,2017-11-03 08:30:00,7954.42994522721,7972.162889874062,8113.451451033675
8362.409639,2017-11-03 08:40:00,8371.931926330588,8396.384119944585,8327.847700482587
8460.722892,2017-11-03 08:50:00,8574.138805655299,8578.322829548308,8549.784379429444
8720.963855,2017-11-03 09:00:00,8654.628981758971,8649.00133500741,8660.853743894158
9114.216867,2017-11-03 09:10:00,8918.450824916426,8916.289636475194,8833.149818790313
9420.722892,2017-11-03 09:20:00,9322.407550175123,9318.699798932363,9292.905465478541
10600.48193,2017-11-03 09:30:00,9628.732509499885,9637.9232447832,9605.655147391806
10797.10843,2017-11-03 09:40:00,11010.837667453266,11062.197519895199,10888.404617994624
10808.6747,2017-11-03 09:50:00,11111.846184482389,11128.115553870843,10889.367072448656
10930.12048,2017-11-03 10:00:00,10993.688468956178,10972.561332259233,11035.816961740185
10970.60241,2017-11-03 10:10:00,11030.638126348435,10994.934040516659,11138.965593240455
11277.10843,2017-11-03 10:20:00,10997.557244641994,10944.03756017111,11186.861267937513
11392.77108,2017-11-03 10:30:00,11392.542737730342,11414.9217368549,11464.363342424713
11502.6506,2017-11-03 10:40:00,11511.138989002618,11538.536751409487,11475.511844694836
11502.6506,2017-11-03 10:50:00,11596.62192015805,11613.643125812305,11628.604725939915
11676.14458,2017-11-03 11:00:00,11456.499731374113,11467.236472902983,11618.119128001448
11681.92771,2017-11-03 11:10:00,11623.288948613928,11626.988739117938,11770.129834716092
11826.50602,2017-11-03 11:20:00,11613.348116459034,11624.533441193904,11806.78395012022
12277.59036,2017-11-03 11:30:00,11774.68767275086,11783.98248335809,12013.055623953414
12387.46988,2017-11-03 11:40:00,12290.95081304129,12316.697410195928,12376.869331908847
11404.33735,2017-11-03 11:50:00,12354.05573433925,12363.918679352484,12476.070013491866
11011.08434,2017-11-03 12:00:00,11156.221505650738,11116.994116052747,11541.42271878846
11329.15663,2017-11-03 12:10:00,10707.055550192334,10660.82038471867,11263.704000726539
11317.59036,2017-11-03 12:20:00,11152.03729469145,11146.51948762606,11484.645450873417
11225.06024,2017-11-03 12:30:00,11230.37910050801,11278.285360948732,11449.374240248417
11381.20482,2017-11-03 12:40:00,11211.81804764405,11289.422670490136,11388.350999960236
11346.50602,2017-11-03 12:50:00,11410.23228682925,11432.172148196683,11454.650870454725
11404.33735,2017-11-03 13:00:00,11370.460366321844,11352.707378425286,11416.585203600896
11450.60241,2017-11-03 13:10:00,11460.291115203112,11465.887000598268,11388.325000964556
11381.20482,2017-11-03 13:20:00,11501.011309054915,11504.033130906133,11527.48756039857
11311.80723,2017-11-03 13:30:00,11415.838917171095,11403.070733966117,11390.168849544958
11248.19277,2017-11-03 13:40:00,11367.195352576215,11364.152628554817,11340.99526661559
11207.71084,2017-11-03 13:50:00,11283.626037298287,11282.582047162596,11496.115386222828
11074.6988,2017-11-03 14:00:00,11254.534206903074,11257.02053437043,11409.754889111127
11045.78313,2017-11-03 14:10:00,11021.758530471632,11017.926022251737,11386.892940056136
10906.98795,2017-11-03 14:20:00,11003.890759578826,11001.742432411684,11494.64836945276
10872.28916,2017-11-03 14:30:00,10851.315587947276,10846.024775729074,11469.29259797144
10895.42169,2017-11-03 14:40:00,10829.181759700376,10825.663642793454,11251.082169438729
10872.28916,2017-11-03 14:50:00,10896.183480025931,10900.680344371842,11383.240663430604
10953.25301,2017-11-03 15:00:00,10915.76671946407,10912.188691308464,11215.162717554549
10976.38554,2017-11-03 15:10:00,11030.474444402698,11032.755869656758,11202.79245331364
10912.77108,2017-11-03 15:20:00,11040.128521931978,11032.428448481474,11264.999932469233
11022.6506,2017-11-03 15:30:00,10955.497442787204,10941.138703332996,11205.811659441986
11034.21687,2017-11-03 15:40:00,11081.701161774658,11072.975986053752,11278.282322128562
11045.78313,2017-11-03 15:50:00,11080.169830591056,11066.66444719957,11290.547776584217
11196.14458,2017-11-03 16:00:00,11110.833399444076,11098.39401327447,11307.48106468618
11300.24096,2017-11-03 16:10:00,11294.152522553788,11288.77904399183,11422.793160512401
11277.10843,2017-11-03 16:20:00,11407.784574222744,11397.664110526415,11422.366696290948
11184.57831,2017-11-03 16:30:00,11367.636844286739,11357.596465118477,11401.608729779968
11381.20482,2017-11-03 16:40:00,11249.327996346226,11231.046869610425,11357.640672424393
11635.66265,2017-11-03 16:50:00,11484.918738318614,11472.940592941879,11393.285807970844
12150.36145,2017-11-03 17:00:00,11953.088720731004,11951.989593368337,11764.702840147747
13069.87952,2017-11-03 17:10:00,12607.561825151453,12632.803040031284,12166.553845619203
14700.72289,2017-11-03 17:20:00,13765.777514551779,13819.582878932653,13466.557605947268
15915.18072,2017-11-03 17:30:00,15624.161500842434,15699.592265931997,16111.963177421569
16348.91566,2017-11-03 17:40:00,16850.449977159056,16909.814867039182,17210.59138026373
16765.3012,2017-11-03 17:50:00,17058.281331780043,17045.53820029683,17552.367692241256
17071.80723,2017-11-03 18:00:00,17247.637176163164,17173.1901805992,17836.85036755215
17164.33735,2017-11-03 18:10:00,17374.562574060834,17276.1453612079,18375.37256910107
17239.51807,2017-11-03 18:20:00,17370.782573595017,17319.280141116997,18292.78882265718
17210.60241,2017-11-03 18:30:00,17407.51879027394,17404.45839852376,18109.669590675883
17413.01205,2017-11-03 18:40:00,17325.19512978274,17324.748710112843,17548.966094202766
17453.49398,2017-11-03 18:50:00,17551.683125426083,17572.953037131585,17604.928645475873
17453.49398,2017-11-03 19:00:00,17573.52345541122,17600.838933500247,17441.11675724357
17349.39759,2017-11-03 19:10:00,17545.990914032882,17565.335141522843,17410.557554539522
17384.09639,2017-11-03 19:20:00,17401.349650706925,17404.70993871505,17258.621079386707
17505.54217,2017-11-03 19:30:00,17423.855695809973,17414.548646086816,17270.591192025775
17621.20482,2017-11-03 19:40:00,17574.399646653455,17580.8318478547,17311.89609032296
17488.19277,2017-11-03 19:50:00,17699.10016522924,17708.357508744193,17401.634095720063
17742.6506,2017-11-03 20:00:00,17514.870588024885,17510.882695190918,17253.001107004595
17366.74699,2017-11-03 20:10:00,17806.733088492634,17802.56189022677,17499.600961329328
17788.91566,2017-11-03 20:20:00,17332.876411054527,17307.189722965937,17159.806398827328
17794.6988,2017-11-03 20:30:00,17847.287767466627,17849.885441143604,17579.475917384563
17626.98795,2017-11-03 20:40:00,17837.297443452248,17841.667781445685,17603.380361832118
17349.39759,2017-11-03 20:50:00,17608.798842798675,17589.74193747758,17434.75375231247
17291.56627,2017-11-03 21:00:00,17255.129232460848,17242.406556535,17144.548971429023
17170.12048,2017-11-03 21:10:00,17167.732992279518,17128.569686906958,17077.725000810482
17297.3494,2017-11-03 21:20:00,17062.20191860501,17057.84612240172,16951.314718604906
17152.77108,2017-11-03 21:30:00,17257.684463516627,17273.227421616215,17040.47374726709
16961.92771,2017-11-03 21:40:00,17084.46758545318,17088.818305692508,16836.103797449494
16574.45783,2017-11-03 21:50:00,16840.817718892868,16822.877435659335,16463.254380562215
16337.3494,2017-11-03 22:00:00,16213.594357286178,16185.112444075172,16188.47369240022
16129.15663,2017-11-03 22:10:00,15945.30751155649,15915.850273236554,16038.3512360728
16077.10843,2017-11-03 22:20:00,15754.425801163008,15746.02627198475,15859.447563985796
15990.36145,2017-11-03 22:30:00,15752.37690497349,15756.721962770112,15776.3007183976
15712.77108,2017-11-03 22:40:00,15698.67665739354,15708.759313342653,15712.206947351562
15388.91566,2017-11-03 22:50:00,15382.906430241903,15370.623765183482,15488.115033069427
15140.24096,2017-11-03 23:00:00,14980.702148275741,14954.612025952845,15058.395197660313
14960.96386,2017-11-03 23:10:00,14714.16234801062,14682.9091842706,14878.476687041857
14596.62651,2017-11-03 23:20:00,14549.559839025393,14529.553501185424,14510.090300481943
14249.63855,2017-11-03 23:30:00,14160.950442263329,14145.830143057254,14144.101449288237
13850.60241,2017-11-03 23:40:00,13802.946762939515,13783.731088071087,13839.992172456738
13324.33735,2017-11-03 23:50:00,13380.416175383525,13353.945634935857,13582.4669944359
13040.96386,2017-11-04 00:00:00,12919.475653004669,12913.98830539003,13020.149277290478
12722.89157,2017-11-04 00:10:00,12692.63382483117,12706.893088874298,12835.293564552407
12641.92771,2017-11-04 00:20:00,12404.494948262778,12420.559129219546,12413.531140292413
12410.60241,2017-11-04 00:30:00,12413.095273139483,12441.413444134956,12231.141239115801
12294.93976,2017-11-04 00:40:00,12209.763485891766,12233.290866646139,12145.904126591662
12173.49398,2017-11-04 00:50:00,12119.48155591711,12126.87419885456,12186.483113285947
12023.13253,2017-11-04 01:00:00,11976.095821548693,11980.269749665978,11994.582559515788
11658.79518,2017-11-04 01:10:00,11832.80198209576,11825.151555870667,11895.094540204773
11537.3494,2017-11-04 01:20:00,11432.15074864843,11422.91112469094,11562.662090874903
11236.62651,2017-11-04 01:30:00,11328.162976886622,11319.510356550867,11435.594028889847
11022.6506,2017-11-04 01:40:00,11019.020453405843,11012.85604880397,10965.29137374705
10959.03614,2017-11-04 01:50:00,10826.907998037925,10831.430100280064,10718.491323744669
10924.33735,2017-11-04 02:00:00,10787.637225084236,10808.430901952117,10680.403032898335
10826.0241,2017-11-04 02:10:00,10790.051099885448,10804.37629324651,10621.302631542705
10773.9759,2017-11-04 02:20:00,10721.873105592931,10740.677221573553,10643.339253477603
10617.83133,2017-11-04 02:30:00,10674.429770462306,10681.655986387726,10493.884174389392
10664.09639,2017-11-04 02:40:00,10500.324242307219,10494.176231713453,10452.020457953837
10617.83133,2017-11-04 02:50:00,10577.24136421712,10577.759540530606,10473.518216018081
10664.09639,2017-11-04 03:00:00,10514.63011297569,10521.176573417208,10492.083148137212
10704.57831,2017-11-04 03:10:00,10579.471162738986,10588.445636113607,10511.251392760478
10600.48193,2017-11-04 03:20:00,10634.040624123412,10644.485276159627,10530.356280787959
10484.81928,2017-11-04 03:30:00,10492.906521024917,10487.88348199613,10540.704753063073
10502.16867,2017-11-04 03:40:00,10360.794657140003,10357.655454173877,10324.032812682177
10560.0,2017-11-04 03:50:00,10395.813449005534,10394.821459295406,10352.009841101442
10623.61446,2017-11-04 04:00:00,10462.605687513042,10474.319448499999,10409.533200734244
10484.81928,2017-11-04 04:10:00,10569.847152315195,10592.801731107626,10535.904497532989
10669.87952,2017-11-04 04:20:00,10402.358444004489,10413.013161984665,10260.76845292042
10664.09639,2017-11-04 04:30:00,10615.954128282432,10627.096336195229,10526.106795394691
10727.71084,2017-11-04 04:40:00,10595.810107719315,10603.273107972775,10511.410876583685
10791.3253,2017-11-04 04:50:00,10675.50837969992,10687.97664097873,10524.316827758117
10843.37349,2017-11-04 05:00:00,10749.267955328338,10769.783894186585,10423.225249385398
11097.83133,2017-11-04 05:10:00,10794.152526705577,10800.692848745926,10660.896601801956
10987.95181,2017-11-04 05:20:00,11077.00547480452,11101.276386225309,10822.815979197945
10854.93976,2017-11-04 05:30:00,10899.11145805225,10907.178340373,10657.047635441846
10762.40964,2017-11-04 05:40:00,10707.466029122239,10706.154531875143,10520.034479900187
10560.0,2017-11-04 05:50:00,10582.575860791658,10578.614406064868,10323.694500612766
10334.45783,2017-11-04 06:00:00,10325.168604139122,10319.391307397502,10206.03107611993
9877.590361,2017-11-04 06:10:00,10072.513153635571,10087.15842106503,9954.324650006394
9403.373494,2017-11-04 06:20:00,9536.78727493979,9539.459785815927,9560.8145597046
8738.313253,2017-11-04 06:30:00,8984.038134325936,8980.583192112032,9140.565412168049
8223.614458,2017-11-04 06:40:00,8258.427221957909,8256.153328563802,8548.926512156224
8021.204819,2017-11-04 06:50:00,7780.55348450682,7792.435241947645,8167.516845971328
7974.939759,2017-11-04 07:00:00,7829.565294731805,7870.2459928842745,8108.9184764098245
8055.903614,2017-11-04 07:10:00,7907.480067774508,7960.643628454794,8114.062699009464
7922.891566,2017-11-04 07:20:00,8107.996692504426,8168.474574002157,8141.121939380396
7922.891566,2017-11-04 07:30:00,7981.53541038054,8008.300398777123,8082.251748482408
7980.722892,2017-11-04 07:40:00,7986.299882165289,7984.9068077021075,8097.9843521165385
8304.578313,2017-11-04 07:50:00,8049.970795066643,8039.941670472839,8126.085897905094
8356.626506,2017-11-04 08:00:00,8449.783915668384,8453.011432027772,8406.069528581436
8582.168675,2017-11-04 08:10:00,8504.073448001165,8512.617146455554,8486.605953033091
8848.192771,2017-11-04 08:20:00,8736.038517091105,8737.497637696593,8630.702695075453
9085.301205,2017-11-04 08:30:00,9025.684941639965,9027.930757282777,8949.939011965967
9241.445783,2017-11-04 08:40:00,9255.43355778823,9253.402131785126,9122.319039098598
9333.975904,2017-11-04 08:50:00,9395.722684227001,9402.691625409949,9499.94713529512
9455.421687,2017-11-04 09:00:00,9472.60483176521,9465.841107778764,9606.997312146965
9640.481928,2017-11-04 09:10:00,9591.032801103247,9585.6951592814,9765.809929611158
9871.807229,2017-11-04 09:20:00,9791.342312437697,9797.138631834881,9879.969951833453
9941.204819,2017-11-04 09:30:00,10091.400000863341,10112.789840595484,10051.952247871466
10004.81928,2017-11-04 09:40:00,10168.427076064105,10189.76335597556,10105.707786060433
10080.0,2017-11-04 09:50:00,10213.827746405044,10227.175744768545,10168.644819097733
10189.87952,2017-11-04 10:00:00,10293.802989486889,10303.037611254817,10257.381468130554
10253.49398,2017-11-04 10:10:00,10402.042195115799,10414.877915573368,10486.799069721072
10432.77108,2017-11-04 10:20:00,10485.335594810338,10507.668449989727,10470.885596876093
10536.86747,2017-11-04 10:30:00,10687.282207294393,10712.523992249371,10590.912432443201
10525.3012,2017-11-04 10:40:00,10789.549241403412,10811.648739695185,10970.766636117007
10560.0,2017-11-04 10:50:00,10740.915454124843,10754.756147165368,10964.653642098621
10721.92771,2017-11-04 11:00:00,10671.327205797472,10687.213417873314,11111.27535813988
10912.77108,2017-11-04 11:10:00,10842.755154780465,10859.800088919514,11303.449614154535
10935.90361,2017-11-04 11:20:00,11060.577813712001,11088.536276222585,11498.755231642566
11045.78313,2017-11-04 11:30:00,11087.600401674823,11115.106806347034,11516.674336546383
11011.08434,2017-11-04 11:40:00,11193.203425191194,11213.635456490072,11511.408375636716
11144.09639,2017-11-04 11:50:00,11062.909073298993,11065.759830490078,11541.815758219
11236.62651,2017-11-04 12:00:00,11209.641085744779,11215.453375311929,11488.883810417517
11496.86747,2017-11-04 12:10:00,11323.71216365193,11340.35887068167,11508.747348577934
11705.06024,2017-11-04 12:20:00,11605.954560941671,11625.717072133186,11643.314419142978
11687.71084,2017-11-04 12:30:00,11815.51358036736,11838.581086526772,11767.533348182385
11814.93976,2017-11-04 12:40:00,11748.016995081343,11751.081799306809,11750.79089904929
11849.63855,2017-11-04 12:50:00,11864.65216184529,11867.556331486983,11932.040601724839
11797.59036,2017-11-04 13:00:00,11900.026277895557,11891.915688155637,11988.932755022975
11600.96386,2017-11-04 13:10:00,11827.340674691011,11823.888818022158,11916.955259302043
11496.86747,2017-11-04 13:20:00,11587.77276203144,11587.2255473438,11699.256662119822
11514.21687,2017-11-04 13:30:00,11465.390000405565,11461.213496953485,11616.77607128107
11340.72289,2017-11-04 13:40:00,11506.687679302082,11519.262781898786,11658.761112735476
11450.60241,2017-11-04 13:50:00,11325.03571622987,11340.887439515678,11477.603054173402
11386.98795,2017-11-04 14:00:00,11506.034591600775,11528.671841592,11543.948414972801
11566.26506,2017-11-04 14:10:00,11412.876220377413,11419.160750849285,11510.74298361758
11907.46988,2017-11-04 14:20:00,11621.83676426834,11628.643595123398,11725.396045237685
11803.37349,2017-11-04 14:30:00,12015.547800187534,12036.17242929505,12039.680692931555
11786.0241,2017-11-04 14:40:00,11840.488394378513,11830.40736791011,11987.455450461503
11861.20482,2017-11-04 14:50:00,11802.91474759128,11790.567209303146,11944.145543563223
11971.08434,2017-11-04 15:00:00,11891.978732587082,11865.589667987339,12010.872709934556
11826.50602,2017-11-04 15:10:00,12007.695310680629,11990.581753508075,12170.844068065413
11710.84337,2017-11-04 15:20:00,11836.358207728334,11834.150042425375,12024.195047716075
11733.9759,2017-11-04 15:30:00,11700.0925078659,11686.516263716585,11828.357819246827
11670.36145,2017-11-04 15:40:00,11733.629399613266,11722.94131295357,11853.60586043304
11583.61446,2017-11-04 15:50:00,11670.471998812813,11664.882212602672,11755.64888479012
11572.04819,2017-11-04 16:00:00,11622.156058077833,11626.02361553313,11658.053203003115
11467.95181,2017-11-04 16:10:00,11636.087725313253,11635.764806700077,11652.642562860157
11722.40964,2017-11-04 16:20:00,11524.439473863116,11514.192405514888,11569.841618741588
11838.07229,2017-11-04 16:30:00,11843.972496540255,11852.424503280521,11755.01179783715
11826.50602,2017-11-04 16:40:00,11989.3649689523,11998.500512279194,11943.210061442163
12017.3494,2017-11-04 16:50:00,11973.449546982345,11971.48830841167,11907.123833441541
12433.73494,2017-11-04 17:00:00,12358.299673806105,12352.381694656422,12204.171238658748
13289.63855,2017-11-04 17:10:00,12873.238260002985,12871.138556891432,12524.452193586512
15105.54217,2017-11-04 17:20:00,13960.42100947625,14004.933884220125,13794.861525230444
16522.40964,2017-11-04 17:30:00,16070.842393816401,16169.386668851179,16626.838774303153
17441.92771,2017-11-04 17:40:00,17515.164946437497,17593.036961513637,17591.872091719033
17973.9759,2017-11-04 17:50:00,18279.099333243008,18296.291752352652,18374.310057970597
18049.15663,2017-11-04 18:00:00,18548.730904633027,18484.40736178604,18672.057761182838
18176.38554,2017-11-04 18:10:00,18319.47386816576,18193.81254260784,18731.87820705083
18216.86747,2017-11-04 18:20:00,18319.029143171432,18236.55373782563,18701.177166952803
18355.66265,2017-11-04 18:30:00,18294.58526439853,18260.111797146885,18624.089061313498
18176.38554,2017-11-04 18:40:00,18446.25991739818,18456.59245806923,18644.437324225866
18078.07229,2017-11-04 18:50:00,18228.43961401609,18255.250068022277,18080.482839083277
18072.28916,2017-11-04 19:00:00,18096.334138826584,18115.47390052484,17871.96559294177
18106.98795,2017-11-04 19:10:00,18091.55078589009,18115.198922335643,17877.52520693993
18083.85542,2017-11-04 19:20:00,18143.32233709096,18162.884524626257,17889.128410892758
17927.71084,2017-11-04 19:30:00,18143.880323373123,18169.398405324024,17876.708164755626
17534.45783,2017-11-04 19:40:00,17967.542132558043,17972.06567836678,17738.585808513293
17418.79518,2017-11-04 19:50:00,17495.2633334884,17478.82985857522,17264.299266443933
17430.36145,2017-11-04 20:00:00,17393.82593162741,17385.481650144706,17254.57942788044
17268.43373,2017-11-04 20:10:00,17443.331100245727,17453.327030448476,17224.38073726262
17314.6988,2017-11-04 20:20:00,17323.59305289027,17344.19384621655,17105.775078221086
17146.98795,2017-11-04 20:30:00,17430.336416069746,17458.028868392383,17069.02196279469
17106.50602,2017-11-04 20:40:00,17232.474053843187,17233.328125613934,16921.49645491126
16961.92771,2017-11-04 20:50:00,17187.298782198297,17185.3681939658,16846.905817326104
16961.92771,2017-11-04 21:00:00,17007.479685057857,17006.817308032794,16716.34163557016
16904.09639,2017-11-04 21:10:00,17019.168630862347,17014.801964075697,16733.89598553817
16979.27711,2017-11-04 21:20:00,16982.973408345264,16988.960430573192,16649.375832604586
16713.25301,2017-11-04 21:30:00,17079.421540596595,17083.35129787871,16749.17035500949
16429.87952,2017-11-04 21:40:00,16752.092836107353,16747.478252221932,16507.87579943685
16418.31325,2017-11-04 21:50:00,16398.52540654544,16378.582173351508,16236.275175600893
16285.3012,2017-11-04 22:00:00,16245.540509365259,16240.158822553076,16144.55025022665
16134.93976,2017-11-04 22:10:00,16102.967910593528,16100.462538618134,15995.451060325464
16175.42169,2017-11-04 22:20:00,15973.006512207618,15986.638051481123,15844.03502742677
15932.53012,2017-11-04 22:30:00,16052.881459753007,16064.921900196781,15919.242021930853
15602.89157,2017-11-04 22:40:00,15758.164942278265,15747.084567982658,15715.559862839344
15388.91566,2017-11-04 22:50:00,15376.658038072814,15364.101562067885,15449.59130317218
14856.86747,2017-11-04 23:00:00,15115.699256443488,15102.305686786322,15041.116933795567
14585.06024,2017-11-04 23:10:00,14519.867968130877,14495.672968046736,14530.506837214285
14452.04819,2017-11-04 23:20:00,14272.769120157802,14272.597600498511,14251.434171305198
14284.33735,2017-11-04 23:30:00,14183.988388656004,14195.85791276163,14164.331157199438
13850.60241,2017-11-04 23:40:00,14038.49277410391,14050.229304358625,13949.05411922121
13636.62651,2017-11-04 23:50:00,13566.218237328792,13571.881686520908,13608.308110638627
13393.73494,2017-11-05 00:00:00,13325.228422905368,13320.149509763172,13438.697293609184
13220.24096,2017-11-05 00:10:00,13082.828219468343,13074.11497567605,13092.821604751232
12850.12048,2017-11-05 00:20:00,12943.25305906391,12944.785380829506,12958.169416154322
12728.6747,2017-11-05 00:30:00,12568.92138877483,12572.846877074942,12601.985264463017
12439.51807,2017-11-05 00:40:00,12482.014953962984,12478.862128449571,12447.028623627082
12225.54217,2017-11-05 00:50:00,12194.185770048658,12189.55897326554,12266.974720113052
12150.36145,2017-11-05 01:00:00,11960.43898107668,11959.856469536118,12058.76356275417
12017.3494,2017-11-05 01:10:00,11925.798393406125,11936.018495178008,11950.936357026427
11722.40964,2017-11-05 01:20:00,11804.895638868924,11802.854508207747,11914.116779370725
11427.46988,2017-11-05 01:30:00,11486.014938133067,11482.33073769528,11591.175532245936
11277.10843,2017-11-05 01:40:00,11170.50527170152,11156.515931511976,11212.906012555819
11063.13253,2017-11-05 01:50:00,11042.14612372269,11029.619642682277,11036.085001692314
10964.81928,2017-11-05 02:00:00,10816.06764885596,10816.078501345815,10790.245250006374
10860.72289,2017-11-05 02:10:00,10765.618909046774,10777.953901762354,10746.116650844102
10750.84337,2017-11-05 02:20:00,10693.200780584182,10703.130380179526,10644.134642858922
10635.18072,2017-11-05 02:30:00,10589.760255565572,10589.718273616552,10449.397318449332
10571.56627,2017-11-05 02:40:00,10491.027763353513,10491.773981234754,10448.567833378947
10484.81928,2017-11-05 02:50:00,10442.257563577426,10438.403150718223,10497.712816037612
10455.90361,2017-11-05 03:00:00,10341.343029379073,10340.73450251433,10261.59926694158
10317.10843,2017-11-05 03:10:00,10334.88290470256,10336.662096194337,10264.51317183435
10392.28916,2017-11-05 03:20:00,10183.84569222571,10181.92072007311,10070.216427767913
10334.45783,2017-11-05 03:30:00,10286.897653211498,10289.434885215458,10088.768789794376
10276.62651,2017-11-05 03:40:00,10232.670876490403,10234.236242907187,10066.137025532687
10270.84337,2017-11-05 03:50:00,10179.488121096005,10178.784512114988,10034.63929515064
10241.92771,2017-11-05 04:00:00,10170.596638321185,10176.08301340651,10027.4878126544
10288.19277,2017-11-05 04:10:00,10135.863912514307,10133.102182760424,10038.963433497433
10502.16867,2017-11-05 04:20:00,10213.482250684228,10222.981621404218,10033.717525217922
10259.27711,2017-11-05 04:30:00,10467.570465063167,10483.675842807967,10322.029919567516
10282.40964,2017-11-05 04:40:00,10164.40610371884,10162.297992765856,10048.197423520927
10230.36145,2017-11-05 04:50:00,10199.056066403464,10198.791075261946,10105.091121217149
10305.54217,2017-11-05 05:00:00,10126.769896606591,10124.9102028345,10026.82763131181
10606.26506,2017-11-05 05:10:00,10238.327006455725,10246.166425227522,10077.917187005613
10519.51807,2017-11-05 05:20:00,10603.78591049045,10641.523881053883,10383.197973335491
10374.93976,2017-11-05 05:30:00,10457.268403516864,10466.295463105787,10282.228590433126
10166.74699,2017-11-05 05:40:00,10258.518023026107,10256.793369477102,10016.546440741855
9825.542169,2017-11-05 05:50:00,9985.012118299168,9967.055865307495,9958.032235180146
9623.13253,2017-11-05 06:00:00,9565.08142634761,9543.928431092829,9608.338359428051
9183.614458,2017-11-05 06:10:00,9357.506784940373,9365.839470362745,9366.144984651048
8559.036145,2017-11-05 06:20:00,8864.743172250484,8869.700976388322,8988.560195331373
7951.807229,2017-11-05 06:30:00,8155.116482281663,8154.952690048551,8257.460062329086
7466.024096,2017-11-05 06:40:00,7513.004528035835,7514.493880002421,8048.764041947674
7298.313253,2017-11-05 06:50:00,7058.960662419708,7067.411924097418,7955.298007127749
7171.084337,2017-11-05 07:00:00,7150.237063150205,7191.097648735542,7954.742006825611
7298.313253,2017-11-05 07:10:00,7140.055691445656,7191.65382993544,7925.878485422739
7309.879518,2017-11-05 07:20:00,7383.691855119894,7432.198662390343,7910.684776703612
7240.481928,2017-11-05 07:30:00,7435.52598391993,7460.049076077177,7918.782503191191
7147.951807,2017-11-05 07:40:00,7359.328254421143,7353.238105239008,7925.244158999523
7286.746988,2017-11-05 07:50:00,7263.609599023901,7247.5283738009475,7948.442760928954
7437.108434,2017-11-05 08:00:00,7442.040884495722,7426.620140163432,8019.635293394526
7668.433735,2017-11-05 08:10:00,7638.590174054498,7641.985848659429,8117.380130008403
7882.409639,2017-11-05 08:20:00,7915.644232591358,7931.55959409511,8157.073351511814
8142.650602,2017-11-05 08:30:00,8150.647668570322,8165.702744312795,8235.58548488089
8431.807229,2017-11-05 08:40:00,8408.713292898872,8413.935612011679,8332.014449319493
8524.337349,2017-11-05 08:50:00,8693.029643281596,8698.627402369335,8569.99857524825
8836.626506,2017-11-05 09:00:00,8760.629405238078,8755.82650046944,8666.982265626917
8934.939759,2017-11-05 09:10:00,9088.663911190057,9089.235925140054,9003.57761978511
9021.686747,2017-11-05 09:20:00,9156.502510908811,9151.076865742667,9078.704172533357
9224.096386,2017-11-05 09:30:00,9235.994980810496,9232.899119843772,9166.245482370556
9409.156627,2017-11-05 09:40:00,9446.355795677444,9455.46380885647,9468.727910173213
9640.481928,2017-11-05 09:50:00,9617.541717645287,9620.98691393593,9719.44902473786
9871.807229,2017-11-05 10:00:00,9888.984175124848,9906.111527236262,9942.477031406623
9958.554217,2017-11-05 10:10:00,10112.795843225056,10126.373302398297,10020.800371135661
10132.04819,2017-11-05 10:20:00,10167.433196049884,10168.343346008343,10069.276634984204
10155.18072,2017-11-05 10:30:00,10329.808126867953,10330.610828971738,10249.152904597155
10253.49398,2017-11-05 10:40:00,10309.213278971538,10302.437193607926,10397.558141630187
10328.6747,2017-11-05 10:50:00,10395.70462791553,10393.59933292502,10410.44777220494
10426.98795,2017-11-05 11:00:00,10376.318061472488,10383.783370471572,10470.354296843723
10461.68675,2017-11-05 11:10:00,10476.685099387807,10484.245070357218,10582.186027226195
10560.0,2017-11-05 11:20:00,10504.516754636255,10516.811169058,10713.071399985256
10652.53012,2017-11-05 11:30:00,10612.890326242017,10622.836691439596,11111.236861210076
10831.80723,2017-11-05 11:40:00,10701.609156557599,10712.6117120729,11306.201488060755
11080.48193,2017-11-05 11:50:00,10874.952046556697,10886.636363228059,11418.040795108987
11149.87952,2017-11-05 12:00:00,11166.46749682155,11180.375917948026,11473.958016182827
11346.50602,2017-11-05 12:10:00,11221.193648454355,11225.821070233505,11523.135792455729
11381.20482,2017-11-05 12:20:00,11421.084505855542,11424.675125451773,11522.36163998317
11554.6988,2017-11-05 12:30:00,11408.423078570726,11401.167118903228,11519.5322345641
11525.78313,2017-11-05 12:40:00,11587.4635997927,11584.757614392718,11733.714759679506
11641.44578,2017-11-05 12:50:00,11526.18128389626,11525.750247970227,11726.263597812482
11653.01205,2017-11-05 13:00:00,11667.300276368347,11662.598755432618,11743.301212246673
11687.71084,2017-11-05 13:10:00,11655.313860694614,11655.048437486354,11632.278912921916
11508.43373,2017-11-05 13:20:00,11670.206462000902,11665.107262091637,11658.265331521854
11560.48193,2017-11-05 13:30:00,11452.838957796703,11448.052017839696,11650.958178629839
11450.60241,2017-11-05 13:40:00,11504.59009831861,11498.107333450998,11684.912318983437
11439.03614,2017-11-05 13:50:00,11388.141487348319,11385.953646374452,11574.006313732936
11444.81928,2017-11-05 14:00:00,11413.497435658282,11412.637990612793,11574.745494638297
11404.33735,2017-11-05 14:10:00,11450.08046126452,11457.434719858895,11594.648602864838
11294.45783,2017-11-05 14:20:00,11419.135487614758,11415.66241310608,11522.014863125423
11386.98795,2017-11-05 14:30:00,11295.470558390629,11293.645164006819,11469.796608966957
11259.75904,2017-11-05 14:40:00,11414.953899420725,11413.479539560141,11422.677667413589
11265.54217,2017-11-05 14:50:00,11270.945734364988,11264.921030353882,11384.315926310688
11456.38554,2017-11-05 15:00:00,11325.227739644255,11321.774157533786,11394.232452876548
11479.51807,2017-11-05 15:10:00,11554.230160357005,11558.298695971338,11602.910898492522
11485.3012,2017-11-05 15:20:00,11558.802149683966,11553.088000760245,11645.688445907812
11398.55422,2017-11-05 15:30:00,11564.988802238913,11563.456622811464,11644.859833999362
11358.07229,2017-11-05 15:40:00,11438.988116178643,11420.577225862005,11408.566692893737
11358.07229,2017-11-05 15:50:00,11377.742304479438,11354.402979953673,11396.540304300235
11392.77108,2017-11-05 16:00:00,11413.41911087451,11401.615101052737,11340.17670416268
11363.85542,2017-11-05 16:10:00,11462.300684414495,11456.565227199095,11401.378667490457
11473.73494,2017-11-05 16:20:00,11449.557207298954,11447.403504975544,11366.72910228631
11456.38554,2017-11-05 16:30:00,11584.841769616203,11581.887471053373,11524.925679525133
11572.04819,2017-11-05 16:40:00,11559.096656462734,11551.275737213115,11519.155048830535
11427.46988,2017-11-05 16:50:00,11704.480618426318,11700.315718141483,11604.94131978502
12011.56627,2017-11-05 17:00:00,11693.989881220445,11676.493821705495,11528.030785369261
12965.78313,2017-11-05 17:10:00,12441.363876512249,12450.095236637024,12102.724395751562
14856.86747,2017-11-05 17:20:00,13653.832771820165,13707.826630367566,13301.863771814402
15967.22892,2017-11-05 17:30:00,15854.47245494877,15957.468526945986,16246.545127207868
16852.04819,2017-11-05 17:40:00,16959.079654305122,17038.542508013732,17212.465616478294
17106.50602,2017-11-05 17:50:00,17678.211628341305,17672.81126002001,18088.767161869448
17146.98795,2017-11-05 18:00:00,17637.183733800557,17553.55666199273,18348.636628735523
17268.43373,2017-11-05 18:10:00,17413.613030378812,17286.54277208852,18447.796847171147
17378.31325,2017-11-05 18:20:00,17457.827898380718,17395.902445824744,18341.105034097247
17366.74699,2017-11-05 18:30:00,17538.11000421551,17517.784520985337,18140.948158143543
17488.19277,2017-11-05 18:40:00,17512.487842933428,17533.027024368694,17635.920824853925
17488.19277,2017-11-05 18:50:00,17640.103699596468,17675.812011005666,17544.42292518895
17256.86747,2017-11-05 19:00:00,17608.05866002257,17631.027546409307,17395.002928865553
17251.08434,2017-11-05 19:10:00,17320.732439372732,17330.43279731422,17154.016197710956
17233.73494,2017-11-05 19:20:00,17325.221707261313,17332.346690662103,17137.46741059257
17170.12048,2017-11-05 19:30:00,17306.61976955558,17307.680947091263,17092.14984588804
17459.27711,2017-11-05 19:40:00,17234.547873421154,17240.44388125613,16936.39503130065
17569.15663,2017-11-05 19:50:00,17593.280834909463,17615.705998563037,17280.482605436853
17598.07229,2017-11-05 20:00:00,17691.986370408416,17696.53352909139,17370.59936505775
17522.89157,2017-11-05 20:10:00,17683.593589722313,17678.597738401022,17428.889078794295
17447.71084,2017-11-05 20:20:00,17577.747695377424,17559.805382897823,17343.762379157102
17181.68675,2017-11-05 20:30:00,17451.883438334717,17416.909543304737,17278.129347150818
16898.31325,2017-11-05 20:40:00,17139.403618001314,17112.09758022098,16906.64057991266
16921.44578,2017-11-05 20:50:00,16818.180283739603,16796.75192018797,16612.26989488127
16794.21687,2017-11-05 21:00:00,16875.269167875776,16874.633687061818,16717.697101820464
16915.66265,2017-11-05 21:10:00,16763.21634486557,16767.608279313034,16575.100382724926
16765.3012,2017-11-05 21:20:00,16964.583897366,16985.745697210386,16629.675517765227
16441.44578,2017-11-05 21:30:00,16785.768060545557,16788.64452710078,16442.00251922317
16077.10843,2017-11-05 21:40:00,16384.01649487443,16355.850920846742,16251.302125106855
15920.96386,2017-11-05 21:50:00,15975.460072674061,15946.647327016046,15864.561216143635
15787.95181,2017-11-05 22:00:00,15669.6842161469,15647.221650085314,15625.555996651214
15516.14458,2017-11-05 22:10:00,15577.916279049672,15583.349246720292,15508.449246503968
15267.46988,2017-11-05 22:20:00,15328.844783729479,15339.320593421666,15283.901510231233
15041.92771,2017-11-05 22:30:00,15083.666027686506,15087.003965333457,15063.00504850702
14799.03614,2017-11-05 22:40:00,14846.256711034395,14837.208821847522,14780.255662304156
14561.92771,2017-11-05 22:50:00,14602.474928092613,14594.649479180796,14640.676355469
14330.60241,2017-11-05 23:00:00,14326.178515227797,14323.793914179627,14413.555724947068
14064.57831,2017-11-05 23:10:00,14100.755184809617,14093.289850362853,14213.49548959521
13688.6747,2017-11-05 23:20:00,13836.43579116479,13825.734166521026,13888.301541543506
13445.78313,2017-11-05 23:30:00,13442.669027587988,13428.446000798996,13528.899294982106
13324.33735,2017-11-05 23:40:00,13201.53170783809,13190.022544713762,13290.697815064274
12907.95181,2017-11-05 23:50:00,13115.496137057067,13110.938475313493,13180.948136045821
12653.49398,2017-11-06 00:00:00,12669.984274539558,12673.350289048272,12704.844647855472
12560.96386,2017-11-06 00:10:00,12434.77891698436,12440.653825240162,12463.085503934975
12300.72289,2017-11-06 00:20:00,12375.710581362906,12379.044388324379,12377.014473054234
12115.66265,2017-11-06 00:30:00,12118.156799328595,12118.396615491378,12139.511836236867
11953.73494,2017-11-06 00:40:00,11957.439323490964,11968.542277783548,11969.486690916303
11624.09639,2017-11-06 00:50:00,11804.463253706926,11801.898571834055,11842.806469004328
11456.38554,2017-11-06 01:00:00,11417.07299103841,11405.545259540042,11553.037831270383
11340.72289,2017-11-06 01:10:00,11272.267029119066,11272.702696707664,11384.02334928504
11011.08434,2017-11-06 01:20:00,11176.295374954021,11177.357223314382,11272.27234665658
10750.84337,2017-11-06 01:30:00,10817.498477298737,10813.249714361755,10856.16923380475
10698.79518,2017-11-06 01:40:00,10564.188687988119,10563.13519643786,10595.484800791559
10519.51807,2017-11-06 01:50:00,10550.225812722938,10549.048445714387,10554.221785853257
10426.98795,2017-11-06 02:00:00,10352.950878905132,10356.203635727277,10405.291883882619
10386.50602,2017-11-06 02:10:00,10297.349259831739,10310.040300210403,10154.258356194301
10334.45783,2017-11-06 02:20:00,10282.428651392967,10287.138901136143,10206.732100259474
10218.79518,2017-11-06 02:30:00,10234.754794632761,10229.498448814296,10137.075013935997
10178.31325,2017-11-06 02:40:00,10122.215885246693,10119.296407936257,10118.48737146766
10114.6988,2017-11-06 02:50:00,10088.380742687563,10081.241957072172,10099.561085547772
10126.26506,2017-11-06 03:00:00,10000.421787787189,9994.554569452184,10021.193971832572
10091.56627,2017-11-06 03:10:00,10027.956498762243,10026.945428759609,10011.016272490338
10108.91566,2017-11-06 03:20:00,10004.084005867326,10005.81832628239,9988.449901263819
10039.51807,2017-11-06 03:30:00,10027.320966204796,10026.218323467721,9986.849304079235
10074.21687,2017-11-06 03:40:00,9946.695979847806,9942.159656646303,9907.209956655044
10357.59036,2017-11-06 03:50:00,9993.44093346778,9989.12452423073,9960.825083652338
10455.90361,2017-11-06 04:00:00,10308.186110047453,10320.47268722283,10157.23357468173
10415.42169,2017-11-06 04:10:00,10400.67240252783,10408.228518885184,10223.633112751726
10351.80723,2017-11-06 04:20:00,10341.326286998341,10341.46211386724,10176.374613631686
10270.84337,2017-11-06 04:30:00,10222.133191779441,10205.225664309779,10156.08572718047
10351.80723,2017-11-06 04:40:00,10109.753214989702,10085.088865100526,10120.637010380233
10409.63855,2017-11-06 04:50:00,10221.044556109531,10220.10831097938,10120.783888321115
10507.95181,2017-11-06 05:00:00,10290.524635019043,10303.772918301984,10076.46931479084
10993.73494,2017-11-06 05:10:00,10427.654350542154,10444.44886956564,10263.372358251829
10987.95181,2017-11-06 05:20:00,10976.247601314182,11004.191342509008,10693.637356491618
10895.42169,2017-11-06 05:30:00,10898.629177365729,10902.52949998885,10668.917864458297
10542.6506,2017-11-06 05:40:00,10729.450371239316,10717.351204132303,10538.69864326105
10426.98795,2017-11-06 05:50:00,10253.663606160138,10215.310427336804,10343.663513563219
10201.44578,2017-11-06 06:00:00,10094.77984668854,10057.536224332585,10039.598271301635
9756.144578,2017-11-06 06:10:00,9848.194125315396,9846.417032248462,9964.848993801399
9137.349398,2017-11-06 06:20:00,9333.120521528957,9331.307755325986,9592.638680734235
8460.722892,2017-11-06 06:30:00,8632.565332294873,8627.464322051148,9069.35539464673
7708.915663,2017-11-06 06:40:00,7886.443691359205,7865.432082096762,8310.755175524964
7830.361446,2017-11-06 06:50:00,7122.918170704494,7115.776751048488,8103.771765569394
7506.506024,2017-11-06 07:00:00,7578.614522604699,7621.173555596277,8116.5281207615335
7049.638554,2017-11-06 07:10:00,7345.372273622801,7391.855235682797,8053.336485204839
7124.819277,2017-11-06 07:20:00,6917.075945799774,6945.429993862785,8072.080751768019
7182.650602,2017-11-06 07:30:00,7101.941500982604,7123.147282822132,8071.389661467384
7327.228916,2017-11-06 07:40:00,7198.942144395289,7188.429995841891,8044.006883669081
7506.506024,2017-11-06 07:50:00,7439.372488204668,7460.789113882169,8052.917825514451
7645.301205,2017-11-06 08:00:00,7680.99134376075,7695.2193504589195,8097.368271441041
7680.0,2017-11-06 08:10:00,7814.010787485175,7796.6809490595515,8102.58393841266
7928.674699,2017-11-06 08:20:00,7833.08915641824,7814.292950248206,8155.451274629989
8165.783133,2017-11-06 08:30:00,8108.0296689465085,8096.07121423758,8253.282026608564
8188.915663,2017-11-06 08:40:00,8364.005583727367,8362.057486983267,8379.134378450775
8391.325301,2017-11-06 08:50:00,8351.558557225057,8344.690932127605,8449.417678038566
8466.506024,2017-11-06 09:00:00,8590.369527083445,8590.495433879174,8646.05585103216
8807.710843,2017-11-06 09:10:00,8634.383732285552,8625.0792677407,8670.005566979931
8773.012048,2017-11-06 09:20:00,9014.362660423487,9021.379913789622,8961.417373645452
8923.373494,2017-11-06 09:30:00,8939.826698808,8944.840052710366,8958.607593049153
9148.915663,2017-11-06 09:40:00,9085.718964991145,9083.138645390263,9125.644654183177
9206.746988,2017-11-06 09:50:00,9330.61741821031,9336.344481978987,9433.21961051247
9380.240964,2017-11-06 10:00:00,9388.614028051483,9383.703222637192,9486.404567821206
9351.325301,2017-11-06 10:10:00,9579.085854033561,9593.142179643923,9589.571694487378
9455.421687,2017-11-06 10:20:00,9505.235104145806,9499.221619937616,9646.20796282694
9559.518072,2017-11-06 10:30:00,9604.078563097773,9599.31423884769,9807.99581756554
9652.048193,2017-11-06 10:40:00,9717.932670748061,9724.201772333392,9940.090930937058
9692.53012,2017-11-06 10:50:00,9804.291229535353,9807.915487310993,10003.925757617655
9871.807229,2017-11-06 11:00:00,9744.54324607255,9756.564413556094,10040.7759435881
9987.46988,2017-11-06 11:10:00,9932.069381292858,9938.69578291716,10086.489372864824
9970.120482,2017-11-06 11:20:00,10047.363135509047,10055.76950517232,10143.354700626729
10022.16867,2017-11-06 11:30:00,10002.62215932594,10005.932236280025,10120.216170445274
10045.3012,2017-11-06 11:40:00,10050.521268762634,10052.806903709845,10162.190408295293
10166.74699,2017-11-06 11:50:00,10073.750747625487,10072.669203666941,10199.502641181987
10629.39759,2017-11-06 12:00:00,10246.668514442983,10254.719760680444,10487.674235460127
10878.07229,2017-11-06 12:10:00,10793.069970931967,10824.502153586676,11201.165316686109
11363.85542,2017-11-06 12:20:00,11037.818327073981,11061.693821850255,11422.663469541383
11358.07229,2017-11-06 12:30:00,11551.316148293277,11576.628027865381,11563.3905267974
11427.46988,2017-11-06 12:40:00,11443.730469502012,11436.504204708468,11544.955134148475
11386.98795,2017-11-06 12:50:00,11445.365833279593,11418.375128799049,11640.892567548177
11514.21687,2017-11-06 13:00:00,11386.21025548876,11362.458831054471,11500.848647327519
11751.3253,2017-11-06 13:10:00,11504.743650050661,11487.49662327399,11671.80488095641
11872.77108,2017-11-06 13:20:00,11777.838156075843,11796.409175790726,11722.049333440391
11849.63855,2017-11-06 13:30:00,11892.495006740583,11905.612378354504,11902.029114867177
11803.37349,2017-11-06 13:40:00,11822.918720546448,11827.369888351026,11956.025397329739
11774.45783,2017-11-06 13:50:00,11733.664384633528,11721.161201433257,11893.447945643979
11710.84337,2017-11-06 14:00:00,11711.185796223279,11691.762304141945,11812.942061919115
11572.04819,2017-11-06 14:10:00,11644.99951360341,11636.31567079097,11722.714582413242
11543.13253,2017-11-06 14:20:00,11496.288205223882,11491.793461260333,11628.837880509293
11520.0,2017-11-06 14:30:00,11485.678568841078,11485.860641646468,11628.663368163374
11340.72289,2017-11-06 14:40:00,11470.804973724884,11472.609105076714,11603.636119415933
11196.14458,2017-11-06 14:50:00,11278.566950579723,11278.895072513697,11427.062324793571
11063.13253,2017-11-06 15:00:00,11171.82315168314,11168.800873900913,11387.171103223482
11126.74699,2017-11-06 15:10:00,11037.562353011599,11028.273864400422,11272.035150748145
10947.46988,2017-11-06 15:20:00,11148.216414724211,11150.701780030502,11280.820022297372
10982.16867,2017-11-06 15:30:00,10961.705804295616,10965.714562452165,11202.518783274172
10895.42169,2017-11-06 15:40:00,11028.131909602795,11031.418348874406,11254.366446367549
11086.26506,2017-11-06 15:50:00,10937.802871996522,10933.557271593061,11202.478752856834
11213.49398,2017-11-06 16:00:00,11195.320862074985,11190.717504066295,11331.758167315269
11213.49398,2017-11-06 16:10:00,11346.901554883558,11353.293734297946,11390.28206204884
11144.09639,2017-11-06 16:20:00,11332.829809434628,11322.14969590543,11381.80637528291
11173.01205,2017-11-06 16:30:00,11236.917992544462,11220.435231081337,11384.837293894694
11294.45783,2017-11-06 16:40:00,11257.014208741897,11231.398523367157,11348.36805421226
11398.55422,2017-11-06 16:50:00,11398.59056574609,11388.500241170052,11386.95737332927
12023.13253,2017-11-06 17:00:00,11698.557350406976,11696.049441235788,11464.015642558114
13289.63855,2017-11-06 17:10:00,12486.352539659169,12511.042810900322,12141.789356291607
15007.22892,2017-11-06 17:20:00,14041.380076095149,14105.830332597885,13725.797686384993
15961.44578,2017-11-06 17:30:00,15980.76250683372,16072.724878463794,16353.561322397085
16522.40964,2017-11-06 17:40:00,16879.39939205447,16931.81644437224,17220.545303441224
16973.49398,2017-11-06 17:50:00,17213.096957086695,17180.234864378457,17709.68899867406
17089.15663,2017-11-06 18:00:00,17427.750659448488,17333.820006819617,18239.09242718365
17280.0,2017-11-06 18:10:00,17339.456499216874,17236.567864813624,18240.199086879828
17355.18072,2017-11-06 18:20:00,17476.750139750202,17437.766512584712,18303.419727944663
17430.36145,2017-11-06 18:30:00,17502.52863301664,17493.30074195364,18153.809487423707
17459.27711,2017-11-06 18:40:00,17551.265462281663,17558.513362238285,17730.523161846784
17470.84337,2017-11-06 18:50:00,17564.497116383147,17588.99278156272,17572.96203137351
17401.44578,2017-11-06 19:00:00,17534.840729972082,17549.63904378366,17387.743407445232
17326.26506,2017-11-06 19:10:00,17445.57439986709,17456.531057410844,17312.034875583635
17285.78313,2017-11-06 19:20:00,17353.626769123857,17353.823255510393,17159.763949970875
17227.95181,2017-11-06 19:30:00,17308.014041012146,17307.468646866047,17111.1647315025
17320.48193,2017-11-06 19:40:00,17259.548901893933,17260.09904439092,17055.650323821203
17401.44578,2017-11-06 19:50:00,17391.96153739258,17400.2603993749,17079.86106224636
17574.93976,2017-11-06 20:00:00,17479.657162718195,17485.524996614866,17233.909765569155
17337.83133,2017-11-06 20:10:00,17667.9739897605,17672.10326612601,17342.56279580311
17025.54217,2017-11-06 20:20:00,17360.28064704679,17344.616416829096,17128.104042690476
17019.75904,2017-11-06 20:30:00,16959.85230205006,16924.007760614193,16755.94754764786
17013.9759,2017-11-06 20:40:00,16960.897137728665,16937.108125937368,16729.938330310095
16753.73494,2017-11-06 20:50:00,16982.948897109098,16973.9418892144,16697.021163445763
16568.6747,2017-11-06 21:00:00,16691.107756764115,16696.531600849023,16507.820551783658
16395.18072,2017-11-06 21:10:00,16516.90638567378,16515.270285270955,16322.182134572133
16158.07229,2017-11-06 21:20:00,16331.835197644194,16314.374712122317,16180.396599453177
16100.24096,2017-11-06 21:30:00,16073.263531221337,16061.049172652823,15923.271435994864
15886.26506,2017-11-06 21:40:00,16044.878528212745,16048.960484187493,15862.450341355358
15961.44578,2017-11-06 21:50:00,15827.577598717266,15821.377899772146,15679.92643774462
15591.3253,2017-11-06 22:00:00,15799.271884347245,15801.667204524376,15695.551222832095
15313.73494,2017-11-06 22:10:00,15371.507293458806,15359.317513126814,15459.78660708677
15093.9759,2017-11-06 22:20:00,15065.905471818398,15043.32769541036,15158.180493394539
14741.20482,2017-11-06 22:30:00,14844.954920329608,14829.164137556609,14815.53804049731
14671.80723,2017-11-06 22:40:00,14459.64007432109,14435.13577848356,14529.440320864594
14324.81928,2017-11-06 22:50:00,14455.612804369504,14464.842642466772,14446.70566664686
13983.61446,2017-11-06 23:00:00,14049.523097474148,14043.214989696415,14161.204404421627
13619.27711,2017-11-06 23:10:00,13693.360037862638,13680.388769019428,13793.706497044568
13387.95181,2017-11-06 23:20:00,13316.861502111735,13303.642969925475,13524.625145329523
13220.24096,2017-11-06 23:30:00,13103.125672811886,13085.378752530054,13196.98147800962
12931.08434,2017-11-06 23:40:00,12985.795430250437,12989.642110187098,13015.119107304492
12514.6988,2017-11-06 23:50:00,12694.264261544202,12689.031741556126,12831.02907901115
12133.01205,2017-11-07 00:00:00,12270.642766431825,12270.358401334837,12281.21800714568
11762.89157,2017-11-07 00:10:00,11883.872156896707,11874.524409857442,11955.63852089655
11485.3012,2017-11-07 00:20:00,11511.571379857724,11504.801845662178,11652.799882339656
11421.68675,2017-11-07 00:30:00,11277.262770190922,11287.30434295217,11451.003813344983
11352.28916,2017-11-07 00:40:00,11293.814424415905,11317.74239899432,11382.933699667723
11236.62651,2017-11-07 00:50:00,11267.879213027798,11288.813896737247,11301.03750182984
11103.61446,2017-11-07 01:00:00,11139.567683056262,11152.591976592958,11225.762922623588
11063.13253,2017-11-07 01:10:00,11007.536025353382,11005.300083870508,11058.530328392533
10889.63855,2017-11-07 01:20:00,10959.733405301635,10946.280920730602,10921.183919190022
10791.3253,2017-11-07 01:30:00,10758.951021037845,10743.23199974315,10735.679625984245
10640.96386,2017-11-07 01:40:00,10670.013100020991,10659.194567803916,10598.936765943596
10571.56627,2017-11-07 01:50:00,10508.766403091995,10497.425151234049,10539.232361187676
10554.21687,2017-11-07 02:00:00,10418.67374394047,10411.486735083177,10499.859065056547
10467.46988,2017-11-07 02:10:00,10431.419532236316,10435.308577139667,10497.813634004184
10293.9759,2017-11-07 02:20:00,10346.420473766759,10345.150743496815,10371.119491436717
10265.06024,2017-11-07 02:30:00,10154.357675945332,10147.864387948326,10157.10814956049
10270.84337,2017-11-07 02:40:00,10139.965221315419,10131.341587785519,10120.92935330257
10143.61446,2017-11-07 02:50:00,10163.821361346472,10158.893728287527,10109.998423464702
10126.26506,2017-11-07 03:00:00,10005.409075280859,10004.936935886413,10024.092725769331
10068.43373,2017-11-07 03:10:00,10003.691873696545,10004.733576066741,9985.833894844156
9883.373494,2017-11-07 03:20:00,9947.212429397576,9940.06669027064,9920.38642655213
9831.325301,2017-11-07 03:30:00,9735.605464782526,9725.031416081232,9717.609464653397
9877.590361,2017-11-07 03:40:00,9703.901309315115,9702.762016399058,9680.555119234317
10062.6506,2017-11-07 03:50:00,9795.637507675963,9797.410257186672,9730.422349251676
10241.92771,2017-11-07 04:00:00,10016.442043978703,10033.322215867156,9948.633654059768
10184.09639,2017-11-07 04:10:00,10225.5149106976,10246.400994284904,10123.964289474532
10207.22892,2017-11-07 04:20:00,10124.99591418791,10123.793198893693,10087.445349900196
10160.96386,2017-11-07 04:30:00,10114.08964829794,10100.633029875919,10102.423617470726
10207.22892,2017-11-07 04:40:00,10041.419632288002,10020.814847832258,10094.253649512368
10230.36145,2017-11-07 04:50:00,10098.119022251583,10089.345982431092,10100.201466214441
10293.9759,2017-11-07 05:00:00,10126.462084495573,10133.999403422227,10043.831127053787
10531.08434,2017-11-07 05:10:00,10229.109538793113,10237.417108746708,10107.511683799383
10681.44578,2017-11-07 05:20:00,10498.680603578767,10517.060721713518,10350.159681971236
10554.21687,2017-11-07 05:30:00,10635.90578364056,10647.900988109017,10461.317064807887
10328.6747,2017-11-07 05:40:00,10426.125191632833,10421.874707069117,10320.80019867297
10120.48193,2017-11-07 05:50:00,10121.220379745377,10098.970957892432,10082.978129144285
9906.506024,2017-11-07 06:00:00,9849.692046094682,9822.412868331812,9995.146349439176
9652.048193,2017-11-07 06:10:00,9597.651594690862,9586.172163064515,9761.604274532723
9114.216867,2017-11-07 06:20:00,9309.6767091789,9314.46262497437,9498.063485023062
8506.987952,2017-11-07 06:30:00,8684.89451720045,8680.41457029526,9078.698572465812
7853.493976,2017-11-07 06:40:00,7996.960344376714,7981.41945000094,8377.73462408442
7639.518072,2017-11-07 06:50:00,7338.086890001645,7326.311282246097,8204.298908985647
7674.216867,2017-11-07 07:00:00,7347.169479465949,7361.357500400376,8088.054934622108
7581.686747,2017-11-07 07:10:00,7519.343189366773,7565.16456043719,8065.107745704841
7651.084337,2017-11-07 07:20:00,7519.11249392293,7560.342322814013,8050.650028220846
7581.686747,2017-11-07 07:30:00,7667.923250710119,7694.518930337519,8056.091334352789
7500.722892,2017-11-07 07:40:00,7598.528574352396,7584.861814201169,8039.9202905360025
7512.289157,2017-11-07 07:50:00,7515.2846544417425,7488.233775399856,8052.6329576986745
7651.084337,2017-11-07 08:00:00,7565.195693642685,7548.71796054422,8108.405146621017
7766.746988,2017-11-07 08:10:00,7739.728027051116,7726.502756802425,8103.060535072956
7726.26506,2017-11-07 08:20:00,7895.337345249838,7896.561005827172,8131.9821009763145
7749.39759,2017-11-07 08:30:00,7849.094952947309,7845.239878687646,8132.132265339184
7830.361446,2017-11-07 08:40:00,7864.0365588436125,7855.115926532029,8143.463240736613
7974.939759,2017-11-07 08:50:00,7954.861133224111,7946.242088273686,8223.142632939838
8131.084337,2017-11-07 09:00:00,8145.601486621166,8148.137981841224,8367.553918722188
9021.686747,2017-11-07 09:10:00,8335.897922812688,8349.397866764868,8456.938147764942
9524.819277,2017-11-07 09:20:00,9347.29018080292,9384.153247063015,9049.17400152918
9530.60241,2017-11-07 09:30:00,9850.144731028802,9878.835594617407,9491.179810044041
9750.361446,2017-11-07 09:40:00,9741.329251234709,9734.716200547762,9563.088308283222
9866.024096,2017-11-07 09:50:00,9893.62683783504,9865.798929614297,9758.166987274019
9970.120482,2017-11-07 10:00:00,9953.39175016837,9898.029639828657,9927.862854451652
10270.84337,2017-11-07 10:10:00,10045.243917502263,10027.836722555985,10116.580243612438
10299.75904,2017-11-07 10:20:00,10391.370320285954,10407.837315925575,10497.178690302982
10403.85542,2017-11-07 10:30:00,10373.56297663933,10372.954865019754,10561.572125308861
10531.08434,2017-11-07 10:40:00,10468.828871586902,10472.494538474519,10635.039452454403
11375.42169,2017-11-07 10:50:00,10586.601369325836,10588.583199480656,10988.076184940192
11566.26506,2017-11-07 11:00:00,11451.21251128335,11482.576522991323,11443.745454321457
11722.40964,2017-11-07 11:10:00,11602.173137308033,11627.828406074397,11592.152396224863
11670.36145,2017-11-07 11:20:00,11688.32807243173,11686.639611119688,11769.453516092808
11774.45783,2017-11-07 11:30:00,11534.240101153382,11503.691616898162,11704.572432810002
11774.45783,2017-11-07 11:40:00,11582.328765956012,11533.216965929045,11832.830588019331
11710.84337,2017-11-07 11:50:00,11595.88122128775,11589.815715481178,11851.960782586964
11786.0241,2017-11-07 12:00:00,11571.53559450963,11569.580407487723,11763.004261121805
11849.63855,2017-11-07 12:10:00,11681.925654772811,11692.499415551043,11840.14058272942
11878.55422,2017-11-07 12:20:00,11771.944850878595,11780.594009156312,11910.045568447349
11757.10843,2017-11-07 12:30:00,11805.159446841593,11819.12165749613,11923.510274733057
11936.38554,2017-11-07 12:40:00,11657.18625924587,11663.15777257497,11709.88206721435
12034.6988,2017-11-07 12:50:00,11860.594149377348,11862.380150230521,12023.270913146212
12104.09639,2017-11-07 13:00:00,12007.28130944538,12010.7146175903,12121.065492512838
12190.84337,2017-11-07 13:10:00,12082.723663210389,12087.788806936092,12154.063975715862
12254.45783,2017-11-07 13:20:00,12175.014835844038,12180.73600274983,12268.841171952787
12318.07229,2017-11-07 13:30:00,12216.723417773239,12205.87923149248,12387.589542659056
12052.04819,2017-11-07 13:40:00,12267.193316216968,12261.511802555768,12399.781634652853
11016.86747,2017-11-07 13:50:00,11937.383747490243,11921.323169529704,12083.4581295801
11155.66265,2017-11-07 14:00:00,10725.687560448081,10674.226896246402,11193.698334500003
11190.36145,2017-11-07 14:10:00,10969.124757333593,10957.798468716035,11393.968469755175
10976.38554,2017-11-07 14:20:00,11099.054992216774,11121.525697987938,11365.276279485775
10959.03614,2017-11-07 14:30:00,10932.537056388524,10980.273186059301,11152.45467829607
10999.51807,2017-11-07 14:40:00,10975.771813186377,11028.464561866773,11498.121359351973
11022.6506,2017-11-07 14:50:00,11009.54127268217,10993.960931996417,11254.272541439404
10999.51807,2017-11-07 15:00:00,11072.569281403752,11066.339312094326,11335.35194278654
10906.98795,2017-11-07 15:10:00,11068.199230237144,11068.089107034937,11289.669086519132
10773.9759,2017-11-07 15:20:00,10939.744024438896,10919.53829357115,11225.096684526356
10831.80723,2017-11-07 15:30:00,10784.997371327525,10759.844530273991,11202.74835077524
10837.59036,2017-11-07 15:40:00,10866.251991888737,10853.087932724673,11229.73083993211
10878.07229,2017-11-07 15:50:00,10900.462457227859,10901.735238237676,11222.86073223981
10976.38554,2017-11-07 16:00:00,10986.192154593207,10987.478572332302,11206.013761789853
10906.98795,2017-11-07 16:10:00,11105.45722115053,11105.148761751007,11266.98273338064
10837.59036,2017-11-07 16:20:00,11000.322078809395,10984.574317580751,11202.581399787452
10802.89157,2017-11-07 16:30:00,10916.075725942941,10899.681461331673,11183.955782500725
10935.90361,2017-11-07 16:40:00,10884.579485523707,10867.842983793473,11178.10278487463
11132.53012,2017-11-07 16:50:00,11053.047626739344,11046.18021847574,11195.472446437409
11803.37349,2017-11-07 17:00:00,11476.97306339585,11482.628630956042,11336.007351668792
13069.87952,2017-11-07 17:10:00,12333.708458775498,12365.715328219634,11988.328501812808
15007.22892,2017-11-07 17:20:00,13874.184107279123,13942.937109582504,13387.976691802143
16013.49398,2017-11-07 17:30:00,16042.800869827754,16138.535692041025,16205.549572012835
16638.07229,2017-11-07 17:40:00,16957.155757548917,17004.99356289861,17168.441661217526
16892.53012,2017-11-07 17:50:00,17348.755933935772,17313.08063685684,17735.289092089093
17025.54217,2017-11-07 18:00:00,17310.528794560047,17200.768886031543,18134.889964859223
17112.28916,2017-11-07 18:10:00,17237.278674009194,17116.092736597893,18192.53309617097
17187.46988,2017-11-07 18:20:00,17265.910002295608,17219.79897181825,18104.089185800793
17355.18072,2017-11-07 18:30:00,17313.036145310372,17305.803108015705,17825.271302091052
17482.40964,2017-11-07 18:40:00,17496.410069171114,17520.803485182558,17561.83891849709
17598.07229,2017-11-07 18:50:00,17619.70066769183,17652.45340840932,17539.599005836113
17563.37349,2017-11-07 19:00:00,17709.009896928743,17735.313869331912,17516.135922091245
17551.80723,2017-11-07 19:10:00,17628.76820156539,17638.175706119342,17385.200335659432
17499.75904,2017-11-07 19:20:00,17586.326079361046,17577.38330709065,17345.901943986155
17418.79518,2017-11-07 19:30:00,17511.516797808206,17499.002252448794,17283.007993209645
17395.66265,2017-11-07 19:40:00,17429.40081702959,17418.53492694055,17232.290995308893
17418.79518,2017-11-07 19:50:00,17425.106391137004,17424.5607488236,17214.841472571876
17193.25301,2017-11-07 20:00:00,17459.767951396752,17459.730928028875,17214.76082084862
17436.14458,2017-11-07 20:10:00,17186.67334615031,17178.99547795202,16937.07247247423
17459.27711,2017-11-07 20:20:00,17479.480330608683,17483.195723349283,17221.34850603959
17430.36145,2017-11-07 20:30:00,17497.598778445245,17494.628540672402,17291.731295282945
17251.08434,2017-11-07 20:40:00,17451.146207312948,17442.41265609724,17232.976602771258
17135.42169,2017-11-07 20:50:00,17224.22004966061,17208.10669853868,17044.97843796064
16823.13253,2017-11-07 21:00:00,17040.08208132002,17001.044174077113,16853.06373104807
16655.42169,2017-11-07 21:10:00,16689.22347753537,16662.16752239442,16183.697285549575
16528.19277,2017-11-07 21:20:00,16521.5282427601,16505.31484224389,16358.089738201212
16476.14458,2017-11-07 21:30:00,16418.900177281812,16415.424907420635,16290.196031314379
16204.33735,2017-11-07 21:40:00,16390.566782245136,16389.67268725117,16230.856134200172
15949.87952,2017-11-07 21:50:00,16116.80525060094,16114.664969338788,15997.81446944619
15759.03614,2017-11-07 22:00:00,15674.434478775145,15660.487338231102,15646.087112044876
15863.13253,2017-11-07 22:10:00,15476.253795396007,15458.770065934841,15522.274526708292
15151.80723,2017-11-07 22:20:00,15639.812704737928,15635.575936146948,15643.737061151758
14671.80723,2017-11-07 22:30:00,14814.65278440451,14794.25193974387,14883.85362629321
14255.42169,2017-11-07 22:40:00,14306.757672614507,14278.122614113483,14370.59395329551
13804.33735,2017-11-07 22:50:00,13877.251389076991,13848.122249708376,14065.982267880368
13532.53012,2017-11-07 23:00:00,13392.916422858736,13373.148215162586,13610.886967279344
13289.63855,2017-11-07 23:10:00,13206.240222219561,13234.398534722748,13458.967316172546
13127.71084,2017-11-07 23:20:00,13010.170361231168,13021.121484194835,13112.385795474063
12873.25301,2017-11-07 23:30:00,12902.54256384118,12909.068830479187,12934.841805849492
12665.06024,2017-11-07 23:40:00,12662.514894511563,12660.078050500695,12738.901716596481
12370.12048,2017-11-07 23:50:00,12447.395140479612,12429.235548415425,12489.183756059867
12173.49398,2017-11-08 00:00:00,12155.342561219511,12145.555984251827,12217.68986516101
12028.91566,2017-11-08 00:10:00,11964.962015233874,11952.603097537809,11974.920159431706
11907.46988,2017-11-08 00:20:00,11843.097131912225,11841.712335826993,11886.328471162964
11745.54217,2017-11-08 00:30:00,11752.23666518718,11753.108338162889,11741.209454292466
11624.09639,2017-11-08 00:40:00,11607.85974900044,11609.953277907272,11670.350386486853
11386.98795,2017-11-08 00:50:00,11493.322583496592,11488.490917524161,11605.386094844354
11034.21687,2017-11-08 01:00:00,11202.710386875222,11192.338677415228,11304.882815868941
10878.07229,2017-11-08 01:10:00,10822.986028169586,10807.827601781337,10907.109589888052
10745.06024,2017-11-08 01:20:00,10684.316581413696,10677.376021382053,10755.421302276882
10623.61446,2017-11-08 01:30:00,10578.487214236939,10578.697513129897,10534.0188196039
10502.16867,2017-11-08 01:40:00,10491.09000461785,10501.483423615424,10498.291728113527
10507.95181,2017-11-08 01:50:00,10394.856342817173,10405.182940828514,10332.643560810522
10473.25301,2017-11-08 02:00:00,10401.05083238371,10404.164270945652,10402.94136484898
10351.80723,2017-11-08 02:10:00,10380.787345703648,10381.798340141762,10334.700871886904
10293.9759,2017-11-08 02:20:00,10245.004871607043,10239.119824102883,10152.978673809235
10311.3253,2017-11-08 02:30:00,10191.140403045436,10182.300056683966,10156.51841168838
10265.06024,2017-11-08 02:40:00,10224.881769768228,10214.585676413204,10129.77594405448
10160.96386,2017-11-08 02:50:00,10177.1831181672,10171.405752528437,10126.413103025012
10137.83133,2017-11-08 03:00:00,10039.380883666725,10037.34095080277,10082.374931988066
9952.771084,2017-11-08 03:10:00,10020.353155665256,10014.845650160063,10011.562981020521
9981.686747,2017-11-08 03:20:00,9800.223995688808,9788.329938611032,9862.629907561155
9837.108434,2017-11-08 03:30:00,9857.93429745653,9858.091613835342,9848.2346933269
9877.590361,2017-11-08 03:40:00,9709.979052782348,9710.088640074337,9710.42806105399
9733.012048,2017-11-08 03:50:00,9797.313119845072,9801.642115696835,9735.116495373895
9709.879518,2017-11-08 04:00:00,9634.557661008374,9642.149523421172,9673.477528888916
9767.710843,2017-11-08 04:10:00,9616.342592771742,9616.576511730527,9659.478222979087
9756.144578,2017-11-08 04:20:00,9707.005556491222,9718.411044921451,9684.92519119123
9796.626506,2017-11-08 04:30:00,9691.792681461353,9694.320300700056,9708.306409729143
9871.807229,2017-11-08 04:40:00,9754.579495043818,9765.139647383541,9689.096440443796
9877.590361,2017-11-08 04:50:00,9837.406495309879,9840.740783758052,9729.258609792998
9860.240964,2017-11-08 05:00:00,9821.397728338561,9822.541927588734,9757.857209885777
10120.48193,2017-11-08 05:10:00,9817.443668893946,9822.348065883962,9722.145665466758
10160.96386,2017-11-08 05:20:00,10122.842832318242,10135.416238554595,10041.85800055058
10114.6988,2017-11-08 05:30:00,10137.126240537043,10145.892532097681,10136.328980304965
9935.421687,2017-11-08 05:40:00,10042.44531167181,10044.706687681239,9995.355462500349
9744.578313,2017-11-08 05:50:00,9798.461597290854,9787.726508384465,9823.691366963958
9576.86747,2017-11-08 06:00:00,9542.31617937411,9522.140239880573,9663.687525211302
9264.578313,2017-11-08 06:10:00,9353.583982254515,9351.717425159117,9486.669986656325
8836.626506,2017-11-08 06:20:00,8983.554157142866,8984.372556043689,9200.78059439357
8084.819277,2017-11-08 06:30:00,8489.177175849909,8488.589342061125,8796.739510894622
7361.927711,2017-11-08 06:40:00,7619.287669998561,7602.575447326197,8246.930252473338
7119.036145,2017-11-08 06:50:00,6868.613813217438,6855.081973861701,8088.8983757437345
7200.0,2017-11-08 07:00:00,6870.765154835064,6891.537047909982,8075.363558556651
7171.084337,2017-11-08 07:10:00,7113.232054305985,7167.514799219234,8041.338100404918
7408.192771,2017-11-08 07:20:00,7207.287347024647,7272.771800019822,8006.335170778671
7205.783133,2017-11-08 07:30:00,7548.550711704838,7594.582010161843,8008.177069401098
7136.385542,2017-11-08 07:40:00,7293.454346603006,7282.162453750305,8013.931902947402
7200.0,2017-11-08 07:50:00,7202.881448243972,7172.349595633348,8042.786590073604
7356.144578,2017-11-08 08:00:00,7307.274000494539,7289.095215053983,8090.930780323563
7946.024096,2017-11-08 08:10:00,7495.3994576298155,7483.166006850504,8106.8628669506425
9374.457831,2017-11-08 08:20:00,8201.692470535474,8233.689725412016,8225.861390695347
9733.012048,2017-11-08 08:30:00,9817.406627101394,9882.09484303711,9220.43214431992
9912.289157,2017-11-08 08:40:00,10061.979022816771,10085.983764031718,9408.583766110089
11086.26506,2017-11-08 08:50:00,10089.143467443027,10062.499823502105,9645.730519818348
10947.46988,2017-11-08 09:00:00,11310.896723731053,11275.641478393918,10943.05262955517
11196.14458,2017-11-08 09:10:00,10981.83570996176,10902.86690620282,10973.031694462845
11392.77108,2017-11-08 09:20:00,11230.662840939673,11212.644000428649,11283.575339664505
11178.79518,2017-11-08 09:30:00,11365.774570527665,11342.210812525287,11428.957758959155
11884.33735,2017-11-08 09:40:00,11024.524217598897,10967.14119425858,11367.83682345223
12213.9759,2017-11-08 09:50:00,11898.648005483268,11941.737338663075,11932.726194478497
12780.72289,2017-11-08 10:00:00,12242.534475860066,12265.519837450585,12227.239043589456
13035.18072,2017-11-08 10:10:00,12851.61454560632,12885.176506051821,12719.843428581198
14914.6988,2017-11-08 10:20:00,13050.556878103416,13062.92555563059,12961.606213123861
15296.38554,2017-11-08 10:30:00,15118.44555423316,15144.132727818516,14274.366679079007
15388.91566,2017-11-08 10:40:00,15362.312769448967,15372.835043740633,14587.540490456782
15435.18072,2017-11-08 10:50:00,15282.775326493776,15235.47697333059,14856.05855875803
15712.77108,2017-11-08 11:00:00,15078.91515432731,15007.978888169577,15176.925543568528
15822.6506,2017-11-08 11:10:00,15250.880680003356,15143.961026388917,15931.287144398435
16302.6506,2017-11-08 11:20:00,15389.727984018748,15383.843033512927,15993.434300688055
16296.86747,2017-11-08 11:30:00,15925.664212536569,15951.43196358616,16306.139223949307
16562.89157,2017-11-08 11:40:00,15849.43758655194,15852.884713316369,16318.28710298679
16510.84337,2017-11-08 11:50:00,16103.47440209134,16096.647648009457,16473.607570473934
16921.44578,2017-11-08 12:00:00,16034.950416870386,16018.011842049102,16447.836834125377
16944.57831,2017-11-08 12:10:00,16475.00591957183,16462.035484276606,16692.105878511746
17123.85542,2017-11-08 12:20:00,16486.93898293681,16479.003590068896,16752.811566529683
17465.06024,2017-11-08 12:30:00,16646.282840841955,16626.231050225204,16926.323570994282
17493.9759,2017-11-08 12:40:00,17026.223882410384,17023.308377132416,17225.822177704944
17430.36145,2017-11-08 12:50:00,16981.76803509954,16951.553173760964,17201.334410667183
17499.75904,2017-11-08 13:00:00,16912.59945877586,16886.729875517896,17120.680127670825
17424.57831,2017-11-08 13:10:00,16972.764446660916,16938.226641542806,17163.549989834704
17389.87952,2017-11-08 13:20:00,16868.60613924197,16829.74625472245,17060.559175844443
17222.16867,2017-11-08 13:30:00,16852.382915086368,16836.129979341957,16971.174176929388
17083.37349,2017-11-08 13:40:00,16642.531654356666,16621.020990959063,16835.164800422466
17158.55422,2017-11-08 13:50:00,16435.825013721147,16405.990715729222,16730.04333270774
17100.72289,2017-11-08 14:00:00,16596.914710115878,16580.114376937112,16723.805941676008
17158.55422,2017-11-08 14:10:00,16549.10279770094,16531.755356031317,16703.4232850518
17245.3012,2017-11-08 14:20:00,16626.72919428471,16613.73667685658,16717.36859532706
17222.16867,2017-11-08 14:30:00,16732.437516968203,16710.605759575854,16874.479162650994
17158.55422,2017-11-08 14:40:00,16686.945902428903,16650.350139579667,16858.69494447754
17071.80723,2017-11-08 14:50:00,16607.969429946403,16572.18495894408,16727.323394233947
17187.46988,2017-11-08 15:00:00,16516.555808875717,16467.399884282957,16688.066342195674
16944.57831,2017-11-08 15:10:00,16660.265600583178,16621.8718925176,16779.666270075737
16603.37349,2017-11-08 15:20:00,16366.324107340306,16325.44039141293,16557.913002454738
16719.03614,2017-11-08 15:30:00,15987.739748034475,15942.144928401754,16327.321220225353
16533.9759,2017-11-08 15:40:00,16164.497186320168,16134.167137003116,16435.60646625298
16528.19277,2017-11-08 15:50:00,15976.268544716635,15942.385205933359,16255.05725157361
16568.6747,2017-11-08 16:00:00,16050.596419451724,16038.139666611918,16250.154463451552
16533.9759,2017-11-08 16:10:00,16126.47136012718,16108.715722119121,16260.063647041388
16695.90361,2017-11-08 16:20:00,16078.068546547936,16035.657671094357,16264.289995515759
16800.0,2017-11-08 16:30:00,16286.64713456905,16262.854156846239,16416.822527443906
17170.12048,2017-11-08 16:40:00,16403.558608864067,16368.92213705662,16528.463908950587
17661.68675,2017-11-08 16:50:00,16830.832332627753,16805.92923931821,16918.842969324443
18922.40964,2017-11-08 17:00:00,17551.600822103952,17530.74333491759,17613.095344172783
20871.3253,2017-11-08 17:10:00,19038.532177498873,19049.155226591673,18870.441626171672
23155.66265,2017-11-08 17:20:00,21298.171630399265,21358.673815188562,20271.795858809117
24480.0,2017-11-08 17:30:00,23739.178792266946,23803.60622157184,22705.080135119908
25330.12048,2017-11-08 17:40:00,24884.45836988611,24881.051592158183,23755.577792829587
25804.33735,2017-11-08 17:50:00,25398.197729608393,25289.079992191626,24322.737722860653
25972.04819,2017-11-08 18:00:00,25524.22458687685,25347.25000253635,24608.82895424846
21600.0,2017-11-08 18:10:00,25428.59195464621,25255.832347628653,24503.01105880002
20194.6988,2017-11-08 18:20:00,20103.708211160494,19838.737196709924,21364.494870996896
20350.84337,2017-11-08 18:30:00,18682.574673143332,18529.513609221303,20049.062282661747
20408.6747,2017-11-08 18:40:00,19283.14046321628,19323.74383824916,20133.23149528484
20252.53012,2017-11-08 18:50:00,19794.55578985084,20004.519262463826,20084.227308661073
20287.22892,2017-11-08 19:00:00,20052.402033285158,20393.790125559455,19910.725219329208
20345.06024,2017-11-08 19:10:00,20141.76912860831,20204.92297849904,19999.45324877175
20287.22892,2017-11-08 19:20:00,20178.627616162332,20130.291884271915,20182.014268213752
19801.44578,2017-11-08 19:30:00,20109.90243308976,20060.267393336795,20148.919982027623
19483.37349,2017-11-08 19:40:00,19540.351600895683,19474.6754264529,19647.903962040087
19309.87952,2017-11-08 19:50:00,19192.699037586535,19114.231203915504,19319.310846142034
19546.98795,2017-11-08 20:00:00,19023.50742880519,18957.829885695435,19077.031804032722
19795.66265,2017-11-08 20:10:00,19395.960290869003,19399.019056844932,19253.79252305302
19772.53012,2017-11-08 20:20:00,19744.77914031167,19780.478481141236,19545.753257004748
19824.57831,2017-11-08 20:30:00,19708.612943774537,19709.299492737486,19534.36260777219
19737.83133,2017-11-08 20:40:00,19729.945948705736,19703.163318350187,19614.303128133168
19616.38554,2017-11-08 20:50:00,19571.5212667408,19516.69508989317,19561.64926374337
19575.90361,2017-11-08 21:00:00,19378.89270032194,19325.774115631335,19385.954441772355
19304.09639,2017-11-08 21:10:00,19339.30490417971,19303.896425968782,19270.82962064908
18702.6506,2017-11-08 21:20:00,19017.195861152875,18974.688911055717,18983.82877602433
18575.42169,2017-11-08 21:30:00,18334.659079049878,18290.213934314415,18388.526002124472
18407.71084,2017-11-08 21:40:00,18239.993413572007,18212.259990104776,18191.9497239656
17985.54217,2017-11-08 21:50:00,18105.802734514986,18090.545832551343,17956.899388128622
17655.90361,2017-11-08 22:00:00,17517.222615414437,17513.09390084639,17447.674541890607
17251.08434,2017-11-08 22:10:00,17221.70670567166,17218.78947471865,17108.904172905808
16794.21687,2017-11-08 22:20:00,16764.810574832016,16729.70668689083,16943.14786481359
16713.25301,2017-11-08 22:30:00,16285.358026905558,16255.605516759297,16422.16405412725
16649.63855,2017-11-08 22:40:00,16286.919506432843,16282.53585010263,16321.06374973932
16302.6506,2017-11-08 22:50:00,16271.924737848783,16266.683103245003,16255.780182641838
15892.04819,2017-11-08 23:00:00,15877.369021719642,15860.457957336585,15945.304302486133
15579.75904,2017-11-08 23:10:00,15433.877422315565,15398.28686529033,15615.441801421544
15088.19277,2017-11-08 23:20:00,15107.344314654947,15055.54026161276,15192.967753474193
14533.01205,2017-11-08 23:30:00,14588.357634947704,14541.644092303477,14648.106435835462
14290.12048,2017-11-08 23:40:00,14027.426414539452,13995.639190565455,14083.700303675596
14000.96386,2017-11-08 23:50:00,13842.886127669546,13824.550477007637,13837.781765793507
13792.77108,2017-11-09 00:00:00,13603.037325451314,13600.974588818435,13676.197620617751
13411.08434,2017-11-09 00:10:00,13457.504523914946,13467.663545729289,13492.832302816149
13272.28916,2017-11-09 00:20:00,13083.448988738735,13080.729978160216,13050.331990129805
13208.6747,2017-11-09 00:30:00,12984.84414616851,12967.798531831677,12963.40319575879
12925.3012,2017-11-09 00:40:00,12976.03457645109,12965.895377949731,12955.657467102714
12722.89157,2017-11-09 00:50:00,12680.364207146366,12661.156575465724,12661.579745430516
12595.66265,2017-11-09 01:00:00,12445.682736216695,12429.192880900044,12406.510278718748
12497.3494,2017-11-09 01:10:00,12330.934802505271,12302.876385483734,12287.626168615212
12294.93976,2017-11-09 01:20:00,12252.723455264613,12231.260714248787,12232.900431498238
12156.14458,2017-11-09 01:30:00,12057.840525382479,12045.44311024608,12104.084277131946
11994.21687,2017-11-09 01:40:00,11926.742452965276,11906.823770645984,11917.668625930757
11953.73494,2017-11-09 01:50:00,11772.625767736652,11749.362011537094,11732.164131910438
11786.0241,2017-11-09 02:00:00,11732.999052019237,11718.248320804869,11696.96669945741
11687.71084,2017-11-09 02:10:00,11565.83250737685,11553.759549382346,11544.326303012078
11653.01205,2017-11-09 02:20:00,11477.86779475396,11461.71610894554,11433.987739676297
11548.91566,2017-11-09 02:30:00,11470.944315123226,11456.502249545058,11436.738546339215
11525.78313,2017-11-09 02:40:00,11368.365715686637,11349.476949406086,11348.43507418958
11508.43373,2017-11-09 02:50:00,11363.694706784956,11352.021187604634,11296.148362196818
11467.95181,2017-11-09 03:00:00,11330.392251127858,11316.283454258362,11267.567727006126
11450.60241,2017-11-09 03:10:00,11283.529411507287,11265.48820186912,11248.470028409305
11386.98795,2017-11-09 03:20:00,11274.654538840488,11259.353228132572,11166.161929939044
11358.07229,2017-11-09 03:30:00,11196.023240955332,11173.88121376262,11089.46935658251
11294.45783,2017-11-09 03:40:00,11175.177802122937,11155.229575609075,11068.602677821262
11300.24096,2017-11-09 03:50:00,11107.081249013194,11087.42626740467,10966.644195821162
11288.6747,2017-11-09 04:00:00,11107.024807296197,11093.057802971034,10945.736904461492
11629.87952,2017-11-09 04:10:00,11106.961401328717,11095.920924789732,10926.726021760393
11658.79518,2017-11-09 04:20:00,11515.222960229203,11516.292301121808,11393.473906877025
11676.14458,2017-11-09 04:30:00,11527.557366640354,11522.057083497755,11421.207730313416
11722.40964,2017-11-09 04:40:00,11522.67581457601,11505.190582296305,11435.171751959524
11606.74699,2017-11-09 04:50:00,11549.639891997462,11524.941097565083,11489.81044027433
11554.6988,2017-11-09 05:00:00,11365.968764259465,11327.480432363658,11263.05521348802
11838.07229,2017-11-09 05:10:00,11337.796528299525,11321.512597729681,11243.716387226768
11872.77108,2017-11-09 05:20:00,11686.717894736903,11687.239454645753,11502.817026718012
11699.27711,2017-11-09 05:30:00,11709.75246809737,11708.588760389575,11494.152650654049
11583.61446,2017-11-09 05:40:00,11479.379318775638,11469.921295371678,11353.194145292757
11421.68675,2017-11-09 05:50:00,11317.180305972104,11292.005141674976,11206.323762960601
11242.40964,2017-11-09 06:00:00,11100.784372985516,11066.391238417917,10928.098568707712
10860.72289,2017-11-09 06:10:00,10903.496235227058,10887.632656727754,10727.85620526049
10328.6747,2017-11-09 06:20:00,10462.350774394465,10447.71230409342,10340.113604904902
9611.566265,2017-11-09 06:30:00,9833.453453864608,9804.56284023842,9939.5072817875
8697.831325,2017-11-09 06:40:00,9016.625999719694,8981.231728844647,9440.845441941168
8466.506024,2017-11-09 06:50:00,8041.813036616057,8008.238898106365,8586.772130258738
8460.722892,2017-11-09 07:00:00,8092.8387106997525,8103.6111870709665,8418.655468534651
8535.903614,2017-11-09 07:10:00,8261.511503886402,8305.41967240273,8390.533126571298
8408.674699,2017-11-09 07:20:00,8504.52024156207,8563.175219805828,8473.72759333416
8356.626506,2017-11-09 07:30:00,8417.290798847052,8448.846904007212,8500.011248855524
8668.915663,2017-11-09 07:40:00,8360.45721134986,8335.048209516206,8540.298001964695
10288.19277,2017-11-09 07:50:00,8736.922600902708,8712.679186967163,8702.65719441793
11404.33735,2017-11-09 08:00:00,10640.594880310626,10681.104609157837,10160.234106109041
11589.39759,2017-11-09 08:10:00,11845.131149172134,11898.461791103273,11169.437714004396
11762.89157,2017-11-09 08:20:00,11896.352166589044,11883.653396233145,11453.028954651825
12098.31325,2017-11-09 08:30:00,11869.391986778377,11783.787930872471,11732.867893476347
12416.38554,2017-11-09 08:40:00,12054.70758711829,11928.736658705722,12063.560290940379
12699.75904,2017-11-09 08:50:00,12419.46196338034,12368.783452534375,12483.659168409715
13000.48193,2017-11-09 09:00:00,12729.685537161356,12735.322446491902,12746.817443908169
13220.24096,2017-11-09 09:10:00,13036.21898307928,13039.877948435133,13076.394327999129
13786.98795,2017-11-09 09:20:00,13227.251007591498,13221.55859448045,13332.113487002945
14452.04819,2017-11-09 09:30:00,13807.859036374026,13816.695898944306,13592.603754207916
14960.96386,2017-11-09 09:40:00,14535.131319928829,14557.64306004273,14235.932807128667
15435.18072,2017-11-09 09:50:00,15027.137472568365,15034.487220175077,14728.686507704419
15637.59036,2017-11-09 10:00:00,15499.995234798784,15491.064321177779,15295.934457433576
15955.66265,2017-11-09 10:10:00,15597.33685678654,15554.905842021548,16170.396348587883
16192.77108,2017-11-09 10:20:00,15953.025461150386,15919.478234207603,16258.598690851722
16233.25301,2017-11-09 10:30:00,16163.908241355455,16143.450334277773,16494.688327570268
16557.10843,2017-11-09 10:40:00,16142.624956818488,16123.156340788892,16569.986757499162
16655.42169,2017-11-09 10:50:00,16499.521915744874,16502.7585462532,16935.38057437961
16834.6988,2017-11-09 11:00:00,16471.96808412483,16470.798640389257,16857.271688772005
17031.3253,2017-11-09 11:10:00,16650.81081972838,16658.675418946277,17022.630803762306
17638.55422,2017-11-09 11:20:00,16864.021825520835,16876.77181635981,17190.6100092293
17945.06024,2017-11-09 11:30:00,17518.871597246107,17534.030021554205,17833.05935978145
18187.95181,2017-11-09 11:40:00,17818.491801349453,17837.450565656745,18063.855465197106
18338.31325,2017-11-09 11:50:00,18002.902431561262,18001.882111893607,18296.251747628074
18297.83133,2017-11-09 12:00:00,18137.30603065019,18118.000840060384,18520.960412247423
18477.10843,2017-11-09 12:10:00,18000.990842639454,17957.159823690414,18466.211208030156
18453.9759,2017-11-09 12:20:00,18193.813167461758,18177.553698368247,18586.307430717847
18748.91566,2017-11-09 12:30:00,18153.76515771296,18143.406630850084,18533.213497375553
18806.74699,2017-11-09 12:40:00,18496.16668981862,18504.939730662692,18824.309081823492
18824.09639,2017-11-09 12:50:00,18535.252538471454,18545.056567520107,18828.835233811344
18425.06024,2017-11-09 13:00:00,18550.936449322016,18541.982625518245,18817.770254286468
18130.12048,2017-11-09 13:10:00,18057.50146848221,18034.82521644242,18407.341641989668
17667.46988,2017-11-09 13:20:00,17702.426217823453,17663.68738204882,18039.624260593275
17655.90361,2017-11-09 13:30:00,17197.567552636167,17175.22302814847,17551.997846049337
17598.07229,2017-11-09 13:40:00,17258.733647337933,17266.583214009293,17531.144186473088
17372.53012,2017-11-09 13:50:00,17263.04750036653,17296.40747110362,17476.703040395292
17430.36145,2017-11-09 14:00:00,17080.96636355224,17096.485426907526,17316.65157317732
17280.0,2017-11-09 14:10:00,17206.852948143067,17222.176331403203,17318.70160736468
17303.13253,2017-11-09 14:20:00,17038.997089536537,17023.164919564188,17213.7541327198
17360.96386,2017-11-09 14:30:00,17092.673968614996,17084.129079198676,17218.07061026406
17551.80723,2017-11-09 14:40:00,17185.498854693546,17182.509769857625,17279.753556619806
17193.25301,2017-11-09 14:50:00,17400.73765490923,17389.856554684262,17448.32206201798
17199.03614,2017-11-09 15:00:00,17001.839330478102,16978.4751605809,17123.141944324743
17170.12048,2017-11-09 15:10:00,16997.113331521803,16967.191926438874,17214.930322910146
17112.28916,2017-11-09 15:20:00,16948.559646781716,16922.920294026895,17126.54094813354
17216.38554,2017-11-09 15:30:00,16902.037879634325,16883.61291488723,17135.36966528039
17233.73494,2017-11-09 15:40:00,17053.11611805231,17061.518001556895,17252.70386432439
16759.51807,2017-11-09 15:50:00,17068.64079346322,17054.4688806095,17247.906560190473
16771.08434,2017-11-09 16:00:00,16520.81844123408,16485.16061295562,16829.961618466416
16904.09639,2017-11-09 16:10:00,16564.243935178918,16539.064276155863,16833.427228118773
17002.40964,2017-11-09 16:20:00,16755.660342535193,16741.151049590237,16989.724743730865
17233.73494,2017-11-09 16:30:00,16903.916955380795,16907.991156881864,17040.746097609066
17551.80723,2017-11-09 16:40:00,17217.989883978185,17238.756006871234,17251.08363587955
18112.77108,2017-11-09 16:50:00,17572.937678177357,17568.5014055587,17668.13670009036
19338.79518,2017-11-09 17:00:00,18393.237799544375,18392.79477988306,18769.847094687677
21547.95181,2017-11-09 17:10:00,19873.192257452378,19913.12392866146,19740.874803012495
21426.50602,2017-11-09 17:20:00,22450.60469821567,22544.167641143846,22109.74069749474
18407.71084,2017-11-09 17:30:00,22065.17277457802,22068.78649925001,22034.640835232403
19396.62651,2017-11-09 17:40:00,18261.169333050246,18074.915906047263,19458.87594477268
19171.08434,2017-11-09 17:50:00,19464.478849101353,19350.014372099064,20217.750041042254
19298.31325,2017-11-09 18:00:00,19244.60595676624,19197.2706284111,19910.81253302734
19367.71084,2017-11-09 18:10:00,19403.817075964445,19546.503981771184,19617.95667052881
19466.0241,2017-11-09 18:20:00,19583.759136804747,19766.34566579715,19474.932353341992
19494.93976,2017-11-09 18:30:00,19579.757245063138,19538.370851603497,19685.8018433926
19703.13253,2017-11-09 18:40:00,19649.362195170223,19669.294418643414,19610.349305442338
19385.06024,2017-11-09 18:50:00,19856.050216582087,19857.943584278855,19808.961227124706
19558.55422,2017-11-09 19:00:00,19446.366460401463,19423.132572479237,19399.279476426607
19622.16867,2017-11-09 19:10:00,19655.16787214199,19628.47194169277,19523.465990578938
19708.91566,2017-11-09 19:20:00,19721.739154915645,19702.211424710204,19600.68311263077
19865.06024,2017-11-09 19:30:00,19787.396784486446,19787.84427143427,19721.74885040937
19905.54217,2017-11-09 19:40:00,19958.340328422324,19970.68290684786,19761.429363133044
20032.77108,2017-11-09 19:50:00,19950.71975885407,19932.67104976856,19821.063857322755
20212.04819,2017-11-09 20:00:00,20072.143847815787,20059.178521760008,19864.255403407984
20235.18072,2017-11-09 20:10:00,20271.96557407071,20261.22521080739,20088.209604705455
20177.3494,2017-11-09 20:20:00,20262.163755670088,20244.537288488675,20086.864730609155
20148.43373,2017-11-09 20:30:00,20172.765738251055,20153.47152573633,20036.64338531348
20229.39759,2017-11-09 20:40:00,20111.154638441,20084.049035065047,19984.067494765568
20055.90361,2017-11-09 20:50:00,20194.31652556912,20176.69960273371,20043.28355510105
19622.16867,2017-11-09 21:00:00,19960.503386018983,19943.95973273819,19793.122718690192
19217.3494,2017-11-09 21:10:00,19436.77326531664,19408.96303953706,19490.62322054857
19009.15663,2017-11-09 21:20:00,18957.35611995674,18922.07345887218,19005.006868971483
18962.89157,2017-11-09 21:30:00,18770.112104382373,18747.789944715205,18728.996275978916
18621.68675,2017-11-09 21:40:00,18796.089074567204,18807.04304180505,18559.842223619533
18118.55422,2017-11-09 21:50:00,18444.491661843833,18455.282573638262,18286.155017610126
17771.56627,2017-11-09 22:00:00,17734.674339351273,17723.167055124093,17737.120830698605
17453.49398,2017-11-09 22:10:00,17376.682400542624,17351.828500963173,17401.249017693466
17216.38554,2017-11-09 22:20:00,17047.332447107507,17025.47018022332,17105.197100462556
17123.85542,2017-11-09 22:30:00,16866.136090061056,16869.6260746632,16888.29094939329
16747.95181,2017-11-09 22:40:00,16847.535781286762,16858.347053470974,16758.13342645378
15955.66265,2017-11-09 22:50:00,16440.51786714943,16427.030703037497,16415.708454150554
15464.09639,2017-11-09 23:00:00,15505.157610062084,15465.973052168734,15647.978995222289
15122.89157,2017-11-09 23:10:00,15002.870981656966,14963.910425133134,15230.820047766418
14960.96386,2017-11-09 23:20:00,14694.684025198403,14671.10195173978,14897.118114042642
14833.73494,2017-11-09 23:30:00,14620.140273830173,14632.371163988486,14644.365544526428
14631.3253,2017-11-09 23:40:00,14585.908533715743,14613.599490266242,14480.80100276113
13856.38554,2017-11-09 23:50:00,14399.007644431422,14394.85139507594,14295.241312431897
13578.79518,2017-11-10 00:00:00,13492.423616540946,13458.041453989732,13705.466235062144
13289.63855,2017-11-10 00:10:00,13226.021112161983,13191.447861675933,13455.732890841968
13214.45783,2017-11-10 00:20:00,12973.351305119391,12953.52117443881,13163.413074069042
13006.26506,2017-11-10 00:30:00,12994.28955373221,13002.410154671663,13088.750766419713
12913.73494,2017-11-10 00:40:00,12837.687937274102,12860.75966525749,12833.796897619628
12647.71084,2017-11-10 00:50:00,12765.802271600562,12758.081133459065,12806.532752461477
12468.43373,2017-11-10 01:00:00,12445.707808837478,12429.56853441146,12521.567113747238
12173.49398,2017-11-10 01:10:00,12266.902586139055,12242.604841254106,12396.498501215605
12167.71084,2017-11-10 01:20:00,11957.233067722664,11935.956975281293,11997.929642544921
12005.78313,2017-11-10 01:30:00,12000.165999282057,11985.941989244824,11988.412573615862
11866.98795,2017-11-10 01:40:00,11852.867400226867,11845.539508885919,11880.307725833294
11525.78313,2017-11-10 01:50:00,11731.132047759294,11721.891418689434,11735.966838364828
11363.85542,2017-11-10 02:00:00,11324.52540041332,11308.760401039002,11459.590181354048
11340.72289,2017-11-10 02:10:00,11166.532453613007,11142.95058427087,11245.031035973056
11346.50602,2017-11-10 02:20:00,11197.648187624454,11193.582149050144,11189.497073695495
11219.27711,2017-11-10 02:30:00,11248.589485823384,11251.55896054686,11214.877094122538
11086.26506,2017-11-10 02:40:00,11134.395249246518,11136.527807863376,11118.537021373173
11051.56627,2017-11-10 02:50:00,10991.243630309951,10974.406588086127,10933.80919706369
10953.25301,2017-11-10 03:00:00,10936.176976882922,10917.552854981528,10882.422068442145
11045.78313,2017-11-10 03:10:00,10835.689675938998,10820.738463019525,10777.549976338996
11051.56627,2017-11-10 03:20:00,10973.851816363109,10972.499921306713,10853.11430982908
10976.38554,2017-11-10 03:30:00,10988.054118554728,10983.149290201374,10870.128688178598
10883.85542,2017-11-10 03:40:00,10896.794476573854,10881.558185664153,10784.709784509678
10982.16867,2017-11-10 03:50:00,10788.45684130341,10771.468504390523,10742.433743086345
11207.71084,2017-11-10 04:00:00,10884.309803413249,10869.825386553155,10783.875729564268
11323.37349,2017-11-10 04:10:00,11177.042376939073,11181.055492649211,11062.915398536315
11323.37349,2017-11-10 04:20:00,11301.545405356352,11306.82448225799,11180.793973206724
11346.50602,2017-11-10 04:30:00,11273.501515630825,11266.186859083884,11218.925544158721
11427.46988,2017-11-10 04:40:00,11268.257136550425,11245.91423532058,11229.939863323567
11444.81928,2017-11-10 04:50:00,11334.021211257117,11311.280061756983,11337.11596446577
11491.08434,2017-11-10 05:00:00,11328.378119031513,11317.470142046515,11269.896430110124
11728.19277,2017-11-10 05:10:00,11398.341418618125,11394.631720123158,11366.860416938054
11809.15663,2017-11-10 05:20:00,11666.804385268308,11668.45489308501,11593.822966609068
11722.40964,2017-11-10 05:30:00,11722.330991998615,11718.52657444714,11649.655081140167
11450.60241,2017-11-10 05:40:00,11582.643607121563,11570.525515942276,11562.515402904368
11132.53012,2017-11-10 05:50:00,11226.821506861415,11196.350695051977,11246.839096095984
10924.33735,2017-11-10 06:00:00,10831.59861384529,10792.983043041542,10892.201549822164
10600.48193,2017-11-10 06:10:00,10605.709977569364,10587.724469294571,10536.33986533201
10189.87952,2017-11-10 06:20:00,10250.747134304818,10245.668095105659,10329.357834924052
9414.939759,2017-11-10 06:30:00,9790.831041222204,9788.390291370506,9910.207203492842
8535.903614,2017-11-10 06:40:00,8892.151179273224,8869.010085538965,9305.26345263872
8212.048193,2017-11-10 06:50:00,7948.182306816401,7914.362330665439,8481.836733108003
8304.578313,2017-11-10 07:00:00,7872.27678113724,7871.897991424881,8369.02785225164
8495.421687,2017-11-10 07:10:00,8164.921822381693,8205.849594172476,8341.251007030522
8483.855422,2017-11-10 07:20:00,8533.217051877416,8600.183813084865,8468.18437504417
8454.939759,2017-11-10 07:30:00,8575.766938210894,8611.66635198653,8513.246333671472
8304.578313,2017-11-10 07:40:00,8548.322305903896,8527.390854133773,8632.004480040003
10652.53012,2017-11-10 07:50:00,8431.123958384145,8386.693226780042,8622.346167054748
11086.26506,2017-11-10 08:00:00,11262.409997817249,11328.723883475544,10768.629224820368
11462.16867,2017-11-10 08:10:00,11623.961991824212,11671.635969630252,11009.47041144683
11653.01205,2017-11-10 08:20:00,11900.032043967512,11903.460517156007,11467.205767690468
11681.92771,2017-11-10 08:30:00,11916.558436577605,11856.442128015413,11692.560412817355
12000.0,2017-11-10 08:40:00,11715.689828688312,11567.367295035267,11843.48000261512
12127.22892,2017-11-10 08:50:00,12143.793041158053,12135.689181229016,12205.820674027047
12688.19277,2017-11-10 09:00:00,12269.924509308403,12271.55319194077,12312.970187507892
13416.86747,2017-11-10 09:10:00,12908.166042301309,12939.621195950127,12896.633283203346
13798.55422,2017-11-10 09:20:00,13722.955632291303,13773.266148413391,13629.039394324785
13977.83133,2017-11-10 09:30:00,14065.558481574772,14091.654936101244,14060.380654565552
14151.3253,2017-11-10 09:40:00,14188.812342275121,14200.824713133163,14418.60510142985
14278.55422,2017-11-10 09:50:00,14289.09445946439,14255.246302956144,14697.113823600659
14550.36145,2017-11-10 10:00:00,14396.804923543672,14364.287147314984,14892.577748507421
14827.95181,2017-11-10 10:10:00,14701.33198071071,14703.064612800492,15304.549860500221
15163.37349,2017-11-10 10:20:00,15037.246746918034,15059.258471144956,15739.627211116438
15354.21687,2017-11-10 10:30:00,15380.904651655099,15407.29651008693,16125.275850999851
15637.59036,2017-11-10 10:40:00,15551.239430840033,15570.420817895863,16209.669995177293
15649.15663,2017-11-10 10:50:00,15811.558842179391,15822.399696031596,16336.85261624147
15840.0,2017-11-10 11:00:00,15667.1080709032,15668.127881662762,16342.523055468642
16158.07229,2017-11-10 11:10:00,15850.6080897581,15851.700095369926,16389.211863475663
15978.79518,2017-11-10 11:20:00,16228.580433601588,16247.920912636215,16576.191780390036
15718.55422,2017-11-10 11:30:00,15978.061567209319,15982.235347504153,16444.594727794858
15793.73494,2017-11-10 11:40:00,15673.215967437718,15677.525850888915,16093.520170387668
15782.16867,2017-11-10 11:50:00,15763.187832044378,15768.793302982976,16072.198463388026
16042.40964,2017-11-10 12:00:00,15797.021705139616,15812.602089456705,16093.14476893843
16453.01205,2017-11-10 12:10:00,16150.402626091602,16205.27126160618,16407.74506316515
16453.01205,2017-11-10 12:20:00,16626.763866614627,16682.636744901407,16695.34205617163
16666.98795,2017-11-10 12:30:00,16582.761779698812,16603.797760008983,16693.566713171127
16493.49398,2017-11-10 12:40:00,16789.555303643807,16805.682567264063,16790.930163198707
16562.89157,2017-11-10 12:50:00,16515.553177234797,16501.273152928017,16695.11914223307
16701.68675,2017-11-10 13:00:00,16585.636397354254,16573.037081812945,16687.651052975027
16892.53012,2017-11-10 13:10:00,16738.425608719524,16750.954079786836,16762.246299371807
16950.36145,2017-11-10 13:20:00,16918.097483498408,16931.08368791576,17007.037781144405
16701.68675,2017-11-10 13:30:00,16969.879898208776,16994.87864449309,17181.26776129603
16533.9759,2017-11-10 13:40:00,16629.22586530841,16620.453623907986,16802.00461455025
16395.18072,2017-11-10 13:50:00,16411.17306647809,16396.229133213204,16661.87182368172
16377.83133,2017-11-10 14:00:00,16293.148525976674,16281.840613758732,16570.84633439799
16493.49398,2017-11-10 14:10:00,16307.762550555917,16318.103173233058,16543.934744121347
16377.83133,2017-11-10 14:20:00,16494.313869762642,16527.652124788925,16606.490380789935
16406.74699,2017-11-10 14:30:00,16371.968629158453,16388.03273559684,16535.340075002812
16262.16867,2017-11-10 14:40:00,16424.324455604805,16435.9395797713,16593.61738771825
16429.87952,2017-11-10 14:50:00,16226.18084427417,16220.652262088108,16494.77423411442
16429.87952,2017-11-10 15:00:00,16461.154897628854,16459.873439736944,16628.399954682754
16366.26506,2017-11-10 15:10:00,16462.391514063394,16468.456280625658,16614.35189739107
16343.13253,2017-11-10 15:20:00,16370.118891969467,16363.44249049113,16575.960349713256
16366.26506,2017-11-10 15:30:00,16354.914141083462,16352.826930279123,16528.638966225248
16025.06024,2017-11-10 15:40:00,16369.613782534432,16357.787252814882,16562.434507542384
15938.31325,2017-11-10 15:50:00,15946.333102646096,15933.494211160843,16306.86985772247
15944.09639,2017-11-10 16:00:00,15893.85984905003,15885.113502968885,16316.101235512151
16140.72289,2017-11-10 16:10:00,15938.264386451423,15936.452812879186,16290.266989604102
16233.25301,2017-11-10 16:20:00,16211.903366115277,16227.746536497345,16476.421433947355
16244.81928,2017-11-10 16:30:00,16356.335774472453,16384.225006302102,16622.586891898514
16331.56627,2017-11-10 16:40:00,16371.768517249193,16375.591177525777,16643.066737298966
13480.48193,2017-11-10 16:50:00,16488.296512880304,16484.896237662568,16654.824667250017
14446.26506,2017-11-10 17:00:00,13277.74159561487,13163.493209508151,14813.959089578735
16088.6747,2017-11-10 17:10:00,14790.779883572008,14810.323310623102,16012.107239413283
16794.21687,2017-11-10 17:20:00,16921.664699843903,17060.971334388083,17599.094843689523
17066.0241,2017-11-10 17:30:00,17634.205450097325,17795.1450069717,18084.990321838242
17534.45783,2017-11-10 17:40:00,17990.85029117452,18166.013581904568,18519.83421899826
17916.14458,2017-11-10 17:50:00,18185.531329964808,18102.11963347466,18917.956559779715
18066.50602,2017-11-10 18:00:00,18449.63251415301,18360.867833586675,19261.479100287506
18216.86747,2017-11-10 18:10:00,18455.239280268655,18419.272709380934,19173.98686468872
18378.79518,2017-11-10 18:20:00,18533.827055936377,18513.14767820311,18909.60784729316
18419.27711,2017-11-10 18:30:00,18651.406783983148,18625.348798653104,18849.81911857089
18586.98795,2017-11-10 18:40:00,18663.71477862251,18648.02501909561,18748.071554235197
18344.09639,2017-11-10 18:50:00,18816.233797641344,18835.818591410578,18907.182444912654
18130.12048,2017-11-10 19:00:00,18497.4181401167,18495.45067977874,18558.56928698006
18135.90361,2017-11-10 19:10:00,18242.62921802974,18228.53483016576,18297.35600697223
18020.24096,2017-11-10 19:20:00,18275.480816240866,18274.327059953554,18305.634739966936
18072.28916,2017-11-10 19:30:00,18157.58618429167,18159.981546918367,18148.000305926387
18066.50602,2017-11-10 19:40:00,18262.532454673215,18288.756766046637,18183.72509901901
18176.38554,2017-11-10 19:50:00,18276.510872401257,18290.40373181344,18152.772475703867
18026.0241,2017-11-10 20:00:00,18407.128943288502,18410.653182954724,18155.538579796896
18182.16867,2017-11-10 20:10:00,18231.928176029636,18228.851168493446,17982.94689587206
18135.90361,2017-11-10 20:20:00,18409.060494454716,18403.067551920347,18168.96141993872
17979.75904,2017-11-10 20:30:00,18346.48493308603,18339.112117149212,18081.787023276935
17754.21687,2017-11-10 20:40:00,18157.429712554942,18141.034851897126,17896.355026899262
17690.60241,2017-11-10 20:50:00,17893.693381140783,17881.648381541454,17651.52238218167
17245.3012,2017-11-10 21:00:00,17786.80835802652,17767.445980162298,17528.042055878457
17112.28916,2017-11-10 21:10:00,17267.98402479197,17252.94035743532,17182.35564324256
16863.61446,2017-11-10 21:20:00,17151.648856731103,17150.042781194574,17060.67283379012
16510.84337,2017-11-10 21:30:00,16913.477257915496,16913.50561831762,16840.036525599837
16308.43373,2017-11-10 21:40:00,16534.60955822532,16527.312797885574,16490.247254320646
16146.50602,2017-11-10 21:50:00,16346.774785611186,16353.90796892275,16160.512786448982
15978.79518,2017-11-10 22:00:00,16034.002378778869,16030.881916847327,15861.371818972202
15811.08434,2017-11-10 22:10:00,15880.858548907392,15883.617561711384,15711.067599118971
15637.59036,2017-11-10 22:20:00,15722.626367887739,15723.212014475977,15626.801328397223
15377.3494,2017-11-10 22:30:00,15556.048489342886,15545.29062877854,15522.41897280688
15255.90361,2017-11-10 22:40:00,15271.37396052976,15254.524817395408,15160.67914310042
15267.46988,2017-11-10 22:50:00,15131.954294783161,15115.75731162133,15095.157783523266
14862.6506,2017-11-10 23:00:00,15129.823649609512,15121.028485178951,15149.612778042318
14642.89157,2017-11-10 23:10:00,14661.591092907938,14638.871492675658,14737.627229857631
14313.25301,2017-11-10 23:20:00,14436.241824144587,14413.374661758924,14464.008292120414
14301.68675,2017-11-10 23:30:00,14074.50189944987,14041.59069280949,14199.219112645702
14232.28916,2017-11-10 23:40:00,14114.065177795695,14096.688125469193,14194.4376492375
13729.15663,2017-11-10 23:50:00,14060.104177150304,14061.99502072089,13982.440407502558
13006.26506,2017-11-11 00:00:00,13566.689316107375,13561.127577782303,13612.371512349639
12717.10843,2017-11-11 00:10:00,12744.614216522757,12720.156248008669,12877.244356558307
12555.18072,2017-11-11 00:20:00,12484.14383348819,12460.865418205969,12602.101894979358
12370.12048,2017-11-11 00:30:00,12400.33728460046,12411.185434306175,12393.404939330987
12161.92771,2017-11-11 00:40:00,12299.406954834392,12340.660136009035,12201.856576968075
11884.33735,2017-11-11 00:50:00,12132.006397278403,12163.72263504755,11959.312671978261
11739.75904,2017-11-11 01:00:00,11806.879462748544,11803.661830746394,11797.519997748257
11508.43373,2017-11-11 01:10:00,11675.129320237877,11668.267955630317,11680.546671567083
11300.24096,2017-11-11 01:20:00,11454.259972058866,11450.679882571698,11544.56726821084
11201.92771,2017-11-11 01:30:00,11257.037811003165,11254.584406889131,11354.398457153577
11040.0,2017-11-11 01:40:00,11191.906549259726,11193.167960305203,11286.329076763752
10935.90361,2017-11-11 01:50:00,11028.262485951236,11023.45033318886,10965.805100290021
10935.90361,2017-11-11 02:00:00,10910.90749689047,10915.621750305487,10852.590561928275
10814.45783,2017-11-11 02:10:00,10948.389560587268,10953.485383904552,10842.912718150721
10687.22892,2017-11-11 02:20:00,10828.279188237238,10824.980851666212,10704.066701543221
10687.22892,2017-11-11 02:30:00,10695.964256436513,10691.53270113917,10615.036175938605
10698.79518,2017-11-11 02:40:00,10712.556129062088,10706.905895163714,10609.420982927968
10658.31325,2017-11-11 02:50:00,10741.522238005016,10737.197756590827,10614.77591527877
10519.51807,2017-11-11 03:00:00,10677.428788324367,10680.149464334972,10640.453484612057
10536.86747,2017-11-11 03:10:00,10526.790570731957,10522.018591815671,10402.417492687082
10536.86747,2017-11-11 03:20:00,10556.289075371711,10549.30594834192,10505.222594518367
10473.25301,2017-11-11 03:30:00,10563.220184803187,10560.276404669556,10507.329224521029
10525.3012,2017-11-11 03:40:00,10494.240377151324,10494.210689321932,10321.06728204451
10525.3012,2017-11-11 03:50:00,10575.54760346017,10580.496881007257,10463.345492783628
10490.60241,2017-11-11 04:00:00,10562.043908392452,10560.907085410632,10475.542831458586
10490.60241,2017-11-11 04:10:00,10535.689583766809,10536.80505346183,10305.36976449941
10519.51807,2017-11-11 04:20:00,10539.811988612037,10543.02815059579,10307.135295966315
10403.85542,2017-11-11 04:30:00,10572.558949462982,10572.459523168385,10405.031227582944
10536.86747,2017-11-11 04:40:00,10441.600787921918,10441.244585868444,10192.832745238293
10490.60241,2017-11-11 04:50:00,10606.938381402939,10614.869438090398,10453.616106531836
10565.78313,2017-11-11 05:00:00,10534.185619492153,10540.244876348777,10257.370340176893
10687.22892,2017-11-11 05:10:00,10641.731232946056,10652.367526421043,10350.491599831896
10785.54217,2017-11-11 05:20:00,10786.48856529684,10803.257157348313,10544.45257125783
10773.9759,2017-11-11 05:30:00,10867.927876928155,10873.610552978795,10580.67449035
10531.08434,2017-11-11 05:40:00,10821.563248573446,10827.279151337996,10543.147716086292
10328.6747,2017-11-11 05:50:00,10489.781942626933,10474.050667170257,10352.22650810721
10132.04819,2017-11-11 06:00:00,10231.482094184272,10215.18201952679,10068.151656814698
9831.325301,2017-11-11 06:10:00,10000.168124165491,9991.930110762745,9987.393445301743
9438.072289,2017-11-11 06:20:00,9658.791648090002,9659.995767405546,9679.47620382492
8807.710843,2017-11-11 06:30:00,9203.992425303379,9209.985472088369,9310.16349712885
8188.915663,2017-11-11 06:40:00,8462.400357378678,8450.385652104196,8773.814821988655
7830.361446,2017-11-11 06:50:00,7812.401328367412,7801.868267340529,8294.986693080422
7847.710843,2017-11-11 07:00:00,7665.601573728247,7676.303357632776,8207.205987310543
7772.53012,2017-11-11 07:10:00,7847.704800546277,7889.96607118469,8193.41795228858
7714.698795,2017-11-11 07:20:00,7874.08349160487,7925.767476795641,8134.853760576807
9027.46988,2017-11-11 07:30:00,7875.468260032405,7907.676723531518,8143.331384723421
8813.493976,2017-11-11 07:40:00,9447.708335200827,9504.11985002042,8897.450982795659
7356.144578,2017-11-11 07:50:00,9249.978243755573,9260.66658315534,8820.124971183379
7275.180723,2017-11-11 08:00:00,7503.697110974663,7442.460581093748,8670.480153221504
7333.012048,2017-11-11 08:10:00,7458.70281636202,7404.898691136736,8935.29049229462
7483.373494,2017-11-11 08:20:00,7571.4400637856015,7531.496048011033,9049.51349517116
7755.180723,2017-11-11 08:30:00,7922.967711851063,8023.416981132366,9090.433597829822
8125.301205,2017-11-11 08:40:00,8373.683869369266,8508.924417362427,9063.019256449492
8188.915663,2017-11-11 08:50:00,8764.159827836651,8809.266417368053,9120.491292295505
8269.879518,2017-11-11 09:00:00,8824.409727079295,8848.892748626487,9349.743900225682
8472.289157,2017-11-11 09:10:00,8899.172185946618,8912.943221756645,9648.510700861818
8651.566265,2017-11-11 09:20:00,9115.473053711068,9129.696170796198,9754.442435032877
8946.506024,2017-11-11 09:30:00,9304.36455874196,9318.067146815421,9804.276879334613
9091.084337,2017-11-11 09:40:00,9641.440208192977,9680.662461395932,9972.677799361933
9299.277108,2017-11-11 09:50:00,9769.889347191216,9811.228941815469,10280.009326467112
9258.795181,2017-11-11 10:00:00,9996.843680588918,10032.527730279058,10556.644361769067
9478.554217,2017-11-11 10:10:00,9912.167537930094,9939.600343057065,10592.771835886248
9547.951807,2017-11-11 10:20:00,10150.968657132635,10183.346749737564,10710.387205228295
9530.60241,2017-11-11 10:30:00,10209.67899258584,10248.560205765923,11267.47747968624
9883.373494,2017-11-11 10:40:00,10183.437817058264,10219.124235492412,11339.014497021479
9975.903614,2017-11-11 10:50:00,10591.739526887228,10649.703271282844,11344.258377543103
10218.79518,2017-11-11 11:00:00,10564.125350940432,10610.970388305259,11407.055093905983
10270.84337,2017-11-11 11:10:00,10837.190755930018,10896.15375407272,11573.606326747202
10432.77108,2017-11-11 11:20:00,10849.594104347088,10897.350015820113,11626.72263017419
10733.49398,2017-11-11 11:30:00,10974.88478687457,11006.43214574629,11640.144565675873
10924.33735,2017-11-11 11:40:00,11305.51924042619,11357.305541043152,11910.902302769086
10941.68675,2017-11-11 11:50:00,11470.5587037029,11514.59791053825,11887.31264079031
10935.90361,2017-11-11 12:00:00,11489.596161461115,11531.398137263102,11961.855540544346
11086.26506,2017-11-11 12:10:00,11460.635556552501,11489.291310819193,11997.485913052245
11230.84337,2017-11-11 12:20:00,11607.295094373001,11639.090535342035,12114.874514953635
11323.37349,2017-11-11 12:30:00,11782.92675209722,11833.761292963663,12215.57258156238
11525.78313,2017-11-11 12:40:00,11863.093117566508,11919.391628476305,12224.416898794432
11491.08434,2017-11-11 12:50:00,12075.447713237256,12131.35903303587,12409.237579670578
11572.04819,2017-11-11 13:00:00,12018.435786676537,12053.166136053009,12383.184975610655
11514.21687,2017-11-11 13:10:00,12091.265403769194,12128.290343239201,12450.174096069986
11508.43373,2017-11-11 13:20:00,11994.511321952628,12027.873417299073,12418.36264533923
11415.90361,2017-11-11 13:30:00,11961.677087302374,11992.4547699432,12386.55354735006
11606.74699,2017-11-11 13:40:00,11849.646775734054,11888.332995318877,12302.5626505449
11733.9759,2017-11-11 13:50:00,12066.924997415623,12111.37891929616,12390.23548523631
11855.42169,2017-11-11 14:00:00,12246.220054641068,12297.513322887336,12444.538848918255
11751.3253,2017-11-11 14:10:00,12370.711280919142,12416.926884938406,12600.805609443194
11733.9759,2017-11-11 14:20:00,12214.015368975619,12245.612686327664,12478.575413032679
11658.79518,2017-11-11 14:30:00,12166.413973735234,12182.1477122965,12441.048798580003
11774.45783,2017-11-11 14:40:00,12070.778826096486,12091.025587978958,12375.796624922124
11745.54217,2017-11-11 14:50:00,12214.483217932742,12249.210433410877,12499.616393379509
11832.28916,2017-11-11 15:00:00,12213.245583897695,12252.660661391114,12448.64457383645
11658.79518,2017-11-11 15:10:00,12310.533369928326,12346.968291898973,12568.254215491213
11606.74699,2017-11-11 15:20:00,12093.148952707605,12119.333295622568,12382.573814128767
11699.27711,2017-11-11 15:30:00,12033.798143477721,12054.458446887278,12368.608129685395
11566.26506,2017-11-11 15:40:00,12138.835699055307,12171.883956281068,12391.287719961503
11647.22892,2017-11-11 15:50:00,11964.70884340696,11989.574419035693,12373.5757079355
11525.78313,2017-11-11 16:00:00,12104.158413269202,12140.441541136053,12385.376787575675
11635.66265,2017-11-11 16:10:00,11970.413504582157,11992.708086702198,12351.171338508715
11635.66265,2017-11-11 16:20:00,12112.103799958746,12138.078777750758,12390.91426477395
11329.15663,2017-11-11 16:30:00,12125.033512537448,12159.99825511184,12374.629767857285
11508.43373,2017-11-11 16:40:00,11762.645610329508,11776.417559629732,12187.060146750086
11866.98795,2017-11-11 16:50:00,11861.563299889036,11884.175346910863,11653.814550999794
12647.71084,2017-11-11 17:00:00,12502.215333350197,12530.92771870511,12229.027243738585
14220.72289,2017-11-11 17:10:00,13539.40912389753,13615.693218630078,13433.643572429539
15626.0241,2017-11-11 17:20:00,15339.036440008449,15458.508865641621,15631.647382005485
16337.3494,2017-11-11 17:30:00,16699.887060464946,16778.522888263036,16859.38013747871
16713.25301,2017-11-11 17:40:00,17265.171257249563,17285.885849188693,17578.30225625056
16788.43373,2017-11-11 17:50:00,17390.180596576316,17335.887682835033,17901.995416771286
16782.6506,2017-11-11 18:00:00,17210.584485641764,17102.98253691501,18059.181830510523
16944.57831,2017-11-11 18:10:00,17077.640749209757,17003.326891910096,17882.48137448973
17071.80723,2017-11-11 18:20:00,17245.73668853081,17237.721022776255,17850.372134842353
16996.62651,2017-11-11 18:30:00,17378.909159667244,17407.75212887768,17449.328174343336
17071.80723,2017-11-11 18:40:00,17288.768982856902,17329.68551997449,17097.630662952874
17037.10843,2017-11-11 18:50:00,17343.603603675834,17382.93789629261,17184.365151579073
16904.09639,2017-11-11 19:00:00,17265.842496551206,17287.435288453362,17062.53172380747
16973.49398,2017-11-11 19:10:00,17107.8170067723,17122.109460944837,16935.243913657716
17089.15663,2017-11-11 19:20:00,17201.722209815503,17221.700658998576,17005.93283316982
17152.77108,2017-11-11 19:30:00,17344.377313929497,17360.396438950535,17071.528344182276
17233.73494,2017-11-11 19:40:00,17420.01470278247,17440.756079688974,17121.74249348588
17031.3253,2017-11-11 19:50:00,17513.44297957289,17532.677718898318,17215.408609209844
16979.27711,2017-11-11 20:00:00,17224.91666715745,17216.765097779436,16956.955327520784
16990.84337,2017-11-11 20:10:00,17169.766990604676,17162.354065301846,16933.30883438451
17054.45783,2017-11-11 20:20:00,17191.129076372647,17193.414981117778,16935.0241057479
17135.42169,2017-11-11 20:30:00,17271.54649541621,17284.33050688849,16959.980485857814
17164.33735,2017-11-11 20:40:00,17373.061488480434,17397.527451291025,17037.56810488827
17106.50602,2017-11-11 20:50:00,17387.373422870507,17396.41943166729,17044.55800967605
17071.80723,2017-11-11 21:00:00,17246.886229012118,17241.82689819162,16910.411362848325
16875.18072,2017-11-11 21:10:00,17181.54261130578,17170.925518490916,16874.618115847945
16869.39759,2017-11-11 21:20:00,16929.33675997764,16912.925985876514,16654.45110925308
16690.12048,2017-11-11 21:30:00,16923.69436906607,16917.184054109133,16580.38250732903
16510.84337,2017-11-11 21:40:00,16714.3536602113,16708.851887455676,16382.286764139008
16325.78313,2017-11-11 21:50:00,16511.05234712336,16505.56970643881,16320.02429905756
16129.15663,2017-11-11 22:00:00,16158.385615910518,16160.113520349514,16069.970192280854
15955.66265,2017-11-11 22:10:00,15945.6559761728,15939.592233265008,15858.604197821296
15654.93976,2017-11-11 22:20:00,15781.233176853824,15785.61295972807,15677.824453952773
15487.22892,2017-11-11 22:30:00,15459.876551963009,15457.859407155487,15455.13679723538
15192.28916,2017-11-11 22:40:00,15307.379041226992,15307.533125077669,15245.64449109881
15105.54217,2017-11-11 22:50:00,15000.128457663664,14997.076662571708,14962.807501896392
14718.07229,2017-11-11 23:00:00,14899.15245648403,14901.038735187634,14816.643145157605
14128.19277,2017-11-11 23:10:00,14480.991047267322,14477.95719082269,14483.497433965129
13810.12048,2017-11-11 23:20:00,13821.316599833652,13798.65101945125,13955.960603398837
13630.84337,2017-11-11 23:30:00,13538.348779622873,13528.599090502039,13663.400045463552
13422.6506,2017-11-11 23:40:00,13416.313685665371,13416.184883056832,13541.863400342718
13162.40964,2017-11-11 23:50:00,13238.053120418725,13258.857267200554,13253.777622411795
12890.60241,2017-11-12 00:00:00,12943.556889374706,12966.474053535087,12944.478669611402
12601.44578,2017-11-12 00:10:00,12662.762013240195,12659.296416743106,12718.669151397762
12445.3012,2017-11-12 00:20:00,12372.41044786471,12361.38484586657,12406.514154425378
12248.6747,2017-11-12 00:30:00,12247.61920185314,12244.870359211229,12322.574993276641
12109.87952,2017-11-12 00:40:00,12072.121374293385,12073.842644748134,12117.7115224996
11774.45783,2017-11-12 00:50:00,11952.64673504378,11953.541728052618,11947.671391984997
11566.26506,2017-11-12 01:00:00,11561.308243956219,11554.237208362512,11668.300081248351
11421.68675,2017-11-12 01:10:00,11352.283330430728,11341.388130926334,11542.343894276246
11317.59036,2017-11-12 01:20:00,11233.527931795283,11230.258459836856,11363.470794637977
11201.92771,2017-11-12 01:30:00,11161.40586183374,11162.295532321008,11267.163676599543
11040.0,2017-11-12 01:40:00,11072.106718780142,11079.418120226248,11147.386117437794
10918.55422,2017-11-12 01:50:00,10905.367544988057,10898.738202528817,10898.315183098326
10854.93976,2017-11-12 02:00:00,10760.573379182977,10752.256922021359,10748.352535925
10872.28916,2017-11-12 02:10:00,10714.011601701373,10707.695413026406,10729.723878464705
10750.84337,2017-11-12 02:20:00,10762.327777049624,10761.754387044031,10675.392305418274
10548.43373,2017-11-12 02:30:00,10639.407772465594,10635.60597066633,10515.784042609075
10473.25301,2017-11-12 02:40:00,10414.700102332292,10400.769978395256,10430.430022934836
10467.46988,2017-11-12 02:50:00,10347.304463010147,10334.272292089148,10317.078567358056
10479.03614,2017-11-12 03:00:00,10329.464275806522,10324.963815299056,10255.001036201806
10386.50602,2017-11-12 03:10:00,10378.765090130593,10387.202882881971,10288.51257916346
10340.24096,2017-11-12 03:20:00,10288.919826729136,10292.863002824437,10110.053112828116
10236.14458,2017-11-12 03:30:00,10238.215653151849,10231.087789192143,10082.627129180426
10322.89157,2017-11-12 03:40:00,10123.18094787799,10111.777190423934,10049.966847818176
10236.14458,2017-11-12 03:50:00,10245.526307379194,10244.3497345082,10054.896569662164
10328.6747,2017-11-12 04:00:00,10135.606729348397,10139.159874920686,10039.275353783627
10426.98795,2017-11-12 04:10:00,10258.043114135959,10262.911424600185,10076.057980267671
10531.08434,2017-11-12 04:20:00,10375.325671685045,10382.437133662523,10105.140290683858
10542.6506,2017-11-12 04:30:00,10474.012578533022,10474.60911104051,10426.591103415734
10490.60241,2017-11-12 04:40:00,10482.388198699802,10485.28399424021,10437.911027214384
10583.13253,2017-11-12 04:50:00,10392.595279389967,10379.830499200674,10265.335010259012
10577.3494,2017-11-12 05:00:00,10483.223338104955,10478.67217538435,10346.220754723592
10854.93976,2017-11-12 05:10:00,10479.657995805852,10478.946006987624,10335.337881736115
10930.12048,2017-11-12 05:20:00,10812.299167515555,10829.419667953696,10627.894272669626
10872.28916,2017-11-12 05:30:00,10873.044374502435,10886.830429674934,10634.510757446738
10693.01205,2017-11-12 05:40:00,10749.90240840631,10744.615622754243,10540.933195672918
10577.3494,2017-11-12 05:50:00,10500.932011281184,10486.138905398882,10364.739149438099
10484.81928,2017-11-12 06:00:00,10333.548724677905,10311.057210356594,10294.899275412128
9906.506024,2017-11-12 06:10:00,10228.633438312714,10225.32544135936,10126.425211636428
9484.337349,2017-11-12 06:20:00,9542.903307296328,9531.677971092564,9600.5882950742
8692.048193,2017-11-12 06:30:00,9059.516378424105,9049.33603960543,9243.490366830467
7685.783133,2017-11-12 06:40:00,8148.282859881878,8124.10146298007,8402.086089024822
7066.987952,2017-11-12 06:50:00,7060.365611511987,7037.550470033399,8065.044425625971
6818.313253,2017-11-12 07:00:00,6668.264473678191,6686.633105862193,8125.957626370323
6876.144578,2017-11-12 07:10:00,6579.535320200432,6620.68111622303,8052.95495529222
6818.313253,2017-11-12 07:20:00,6846.560248801739,6927.985500312863,8031.635581043479
8726.746988,2017-11-12 07:30:00,6979.752143047248,7057.021320570597,8101.406747753337
10369.15663,2017-11-12 07:40:00,9267.207115870968,9373.817905613552,8581.613582807604
10565.78313,2017-11-12 07:50:00,11016.619715046443,11108.086784778432,10133.89918633933
10797.10843,2017-11-12 08:00:00,10972.971376455022,10970.430565403482,10519.051503781817
11126.74699,2017-11-12 08:10:00,10972.648578093027,10893.811773286776,10690.912990119725
11647.22892,2017-11-12 08:20:00,11072.15853023723,10903.387113672634,11047.338223485947
11814.93976,2017-11-12 08:30:00,11591.691363415219,11508.846637449959,11652.169845023258
11982.6506,2017-11-12 08:40:00,11776.970308356145,11781.822077252702,11887.047252680475
12196.62651,2017-11-12 08:50:00,11889.684593757156,11886.582946732087,12096.101702443471
12572.53012,2017-11-12 09:00:00,12094.496829464448,12087.729403821955,12260.237542255647
13121.92771,2017-11-12 09:10:00,12494.642397769578,12498.344997371096,12653.614008865887
13411.08434,2017-11-12 09:20:00,13104.254592513831,13141.973551067838,13255.80387216896
13769.63855,2017-11-12 09:30:00,13366.60350463213,13382.710767667897,13489.086798194812
14133.9759,2017-11-12 09:40:00,13694.664947567835,13689.52697917211,13962.33751942144
14504.09639,2017-11-12 09:50:00,14024.133445231568,14006.67874665268,14388.327399209427
14949.39759,2017-11-12 10:00:00,14382.49191347454,14361.97494597525,14704.002177594728
14995.66265,2017-11-12 10:10:00,14837.058371644698,14833.38099800677,15081.303337619775
15151.80723,2017-11-12 10:20:00,14794.223610784224,14768.562761083012,15131.551216382226
15458.31325,2017-11-12 10:30:00,14901.514325488422,14871.786752211947,15305.724590927495
15654.93976,2017-11-12 10:40:00,15224.646064197539,15204.291854504103,15637.328938167882
15730.12048,2017-11-12 10:50:00,15403.117101387757,15387.317703133314,16033.296045537965
15886.26506,2017-11-12 11:00:00,15371.508378325307,15370.377936106017,16115.067182407816
16106.0241,2017-11-12 11:10:00,15511.038288950554,15497.395857021773,16160.973763052316
16400.96386,2017-11-12 11:20:00,15724.85492092573,15709.326619600517,16380.08569849936
16262.16867,2017-11-12 11:30:00,16043.388652489495,16041.072119479228,16524.695431624143
16377.83133,2017-11-12 11:40:00,15840.269513826619,15824.697039000777,16480.892617066685
16857.83133,2017-11-12 11:50:00,15940.456549088589,15917.987701520977,16526.54353589474
16956.14458,2017-11-12 12:00:00,16511.37709928302,16501.015696671213,16845.75967871997
17094.93976,2017-11-12 12:10:00,16592.818679762266,16582.800090563243,17023.50968849125
17239.51807,2017-11-12 12:20:00,16730.093008882934,16730.285379627396,17201.752496124074
17418.79518,2017-11-12 12:30:00,16842.894594969584,16817.577278879282,17284.500660385285
17557.59036,2017-11-12 12:40:00,17003.8384895109,16970.658240608704,17471.794217461982
17690.60241,2017-11-12 12:50:00,17141.390366180094,17129.706235057383,17510.002808831287
17436.14458,2017-11-12 13:00:00,17294.705249440663,17276.328029356642,17592.780915348954
17679.03614,2017-11-12 13:10:00,16952.33069549626,16915.78296346367,17362.923104286514
17898.79518,2017-11-12 13:20:00,17233.483594304143,17208.514299408962,17417.83673644581
17939.27711,2017-11-12 13:30:00,17469.400279281712,17458.202359823354,17772.82832256161
17939.27711,2017-11-12 13:40:00,17501.463145671692,17492.224775449096,17785.130934351568
17991.3253,2017-11-12 13:50:00,17490.38807627866,17480.5703801635,17802.854902740524
17823.61446,2017-11-12 14:00:00,17543.622437551792,17503.208524191537,17843.409148685623
17852.53012,2017-11-12 14:10:00,17327.619884717395,17286.652243588647,17664.86424042379
17812.04819,2017-11-12 14:20:00,17373.01635405284,17347.74406525879,17705.45205984931
17760.0,2017-11-12 14:30:00,17330.541635616286,17307.29012288698,17567.152489154785
17760.0,2017-11-12 14:40:00,17281.54602540987,17258.834418580802,17475.15365114921
17823.61446,2017-11-12 14:50:00,17304.220385228273,17290.140016742804,17471.84296415665
17962.40964,2017-11-12 15:00:00,17414.32010644496,17391.765252312107,17587.534845441885
17898.79518,2017-11-12 15:10:00,17570.10606181719,17553.089379831123,17746.806400113495
17794.6988,2017-11-12 15:20:00,17477.823628193142,17449.727086087012,17682.375897507834
17644.33735,2017-11-12 15:30:00,17348.158764593147,17309.158489175094,17488.602131508233
17470.84337,2017-11-12 15:40:00,17149.639183493415,17102.524693540912,17398.17875659194
17378.31325,2017-11-12 15:50:00,16958.495837414095,16913.505027441173,17271.305815670745
15151.80723,2017-11-12 16:00:00,16902.808396863296,16873.11234362192,17186.711805035546
13133.49398,2017-11-12 16:10:00,14286.643040467705,14187.232606941077,15505.482065687502
13098.79518,2017-11-12 16:20:00,12069.92046147646,11960.412849702447,13643.305627317819
13220.24096,2017-11-12 16:30:00,12350.854437007114,12346.335141466887,13486.72611293911
13434.21687,2017-11-12 16:40:00,12844.356809039047,12945.05768435463,13346.106355868073
13902.6506,2017-11-12 16:50:00,13389.87895452046,13590.891588567643,13332.423679342535
14764.33735,2017-11-12 17:00:00,14254.982816143944,14361.707705153463,14040.8983398728
16441.44578,2017-11-12 17:10:00,15289.3433064778,15287.287429858632,15566.701825706414
18303.61446,2017-11-12 17:20:00,17216.701402549446,17248.19271099413,17399.847281502287
19159.51807,2017-11-12 17:30:00,19197.595225772482,19237.26925360183,18665.128657387853
19732.04819,2017-11-12 17:40:00,19858.872261952427,19828.4855206588,19440.083738030327
20125.3012,2017-11-12 17:50:00,20154.91293598357,20045.68278599176,19800.567715308407
20316.14458,2017-11-12 18:00:00,20276.284609182196,20121.923478812107,20159.984898633447
20304.57831,2017-11-12 18:10:00,20296.469849091867,20175.540612504796,20415.693848848496
20345.06024,2017-11-12 18:20:00,20209.836789039586,20155.793920452004,20447.52567462993
20368.19277,2017-11-12 18:30:00,20200.378377537454,20171.403554679335,20361.296259118666
20414.45783,2017-11-12 18:40:00,20211.439240216463,20202.91641819145,20284.313677332204
20350.84337,2017-11-12 18:50:00,20256.059750885594,20264.07174493221,20294.46356092398
20212.04819,2017-11-12 19:00:00,20162.08083867715,20167.55846444347,20234.056911830892
20032.77108,2017-11-12 19:10:00,19996.61862247043,19984.266214373907,20077.073200802737
20119.51807,2017-11-12 19:20:00,19796.606550651082,19771.941231830337,19868.89100106779
20142.6506,2017-11-12 19:30:00,19930.412414760416,19913.975775660343,19939.233456483635
20200.48193,2017-11-12 19:40:00,19986.667738083084,19978.182454506084,19930.741913587226
20183.13253,2017-11-12 19:50:00,20062.97308096176,20054.185354883328,20004.31033351129
20113.73494,2017-11-12 20:00:00,20020.334047595,19997.57055848898,19950.696024601886
20021.20482,2017-11-12 20:10:00,19926.434662608033,19885.805729752545,19877.248386375668
20061.68675,2017-11-12 20:20:00,19822.056085089145,19783.736390966103,19752.76869272968
20009.63855,2017-11-12 20:30:00,19881.2722687828,19848.99605476443,19783.782596479276
19974.93976,2017-11-12 20:40:00,19828.39040505776,19800.90720640514,19725.091268207358
19732.04819,2017-11-12 20:50:00,19796.14512421456,19770.676027571477,19672.70219274586
19622.16867,2017-11-12 21:00:00,19481.294437158154,19444.057119913734,19492.343036242313
19263.61446,2017-11-12 21:10:00,19356.25866638631,19316.452963088657,19421.556127554315
19176.86747,2017-11-12 21:20:00,18956.606545659088,18916.67725648345,18987.634590336227
18899.27711,2017-11-12 21:30:00,18891.718759685726,18862.590489299346,18895.598598195673
18459.75904,2017-11-12 21:40:00,18608.237858291093,18585.194585115074,18509.649408482983
18054.93976,2017-11-12 21:50:00,18129.78074812961,18094.56883321971,18056.104052184233
17736.86747,2017-11-12 22:00:00,17561.974503945337,17536.644307757513,17502.728322817376
17546.0241,2017-11-12 22:10:00,17254.99843381827,17224.343770174208,17267.034845252307
17216.38554,2017-11-12 22:20:00,17117.77284028684,17108.70839540955,17125.566609670204
16938.79518,2017-11-12 22:30:00,16811.447939281654,16804.569913141175,16887.429029537892
16753.73494,2017-11-12 22:40:00,16551.4234110233,16534.63669298343,16579.608331733038
16435.66265,2017-11-12 22:50:00,16405.806560018922,16384.54406942437,16420.381513952354
16082.89157,2017-11-12 23:00:00,16033.727516816745,16002.479966459412,16135.736186401045
15747.46988,2017-11-12 23:10:00,15659.226731820072,15629.549582622747,15799.082158749781
15394.6988,2017-11-12 23:20:00,15316.185691814884,15279.291107506473,15505.608582650106
15232.77108,2017-11-12 23:30:00,14972.189592127263,14934.970554495703,15054.928855642276
14845.3012,2017-11-12 23:40:00,14868.495508552274,14849.216189308796,14989.189857522993
14423.13253,2017-11-12 23:50:00,14470.04939710602,14445.745041143866,14414.608081682003
14186.0241,2017-11-13 00:00:00,14021.886802037272,14003.257029995906,13989.525018668117
14006.74699,2017-11-13 00:10:00,13813.251735917498,13796.40921441732,13809.958490877398
13717.59036,2017-11-13 00:20:00,13674.673210960329,13659.3449875788,13667.089203575631
13515.18072,2017-11-13 00:30:00,13408.766845942087,13403.28010356704,13405.193058080815
13359.03614,2017-11-13 00:40:00,13237.113992300288,13226.547334925865,13206.101984687066
13179.75904,2017-11-13 00:50:00,13089.959159932157,13068.216404094957,13073.764166088693
13000.48193,2017-11-13 01:00:00,12886.322115479761,12865.517397029547,12980.997612954901
12717.10843,2017-11-13 01:10:00,12721.31282456886,12703.82220810434,12806.097688285416
12647.71084,2017-11-13 01:20:00,12423.823398948462,12395.98826591498,12456.11233683122
12468.43373,2017-11-13 01:30:00,12390.483760806204,12367.19866647503,12392.7946692688
12271.80723,2017-11-13 01:40:00,12217.495613970106,12196.423486680571,12263.316971906657
12213.9759,2017-11-13 01:50:00,12026.5535891636,12006.214643578813,12124.74192443584
12208.19277,2017-11-13 02:00:00,11974.43595963683,11961.67000453671,12015.516444366476
12156.14458,2017-11-13 02:10:00,12000.18246698656,11981.800303372584,12052.595171244793
12080.96386,2017-11-13 02:20:00,11962.95362569157,11949.960835451177,11982.22247250214
11947.95181,2017-11-13 02:30:00,11884.904430699742,11865.069170557494,11867.726905649157
11942.16867,2017-11-13 02:40:00,11733.752429659125,11701.410531689919,11734.4224418689
11976.86747,2017-11-13 02:50:00,11744.672658723543,11716.351125694513,11744.237562578139
11942.16867,2017-11-13 03:00:00,11775.33522212462,11758.119264740175,11776.020357957606
11866.98795,2017-11-13 03:10:00,11743.028003867183,11727.117143486626,11719.479772418463
11710.84337,2017-11-13 03:20:00,11661.132762327583,11641.04054110338,11631.433340832842
11809.15663,2017-11-13 03:30:00,11471.124789630765,11439.108455471618,11524.403487734764
11641.44578,2017-11-13 03:40:00,11611.441847468835,11590.497663146489,11617.565242211474
11641.44578,2017-11-13 03:50:00,11421.168315056664,11400.425150711144,11462.869937280617
11838.07229,2017-11-13 04:00:00,11425.733590291878,11413.103340192109,11465.629804603337
11803.37349,2017-11-13 04:10:00,11680.803072499259,11677.005577641134,11614.82642456814
11872.77108,2017-11-13 04:20:00,11632.670024533749,11614.87674575127,11632.918721567732
11814.93976,2017-11-13 04:30:00,11715.837948460528,11708.092702422924,11620.59200038881
11861.20482,2017-11-13 04:40:00,11625.270274516453,11598.452765807011,11639.635798564123
11976.86747,2017-11-13 04:50:00,11671.455364103082,11641.913471077482,11627.378572119824
12069.39759,2017-11-13 05:00:00,11799.52026660966,11789.301318150705,11670.693970763421
12300.72289,2017-11-13 05:10:00,11911.177503399642,11900.179435751566,11865.218128877768
12641.92771,2017-11-13 05:20:00,12175.696017337239,12175.295212147059,12080.998418861516
12422.16867,2017-11-13 05:30:00,12533.37684425041,12529.866987331772,12312.846609904924
12219.75904,2017-11-13 05:40:00,12199.738990934748,12170.43121709086,12046.768743860059
11965.3012,2017-11-13 05:50:00,11920.142571744496,11877.72807298847,11917.475178162049
11843.85542,2017-11-13 06:00:00,11594.139058233308,11544.065950286204,11602.954713951469
11450.60241,2017-11-13 06:10:00,11443.25915323016,11409.464901807254,11371.181172114573
11034.21687,2017-11-13 06:20:00,11012.298331418275,11003.835727913785,10854.416569057683
10195.66265,2017-11-13 06:30:00,10529.51666070543,10511.220280130958,10426.508544775092
9281.927711,2017-11-13 06:40:00,9547.070801470083,9508.64594581299,9880.394062745305
8373.975904,2017-11-13 06:50:00,8543.76342858518,8496.067670957422,9191.853973137233
8096.385542,2017-11-13 07:00:00,7771.184212535258,7744.108782387955,8554.01079644363
8084.819277,2017-11-13 07:10:00,7670.20740507896,7683.922382428083,8390.355801031557
8287.228916,2017-11-13 07:20:00,7874.681781628293,7931.4742583516545,8364.188902435199
9646.26506,2017-11-13 07:30:00,8400.5752652378,8474.157991295984,8478.2521635804
10693.01205,2017-11-13 07:40:00,10154.29408391639,10252.533665553245,9530.004355750392
10854.93976,2017-11-13 07:50:00,11237.126661853923,11285.9588714546,10699.447124537071
11265.54217,2017-11-13 08:00:00,11234.562012351013,11209.657700451615,10839.429287539604
11479.51807,2017-11-13 08:10:00,11522.667645357964,11447.008797920744,11197.639371044334
11994.21687,2017-11-13 08:20:00,11587.07674783401,11461.26862670072,11561.292870108171
12248.6747,2017-11-13 08:30:00,12119.107203052054,12059.561646444716,12122.881598727496
12462.6506,2017-11-13 08:40:00,12370.211628136169,12362.377413570357,12313.403883161587
12948.43373,2017-11-13 08:50:00,12532.863715888443,12515.419932787514,12541.805885367112
13249.15663,2017-11-13 09:00:00,13067.412083322586,13068.98348314023,13021.724834466506
13943.13253,2017-11-13 09:10:00,13348.291681944782,13341.136028561928,13474.497237663456
14804.81928,2017-11-13 09:20:00,14103.796696686866,14126.048661273144,14103.285332024914
15117.10843,2017-11-13 09:30:00,15017.793383678852,15041.560351849592,15110.447454638688
15458.31325,2017-11-13 09:40:00,15230.85753647313,15216.733855925879,15474.61896357726
15730.12048,2017-11-13 09:50:00,15504.838749601307,15481.30908477111,15820.058598774787
15920.96386,2017-11-13 10:00:00,15714.870653853948,15663.288864841954,16103.131641470301
16042.40964,2017-11-13 10:10:00,15835.998691752444,15789.243410538857,16264.323181877877
16250.60241,2017-11-13 10:20:00,15934.45452627268,15916.042726544876,16361.278448568584
16418.31325,2017-11-13 10:30:00,16136.045784915466,16121.669493936683,16628.425283964545
16690.12048,2017-11-13 10:40:00,16302.75132511196,16296.750049064385,16847.94689797592
16609.15663,2017-11-13 10:50:00,16584.603895705815,16586.60528348096,17002.463051112256
16626.50602,2017-11-13 11:00:00,16350.208809354503,16343.534727321508,16826.823533282764
16828.91566,2017-11-13 11:10:00,16344.605781726228,16328.148383984835,16828.702433782946
16828.91566,2017-11-13 11:20:00,16581.57746577458,16572.512103274734,16993.023000686033
16967.71084,2017-11-13 11:30:00,16554.676192957148,16543.65386734898,16955.454793676774
17164.33735,2017-11-13 11:40:00,16725.95071282283,16733.066517764135,17154.793305655316
17285.78313,2017-11-13 11:50:00,16952.349048889937,16953.582245454778,17319.633622866975
17650.12048,2017-11-13 12:00:00,17090.677278468323,17081.50410183271,17403.788417542968
17817.83133,2017-11-13 12:10:00,17500.4970060514,17507.67901018068,17748.85676777609
17904.57831,2017-11-13 12:20:00,17644.010005378623,17636.835690001204,17898.914132772476
18026.0241,2017-11-13 12:30:00,17696.236555558495,17679.729942540213,17983.794014233892
18320.96386,2017-11-13 12:40:00,17800.97836652634,17782.25311743421,18102.317752416177
18332.53012,2017-11-13 12:50:00,18102.862447810196,18085.714076560744,18417.440179710873
18338.31325,2017-11-13 13:00:00,18097.11990879579,18082.863959342518,18381.112584491737
18245.78313,2017-11-13 13:10:00,18081.80875069353,18065.114979130776,18368.16822217014
18199.51807,2017-11-13 13:20:00,17954.455407529746,17929.496473198124,18242.599222794746
17696.38554,2017-11-13 13:30:00,17888.39745988259,17862.669572560033,18166.30575498183
17626.98795,2017-11-13 13:40:00,17309.002876171355,17286.434908480303,17663.965457893482
17239.51807,2017-11-13 13:50:00,17279.1202429888,17271.28985327921,17647.895338015904
17158.55422,2017-11-13 14:00:00,16894.509639627857,16884.9899746196,17236.57846982866
17181.68675,2017-11-13 14:10:00,16872.92784211311,16878.843422563976,17249.409227928238
17106.50602,2017-11-13 14:20:00,16979.280183750547,17008.47442012714,17235.327202221117
17378.31325,2017-11-13 14:30:00,16917.783143381337,16921.79896443442,17130.88799858938
17268.43373,2017-11-13 14:40:00,17283.21228005047,17304.313438401627,17323.351713417167
17170.12048,2017-11-13 14:50:00,17137.750177236143,17125.15680925978,17199.094133974027
16950.36145,2017-11-13 15:00:00,17044.41681029903,17017.436720673762,17122.166061822718
17066.0241,2017-11-13 15:10:00,16775.636298829857,16742.485646264253,16992.034284381687
17280.0,2017-11-13 15:20:00,16914.944252973437,16885.207255420926,17098.30462055374
17465.06024,2017-11-13 15:30:00,17193.723859845308,17201.061173722213,17214.694572846372
17337.83133,2017-11-13 15:40:00,17396.550391844397,17403.142292967863,17454.20248530743
17447.71084,2017-11-13 15:50:00,17217.62901116026,17207.745722275613,17291.936895348244
17690.60241,2017-11-13 16:00:00,17208.532451416253,17165.102087393432,17438.06357937456
17546.0241,2017-11-13 16:10:00,17365.097949985455,17319.68837548794,17493.496797783122
17540.24096,2017-11-13 16:20:00,17169.560826399873,17122.083057959826,17321.731520187222
14538.79518,2017-11-13 16:30:00,17163.630038426356,17123.889327230718,17309.842928264698
12641.92771,2017-11-13 16:40:00,13565.161749568111,13406.958954629888,14641.027459403083
14070.36145,2017-11-13 16:50:00,11546.835833151645,11407.688630335608,13170.983959542222
14989.87952,2017-11-13 17:00:00,13838.568657017362,13899.299398178744,14371.818477315031
16904.09639,2017-11-13 17:10:00,15326.925987432782,15510.930753873665,15666.633630435692
18581.20482,2017-11-13 17:20:00,17929.093710883357,18260.783786792515,17750.613594670493
19818.79518,2017-11-13 17:30:00,19705.901981257357,19851.312090279567,19222.123305163885
20229.39759,2017-11-13 17:40:00,20680.160043706346,20606.459494701223,20208.69778784088
20194.6988,2017-11-13 17:50:00,20789.471163721515,20678.876178333077,20744.794330407116
20194.6988,2017-11-13 18:00:00,20394.106067855297,20202.04305207522,20623.36155582567
20298.79518,2017-11-13 18:10:00,20219.64822237051,20065.02712057031,20486.456337050142
20321.92771,2017-11-13 18:20:00,20290.80303777397,20204.726404808353,20490.384514991998
20287.22892,2017-11-13 18:30:00,20330.445451490697,20330.598875601925,20388.033795598712
20327.71084,2017-11-13 18:40:00,20301.784341124505,20337.27701583614,20206.68371646478
20304.57831,2017-11-13 18:50:00,20336.99926080404,20359.640288817573,20290.82767787848
20287.22892,2017-11-13 19:00:00,20282.473151021757,20290.914634356715,20189.690033721952
20397.10843,2017-11-13 19:10:00,20256.832638605596,20257.70953014915,20168.97867616826
20298.79518,2017-11-13 19:20:00,20396.465295985105,20393.686000845213,20231.476633887352
20154.21687,2017-11-13 19:30:00,20272.855271863773,20253.297666198327,20168.984391265727
20217.83133,2017-11-13 19:40:00,20108.316212599027,20084.58881775532,19990.03497906868
20397.10843,2017-11-13 19:50:00,20189.448699469645,20170.118198633165,20073.02275900706
20518.55422,2017-11-13 20:00:00,20386.354437986083,20371.965776196917,20163.509079474105
20483.85542,2017-11-13 20:10:00,20527.13904543949,20523.871264650043,20350.21209839075
20420.24096,2017-11-13 20:20:00,20469.526010260975,20453.14341168134,20256.931739209853
20298.79518,2017-11-13 20:30:00,20363.76699851189,20327.2164512637,20181.35338152067
20119.51807,2017-11-13 20:40:00,20205.781530763474,20162.967756232047,20105.470399218528
19697.3494,2017-11-13 20:50:00,19990.227281413543,19953.95414554586,19855.82926509143
19593.25301,2017-11-13 21:00:00,19488.61688840967,19453.553277182917,19469.949437954027
19529.63855,2017-11-13 21:10:00,19399.393066393222,19375.752230396454,19363.890149403687
19483.37349,2017-11-13 21:20:00,19381.344490481082,19372.460606739383,19241.814685385136
19176.86747,2017-11-13 21:30:00,19365.742581790335,19365.637991572363,19207.134442702263
18679.51807,2017-11-13 21:40:00,19020.698946437413,19010.10501757643,18929.48402291735
18286.26506,2017-11-13 21:50:00,18432.36480978424,18385.162909740833,18430.851156960944
17829.39759,2017-11-13 22:00:00,17849.838722413835,17805.510238492643,17936.579037191426
17621.20482,2017-11-13 22:10:00,17383.58757917266,17349.35335133494,17447.35451214631
17326.26506,2017-11-13 22:20:00,17237.928191157833,17233.32695202181,17207.76865789687
17083.37349,2017-11-13 22:30:00,16984.059750817767,16986.308314708745,17014.852364171067
16447.22892,2017-11-13 22:40:00,16775.216417743868,16768.778641780395,16719.84352600326
15868.91566,2017-11-13 22:50:00,16083.818554149637,16059.111797909643,16136.28625587759
15464.09639,2017-11-13 23:00:00,15428.72597955088,15386.01670598601,15609.699379183112
15267.46988,2017-11-13 23:10:00,15044.453519833041,15015.538375769316,15214.258438914872
14984.09639,2017-11-13 23:20:00,14922.092596307166,14911.621783984894,15052.79026340793
14538.79518,2017-11-13 23:30:00,14710.057037051452,14719.3750016066,14699.182427287857
14284.33735,2017-11-13 23:40:00,14257.580967460555,14245.492664337296,14262.994034615545
14388.43373,2017-11-13 23:50:00,14018.299149195745,13991.775999352554,14076.260613474535
14313.25301,2017-11-14 00:00:00,14223.891189473663,14221.32914030763,14104.910208372767
14035.66265,2017-11-14 00:10:00,14184.821402811456,14188.141318143065,13996.08533203925
13810.12048,2017-11-14 00:20:00,13884.691358331253,13875.27657617134,13808.030280939629
13364.81928,2017-11-14 00:30:00,13631.599924829854,13596.83946620033,13658.830290795737
13104.57831,2017-11-14 00:40:00,13118.083443335137,13065.711162550284,13198.585823891774
12780.72289,2017-11-14 00:50:00,12870.516199219852,12844.242054581238,13001.54439874959
12485.78313,2017-11-14 01:00:00,12526.169307601605,12516.617482735819,12520.18085029165
12323.85542,2017-11-14 01:10:00,12247.821679364231,12240.40615059681,12192.706250712357
12219.75904,2017-11-14 01:20:00,12147.930760822976,12154.21559298012,12145.513215197378
12133.01205,2017-11-14 01:30:00,12085.045726340231,12085.65816249716,12085.334396722235
11907.46988,2017-11-14 01:40:00,12032.651925210219,12035.219913681773,11962.306343366974
11797.59036,2017-11-14 01:50:00,11803.589502179651,11790.962208489691,11754.935294089322
11641.44578,2017-11-14 02:00:00,11676.80168946003,11657.298707728258,11682.787594332101
11664.57831,2017-11-14 02:10:00,11525.555391333464,11504.519295629856,11560.9629300343
11589.39759,2017-11-14 02:20:00,11589.215610053328,11577.645626800579,11578.36383878792
11427.46988,2017-11-14 02:30:00,11523.910643449897,11517.267534907904,11516.078722333832
11392.77108,2017-11-14 02:40:00,11350.001801696002,11331.702945076573,11358.314539642719
11306.0241,2017-11-14 02:50:00,11336.713392956906,11321.596639626474,11298.015908133311
11386.98795,2017-11-14 03:00:00,11218.578142029724,11200.390055457854,11214.708920627763
11439.03614,2017-11-14 03:10:00,11337.147213382921,11333.225011315706,11280.558487609953
11340.72289,2017-11-14 03:20:00,11404.53024567128,11402.431557247124,11370.343232740592
11525.78313,2017-11-14 03:30:00,11287.157764576652,11270.933314845723,11238.474685095567
11681.92771,2017-11-14 03:40:00,11501.365181491023,11492.593209335791,11484.228125995276
11664.57831,2017-11-14 03:50:00,11662.891770948372,11649.993600624191,11630.156124852032
11635.66265,2017-11-14 04:00:00,11611.498836782666,11600.388465572676,11631.722062335199
11658.79518,2017-11-14 04:10:00,11561.66176134919,11546.881200861832,11587.599953510417
11780.24096,2017-11-14 04:20:00,11569.73589007295,11542.936523813965,11646.8052760352
11826.50602,2017-11-14 04:30:00,11706.900931111304,11694.202784262827,11753.356850777052
11820.72289,2017-11-14 04:40:00,11759.592429035345,11756.84724237313,11803.469490186677
11797.59036,2017-11-14 04:50:00,11747.515547800867,11740.733944060194,11796.850022856677
11826.50602,2017-11-14 05:00:00,11695.126796669305,11683.082476843185,11669.134264085304
12075.18072,2017-11-14 05:10:00,11738.231468731123,11726.564476303993,11679.668844507185
12381.68675,2017-11-14 05:20:00,12050.404806070306,12058.229245794202,11971.723451919006
12069.39759,2017-11-14 05:30:00,12377.937553245702,12393.039706061052,12250.68294404372
11572.04819,2017-11-14 05:40:00,11949.51040834499,11935.596263160123,11919.634053751906
11358.07229,2017-11-14 05:50:00,11320.053211319948,11277.774998354982,11408.270710125731
11178.79518,2017-11-14 06:00:00,11068.53939195428,11028.947274924081,11147.444130645506
10889.63855,2017-11-14 06:10:00,10880.71967131427,10866.499967393813,10957.58165375279
10409.63855,2017-11-14 06:20:00,10604.605962828926,10627.08164965314,10521.356469145776
9611.566265,2017-11-14 06:30:00,10056.57864185658,10063.976587281131,10044.960730711067
8813.493976,2017-11-14 06:40:00,9111.318192414985,9079.508104261478,9436.71134296222
8061.686747,2017-11-14 06:50:00,8223.168355738626,8188.099911541127,8919.110901095211
7807.228916,2017-11-14 07:00:00,7613.185516224732,7595.364867820659,8378.546646739762
7685.783133,2017-11-14 07:10:00,7522.811906953215,7546.913596659284,8286.3751100961
8616.86747,2017-11-14 07:20:00,7582.71161251633,7634.628194946285,8259.784600551982
10791.3253,2017-11-14 07:30:00,8941.842698116441,9036.093387298202,8636.684483619036
10930.12048,2017-11-14 07:40:00,11590.52365000649,11736.168048291463,10709.574419696315
11508.43373,2017-11-14 07:50:00,11524.674350603564,11561.967562475933,10769.070438280578
11739.75904,2017-11-14 08:00:00,11992.045503530808,11961.730116400111,11380.009599738834
12173.49398,2017-11-14 08:10:00,11987.324371151984,11863.81069604317,11713.563020578958
12566.74699,2017-11-14 08:20:00,12336.997627339693,12215.400892794138,12316.850908816508
12780.72289,2017-11-14 08:30:00,12790.43128072349,12794.13376945112,12741.838203569303
13202.89157,2017-11-14 08:40:00,12936.098693957882,12922.025249770411,12919.277807703982
13532.53012,2017-11-14 08:50:00,13385.330269693208,13400.436427292247,13474.800403580983
13977.83133,2017-11-14 09:00:00,13711.672982718925,13721.535122255505,13762.97982819143
14336.38554,2017-11-14 09:10:00,14194.888957743466,14220.560935753392,14350.915197551494
14619.75904,2017-11-14 09:20:00,14572.808132783624,14600.469979401518,14794.588957165548
15001.44578,2017-11-14 09:30:00,14815.209506087063,14815.445347295865,15276.733647994879
15545.06024,2017-11-14 09:40:00,15195.051681702955,15202.316366204555,15751.925134443105
15973.01205,2017-11-14 09:50:00,15755.25034823677,15765.655665523054,16296.018044969182
16152.28916,2017-11-14 10:00:00,16196.939447315475,16212.699535569594,16547.037019953437
16285.3012,2017-11-14 10:10:00,16299.902664672622,16301.701472813436,16688.568015245233
16267.95181,2017-11-14 10:20:00,16362.941440338816,16347.22260225808,16788.451611697503
16499.27711,2017-11-14 10:30:00,16274.365316909609,16248.872582760632,16710.079137306508
16695.90361,2017-11-14 10:40:00,16531.841223161875,16529.813336974254,16959.19074383196
16996.62651,2017-11-14 10:50:00,16735.051986731385,16752.175484757783,17061.123035756285
17118.07229,2017-11-14 11:00:00,16957.007943770746,16983.91207390025,17226.48590643255
17181.68675,2017-11-14 11:10:00,17063.656075490922,17085.138586692523,17416.329962013002
17239.51807,2017-11-14 11:20:00,17078.691917753655,17078.564814596415,17479.547174170457
17251.08434,2017-11-14 11:30:00,17107.0513011371,17104.109548355314,17472.852251120454
17644.33735,2017-11-14 11:40:00,17099.764113821693,17093.187901581565,17488.31867221792
17823.61446,2017-11-14 11:50:00,17570.67713982609,17591.33148383765,17907.897796287838
17881.44578,2017-11-14 12:00:00,17796.86893323724,17818.19455871359,17977.10493335696
18159.03614,2017-11-14 12:10:00,17828.015065431355,17839.946790687372,18105.494766958975
18384.57831,2017-11-14 12:20:00,18114.82945562627,18125.943039200225,18336.340937955494
18627.46988,2017-11-14 12:30:00,18321.683555655352,18318.64243910726,18592.735622046504
18731.56627,2017-11-14 12:40:00,18582.036501366918,18595.56997259235,18853.97376860357
18783.61446,2017-11-14 12:50:00,18651.23391111625,18658.4016218652,18896.864840741007
18760.48193,2017-11-14 13:00:00,18676.06365569796,18663.265595110788,18881.758853818614
18997.59036,2017-11-14 13:10:00,18611.539345253743,18599.1026259028,18877.107595507343
18893.49398,2017-11-14 13:20:00,18873.667300118992,18875.1247302676,19000.939175422624
18841.44578,2017-11-14 13:30:00,18704.76107773019,18705.860597991727,18889.365547433514
18853.01205,2017-11-14 13:40:00,18630.93329096061,18629.55106383253,18875.02124490433
18615.90361,2017-11-14 13:50:00,18622.761914539573,18620.72410534358,18884.880467864292
18326.74699,2017-11-14 14:00:00,18354.389512425474,18335.3322242207,18600.981054976528
18049.15663,2017-11-14 14:10:00,18045.77488960821,18040.266272665707,18305.20296374563
18130.12048,2017-11-14 14:20:00,17750.65772805762,17741.03062975707,18049.165590399673
18095.42169,2017-11-14 14:30:00,17919.693738475806,17929.659287188228,18056.826445485574
18031.80723,2017-11-14 14:40:00,17929.846196600265,17956.23390937986,18045.047215767856
18083.85542,2017-11-14 14:50:00,17888.228816959396,17908.35169647994,18026.33638247598
17997.10843,2017-11-14 15:00:00,17985.973703132902,17991.677029363917,18085.926547825136
17945.06024,2017-11-14 15:10:00,17879.851419166538,17861.475968593775,18051.42211145878
17794.6988,2017-11-14 15:20:00,17838.5542390744,17828.629139861398,17996.119407787235
17673.25301,2017-11-14 15:30:00,17675.88739348231,17663.044289062025,17732.691313680014
17551.80723,2017-11-14 15:40:00,17536.292846546225,17520.079468198855,17717.787247884713
17673.25301,2017-11-14 15:50:00,17428.333936337236,17423.640554401703,17538.955644960846
16678.55422,2017-11-14 16:00:00,17589.44622816974,17589.28044638402,17675.851152144285
13306.98795,2017-11-14 16:10:00,16369.113723291077,16333.142703893976,16804.65671912991
13116.14458,2017-11-14 16:20:00,12409.554341237268,12271.8432382792,14322.24684879036
13110.36145,2017-11-14 16:30:00,12344.764489064515,12293.180430078748,13736.107978092963
13306.98795,2017-11-14 16:40:00,12578.640954807957,12624.846360056192,13213.769810353157
14145.54217,2017-11-14 16:50:00,13263.716642265175,13447.468926198168,13528.761258469318
15146.0241,2017-11-14 17:00:00,14724.921262504115,14955.735289255372,14696.368704566847
17025.54217,2017-11-14 17:10:00,15917.33807922851,15952.35560560725,16473.858986770658
18679.51807,2017-11-14 17:20:00,18087.812183249596,18149.674743428342,18231.281856523838
19656.86747,2017-11-14 17:30:00,19806.674498027438,19845.788876441482,19270.087990646975
20073.25301,2017-11-14 17:40:00,20576.972411301424,20536.541774183745,20228.488082375705
20281.44578,2017-11-14 17:50:00,20676.207869276805,20565.74956422367,20396.207613130904
20495.42169,2017-11-14 18:00:00,20588.61209778873,20427.16976377762,20595.921931213146
20148.43373,2017-11-14 18:10:00,20669.982737908995,20574.940628892957,20679.480082616574
20258.31325,2017-11-14 18:20:00,20186.72016021763,20137.28093710728,20309.54815152299
20188.91566,2017-11-14 18:30:00,20316.087670263463,20319.794729447705,20314.810732460235
20402.89157,2017-11-14 18:40:00,20238.153377806833,20259.921868410973,20190.07907524126
20373.9759,2017-11-14 18:50:00,20502.00702454148,20542.22802235339,20369.7731990133
20154.21687,2017-11-14 19:00:00,20469.575321423057,20515.3348644085,20294.212592768356
20084.81928,2017-11-14 19:10:00,20184.73730189959,20181.136100692027,20091.495274094403
20119.51807,2017-11-14 19:20:00,20108.01823075865,20101.471274823398,20001.5333263522
20038.55422,2017-11-14 19:30:00,20147.285615695488,20133.39688007886,19998.241468230415
19963.37349,2017-11-14 19:40:00,20082.216370241615,20084.790478701158,19914.236061945336
19928.6747,2017-11-14 19:50:00,20027.479301889194,20033.555448561012,19861.44237752976
20102.16867,2017-11-14 20:00:00,19986.456500761808,19978.358533552324,19798.842497403795
20339.27711,2017-11-14 20:10:00,20198.726944189904,20198.687424712985,19952.882001050773
20443.37349,2017-11-14 20:20:00,20476.793617081108,20488.38207812186,20219.21962108237
20414.45783,2017-11-14 20:30:00,20564.782853482106,20567.776468272037,20247.600266816095
20160.0,2017-11-14 20:40:00,20480.06851101898,20462.740970980634,20223.66012212451
19934.45783,2017-11-14 20:50:00,20112.729729137962,20068.687108234022,19949.090713244557
19986.50602,2017-11-14 21:00:00,19814.777714252763,19771.20460708418,19737.014377639684
19882.40964,2017-11-14 21:10:00,19902.196575225025,19886.08586377335,19733.072855395447
19714.6988,2017-11-14 21:20:00,19811.68117470648,19809.63727312604,19681.72221397441
19489.15663,2017-11-14 21:30:00,19630.919228385083,19632.631989918107,19499.182052944532
19541.20482,2017-11-14 21:40:00,19355.529684981284,19340.378396629418,19230.262728027086
19315.66265,2017-11-14 21:50:00,19416.79200492538,19397.53309538767,19262.335204167724
19136.38554,2017-11-14 22:00:00,18994.81074766152,18981.12095033136,19002.45899560203
18627.46988,2017-11-14 22:10:00,18807.7443981754,18791.94522710091,18848.779738616027
18268.91566,2017-11-14 22:20:00,18217.844008575157,18184.46054695596,18281.538117638414
18043.37349,2017-11-14 22:30:00,17830.527128986367,17789.788124522594,17919.92287911246
17788.91566,2017-11-14 22:40:00,17621.98667782139,17607.45831817885,17525.207134848828
17366.74699,2017-11-14 22:50:00,17375.09271272363,17366.573647055102,17328.08512200982
16666.98795,2017-11-14 23:00:00,16911.17485757518,16906.08669445565,17029.804345175304
15863.13253,2017-11-14 23:10:00,16145.882302646027,16112.126965152509,16310.209932832631
15394.6988,2017-11-14 23:20:00,15277.418428002518,15230.695515527272,15617.277662402748
15070.84337,2017-11-14 23:30:00,14852.68655364133,14828.87207238008,15142.844164828397
14706.50602,2017-11-14 23:40:00,14624.769110012756,14630.552984222546,14801.275843543282
14359.51807,2017-11-14 23:50:00,14359.290629503943,14382.177442709266,14395.722217095094
14151.3253,2017-11-15 00:00:00,14102.378109102345,14131.396814514468,14127.414391612794
13821.68675,2017-11-15 00:10:00,13938.88078212422,13945.612729488123,13921.808797462405
13752.28916,2017-11-15 00:20:00,13615.896853705683,13611.15000150292,13628.357729669362
13567.22892,2017-11-15 00:30:00,13596.543139331341,13597.958749477631,13614.282494551911
13370.60241,2017-11-15 00:40:00,13427.237500315732,13421.302759333146,13385.78099887633
13150.84337,2017-11-15 00:50:00,13227.361053645192,13211.699027092394,13166.881349789905
13087.22892,2017-11-15 01:00:00,12967.032598231779,12953.368007124882,13059.756416627753
12884.81928,2017-11-15 01:10:00,12921.847516060308,12904.789781382082,13017.302470410477
12607.22892,2017-11-15 01:20:00,12724.032601333922,12714.203564053574,12805.423056671281
12422.16867,2017-11-15 01:30:00,12433.881224535828,12420.210897390469,12525.883709459915
12242.89157,2017-11-15 01:40:00,12251.875459583083,12238.596095121378,12291.014473573032
12179.27711,2017-11-15 01:50:00,12082.599715023216,12068.252250386342,12073.532935818417
12011.56627,2017-11-15 02:00:00,12029.35468683448,12032.467004660597,11990.569713733494
11705.06024,2017-11-15 02:10:00,11881.660819977686,11884.879382302213,11915.072539252626
11600.96386,2017-11-15 02:20:00,11551.675174479917,11539.922071890505,11690.090481214236
11462.16867,2017-11-15 02:30:00,11467.232521475795,11457.737214016048,11597.140145367443
11421.68675,2017-11-15 02:40:00,11345.623599637951,11336.6081158591,11428.033253368205
11340.72289,2017-11-15 02:50:00,11348.281105644659,11352.81966805532,11411.35814843213
11265.54217,2017-11-15 03:00:00,11270.546160547794,11278.592361759005,11349.51813701099
11253.9759,2017-11-15 03:10:00,11205.64673024452,11200.698291473038,11317.757806959382
11253.9759,2017-11-15 03:20:00,11207.795408836675,11204.82479098224,11284.546730555589
11184.57831,2017-11-15 03:30:00,11233.833873549465,11228.952771998469,11302.224637821333
11155.66265,2017-11-15 03:40:00,11168.523709221812,11164.084363719845,11268.467523673688
11034.21687,2017-11-15 03:50:00,11143.867787623501,11137.124738707313,11238.628956769999
11086.26506,2017-11-15 04:00:00,10985.741798734627,10976.227127206417,10968.293291016513
11120.96386,2017-11-15 04:10:00,11064.56309617534,11063.94755663093,11050.51489364889
11433.25301,2017-11-15 04:20:00,11126.978163357837,11133.274153227658,11109.11113058472
11381.20482,2017-11-15 04:30:00,11499.100393791045,11516.01836201004,11460.035077405995
11433.25301,2017-11-15 04:40:00,11414.701904267533,11421.335589561228,11359.607099755125
11548.91566,2017-11-15 04:50:00,11446.531523080712,11439.282962481913,11490.043894735578
11757.10843,2017-11-15 05:00:00,11546.664934018525,11541.822530169122,11554.893072108203
11768.6747,2017-11-15 05:10:00,11778.601763481056,11775.091369689422,11722.743345858788
12069.39759,2017-11-15 05:20:00,11800.375952830174,11811.604838561094,11738.983461217465
12011.56627,2017-11-15 05:30:00,12100.826564732968,12109.638294003847,11936.627140815799
11855.42169,2017-11-15 05:40:00,11953.633916747387,11944.794043478149,11885.871433045197
11855.42169,2017-11-15 05:50:00,11721.006366547077,11700.709649083334,11708.189511450732
11710.84337,2017-11-15 06:00:00,11702.732528192038,11693.84885971187,11705.291352716033
11259.75904,2017-11-15 06:10:00,11500.589433510697,11482.2257796216,11583.158202947607
10872.28916,2017-11-15 06:20:00,10961.38649282385,10950.483578791598,10864.81384190792
10108.91566,2017-11-15 06:30:00,10492.779249575802,10478.15833007469,10439.67417161484
9519.036145,2017-11-15 06:40:00,9588.770621092564,9555.355279746766,9966.798233587422
8848.192771,2017-11-15 06:50:00,8957.111368393733,8940.767466354191,9408.221449369505
8692.048193,2017-11-15 07:00:00,8433.799574748,8433.770380044252,8898.952241510688
8674.698795,2017-11-15 07:10:00,8418.427021967425,8443.222928512856,8603.727282350017
8738.313253,2017-11-15 07:20:00,8616.634554691853,8672.437201193603,8595.32816697269
8680.481928,2017-11-15 07:30:00,8939.98362333536,8995.891925181848,8958.480734306788
8587.951807,2017-11-15 07:40:00,8955.364185354547,8992.312386514384,8976.784498652501
8587.951807,2017-11-15 07:50:00,8883.540056352782,8878.438807992976,9207.530715145196
8929.156627,2017-11-15 08:00:00,8920.385746545546,8911.57542482899,9279.476011775154
9102.650602,2017-11-15 08:10:00,9355.990243699685,9367.515230509649,9384.260600455185
9218.313253,2017-11-15 08:20:00,9577.265422074288,9600.97028750639,9597.585949183569
9461.204819,2017-11-15 08:30:00,9694.024596872634,9714.905216945826,9716.362061092454
9761.927711,2017-11-15 08:40:00,9953.902344732298,9968.927290275624,10023.19861701299
9981.686747,2017-11-15 08:50:00,10267.815483395425,10279.700757933128,10183.594174367197
10299.75904,2017-11-15 09:00:00,10521.345498432464,10546.921626751731,10422.733197277701
10716.14458,2017-11-15 09:10:00,10866.054886520666,10896.502601801838,10762.478057416387
10739.27711,2017-11-15 09:20:00,11308.551784027764,11338.417859434456,11219.321221571017
10901.20482,2017-11-15 09:30:00,11272.32312408751,11289.434453552065,11262.87148442032
11097.83133,2017-11-15 09:40:00,11433.481823822876,11454.758093301321,11840.939374937809
11444.81928,2017-11-15 09:50:00,11630.578418907466,11652.230415823975,12034.345387079227
11751.3253,2017-11-15 10:00:00,12027.718722269834,12061.017468565986,12296.889212070888
11791.80723,2017-11-15 10:10:00,12354.017263004476,12407.405098461015,12509.365868967478
11982.6506,2017-11-15 10:20:00,12326.14622844983,12355.95163936877,12597.867406177142
12462.6506,2017-11-15 10:30:00,12504.003355216984,12528.166826039345,12716.421610555619
12427.95181,2017-11-15 10:40:00,13024.188892220458,13056.489831877818,13161.543451147976
12231.3253,2017-11-15 10:50:00,12929.620788749075,12956.201615103866,13154.021532584506
12248.6747,2017-11-15 11:00:00,12563.16157791709,12584.973089225497,12928.168825598716
12144.57831,2017-11-15 11:10:00,12559.867793629455,12570.975220990642,12948.667833243708
12219.75904,2017-11-15 11:20:00,12426.403399455841,12438.428299519781,12829.25898141423
12491.56627,2017-11-15 11:30:00,12558.242323341798,12611.160927694651,12861.280709109518
12560.96386,2017-11-15 11:40:00,12920.712467212219,12987.542448014987,13096.643860674207
12439.51807,2017-11-15 11:50:00,12988.02303545049,13036.940901071073,13279.701542865487
12526.26506,2017-11-15 12:00:00,12862.9595338316,12897.433464498246,13082.499568503947
12670.84337,2017-11-15 12:10:00,12957.83712435689,12982.602621759237,13285.090885793388
12734.45783,2017-11-15 12:20:00,13121.315231215898,13148.529266301699,13488.559721395854
12815.42169,2017-11-15 12:30:00,13206.052019303519,13247.119389570056,13529.076135846984
12780.72289,2017-11-15 12:40:00,13300.684616493576,13346.512950640172,13629.275526170566
12821.20482,2017-11-15 12:50:00,13229.28802932189,13257.91435082068,13635.424758626996
12688.19277,2017-11-15 13:00:00,13291.263940891113,13317.605977413152,13609.64851478783
12566.74699,2017-11-15 13:10:00,13138.045027016336,13166.334096783687,13500.673305507817
12572.53012,2017-11-15 13:20:00,12990.974698652439,13019.220706268821,13351.098423820973
12618.79518,2017-11-15 13:30:00,13003.710888060084,13040.856543151403,13332.027448635281
12751.80723,2017-11-15 13:40:00,13072.975389338599,13114.346017148884,13409.939714376489
13312.77108,2017-11-15 13:50:00,13225.618457701856,13279.025950536667,13520.178430015752
13353.25301,2017-11-15 14:00:00,13887.448148203277,13948.206635209694,13923.899779037183
13173.9759,2017-11-15 14:10:00,13856.536670690093,13890.385077121306,13989.556716108496
12988.91566,2017-11-15 14:20:00,13586.31670555421,13593.547236461633,13765.97746815884
12873.25301,2017-11-15 14:30:00,13330.445162634189,13318.987405496287,13649.400328350586
12907.95181,2017-11-15 14:40:00,13174.231583636294,13160.547670269316,13551.61829519508
12884.81928,2017-11-15 14:50:00,13265.374564551585,13300.772678163732,13590.844708366802
12838.55422,2017-11-15 15:00:00,13289.26997603965,13334.250478896249,13567.254132369642
12717.10843,2017-11-15 15:10:00,13253.586113010682,13292.89056346699,13485.562759979886
12769.15663,2017-11-15 15:20:00,13113.35504037949,13139.331546777299,13413.530397351506
12919.51807,2017-11-15 15:30:00,13181.260108841529,13205.185524329572,13472.226834252211
12919.51807,2017-11-15 15:40:00,13360.388015024353,13394.504554394876,13544.47426569237
12902.16867,2017-11-15 15:50:00,13365.160839379016,13394.035822343223,13529.914281086383
13046.74699,2017-11-15 16:00:00,13307.216467911741,13322.49560057111,13471.428347527293
12971.56627,2017-11-15 16:10:00,13276.078685220184,13269.826460368964,13236.008467389436
13012.04819,2017-11-15 16:20:00,13157.906064302744,13145.401431221992,13124.750895793135
13069.87952,2017-11-15 16:30:00,13141.97764641614,13133.430870295324,13015.529260177404
13272.28916,2017-11-15 16:40:00,13172.937105375324,13161.140156919035,13129.699749096602
14081.92771,2017-11-15 16:50:00,13473.916860519397,13472.26157198037,13359.732406756997
15296.38554,2017-11-15 17:00:00,14622.949772238178,14658.237879436918,15011.72678454906
17372.53012,2017-11-15 17:10:00,16099.950680913482,16166.50398909919,16843.799500057703
18980.24096,2017-11-15 17:20:00,18482.328945266283,18590.610613589157,18633.224586016288
19847.71084,2017-11-15 17:30:00,20111.89463865851,20187.804835264946,19417.15565753943
20148.43373,2017-11-15 17:40:00,20723.964190626088,20706.283696989543,20086.20853162501
20518.55422,2017-11-15 17:50:00,20671.44283448802,20571.43148329557,20264.251125404113
20570.60241,2017-11-15 18:00:00,20796.66301276263,20660.217527852576,20676.68193348475
20559.03614,2017-11-15 18:10:00,20679.951452899295,20595.062311093443,20715.86037962657
20460.72289,2017-11-15 18:20:00,20612.53252864474,20588.169213641897,20745.628692936316
20362.40964,2017-11-15 18:30:00,20470.486664594922,20478.03942546539,20470.73782848292
20408.6747,2017-11-15 18:40:00,20354.482655888714,20368.876456513273,20363.453304000555
20044.33735,2017-11-15 18:50:00,20431.26009713919,20469.73005867353,20359.30388711553
19865.06024,2017-11-15 19:00:00,19990.31616279014,20011.28023482552,19947.86572705354
19911.3253,2017-11-15 19:10:00,19812.852458832283,19826.067102498768,19865.968339262916
19841.92771,2017-11-15 19:20:00,19910.541441568388,19923.605845123027,19873.980540135923
19893.9759,2017-11-15 19:30:00,19853.295541371375,19862.230877473143,19822.85429532109
19755.18072,2017-11-15 19:40:00,19958.64852730348,19984.61351184854,19813.12091073515
19633.73494,2017-11-15 19:50:00,19802.264150181214,19799.68916576619,19736.924816464918
19807.22892,2017-11-15 20:00:00,19658.161942977822,19640.665706420274,19526.554431533197
19911.3253,2017-11-15 20:10:00,19898.10595389268,19898.709062219506,19731.82417720543
19980.72289,2017-11-15 20:20:00,20026.080564897446,20028.25102802742,19792.862169171298
19870.84337,2017-11-15 20:30:00,20102.990818066988,20111.425005796656,19818.692532371075
19789.87952,2017-11-15 20:40:00,19933.69896860142,19921.361908337203,19778.692738175323
19726.26506,2017-11-15 20:50:00,19794.494541941564,19765.7545932292,19711.276848268244
19813.01205,2017-11-15 21:00:00,19703.20259257411,19683.622241393525,19668.30027567025
19616.38554,2017-11-15 21:10:00,19815.931051843825,19810.432929064584,19683.529091568013
19107.46988,2017-11-15 21:20:00,19586.24212364975,19582.02104767302,19494.821485779517
18933.9759,2017-11-15 21:30:00,18975.232074226766,18950.03678148977,18913.32855559195
18673.73494,2017-11-15 21:40:00,18808.692335764466,18789.820482235093,18739.866374617068
18234.21687,2017-11-15 21:50:00,18536.03343399109,18522.72313519208,18407.70327224142
17985.54217,2017-11-15 22:00:00,17924.18639261138,17929.599006708864,17923.212003479548
17736.86747,2017-11-15 22:10:00,17698.89971212031,17713.75199299829,17628.45250575908
17372.53012,2017-11-15 22:20:00,17453.40808795038,17450.910063050233,17351.44277645891
17100.72289,2017-11-15 22:30:00,17090.827954938184,17092.960629791574,17075.407545139034
16562.89157,2017-11-15 22:40:00,16835.148981377115,16840.8282783592,16781.04226894949
16030.84337,2017-11-15 22:50:00,16236.872947785625,16219.571051420036,16247.027918295002
15840.0,2017-11-15 23:00:00,15625.526914049882,15604.010006171924,15733.906134558427
15712.77108,2017-11-15 23:10:00,15476.667486024258,15472.300426509775,15578.977977388591
15307.95181,2017-11-15 23:20:00,15406.170562895244,15412.067570297248,15501.356113624019
15180.72289,2017-11-15 23:30:00,15001.248307001908,15007.465125406752,15048.714139699377
14816.38554,2017-11-15 23:40:00,14913.228768856927,14909.750083580933,14968.0863291858
14203.37349,2017-11-15 23:50:00,14518.452412082928,14489.046113470502,14578.701745415012
13758.07229,2017-11-16 00:00:00,13854.932619287825,13830.8276514403,13973.903382715509
13567.22892,2017-11-16 00:10:00,13412.493278926615,13401.880087937443,13619.217247174296
13266.50602,2017-11-16 00:20:00,13286.852956622668,13283.454153100782,13463.969574509601
12925.3012,2017-11-16 00:30:00,13032.212228597302,13050.044738491477,13139.983031695394
12705.54217,2017-11-16 00:40:00,12724.563017049368,12746.33950265911,12812.88339352754
12532.04819,2017-11-16 00:50:00,12532.617036206771,12538.949136315385,12594.892801304406
12375.90361,2017-11-16 01:00:00,12353.400168497346,12351.884410235882,12465.55381520847
12399.03614,2017-11-16 01:10:00,12230.06435571286,12235.76983517423,12276.888038564533
12190.84337,2017-11-16 01:20:00,12305.08715434348,12315.06185290988,12299.027317735314
11953.73494,2017-11-16 01:30:00,12081.13035706207,12073.264532940688,12078.374110506624
11797.59036,2017-11-16 01:40:00,11819.423861807853,11802.37411922327,11890.624405896458
11687.71084,2017-11-16 01:50:00,11668.07278694576,11652.086242020261,11794.16784434083
11849.63855,2017-11-16 02:00:00,11532.137289611961,11520.329446447948,11689.939675629981
11820.72289,2017-11-16 02:10:00,11764.941617666089,11778.711985874545,11813.094708558288
11728.19277,2017-11-16 02:20:00,11747.700953696323,11756.046097744944,11813.26014176091
11780.24096,2017-11-16 02:30:00,11633.945095283165,11627.283792377391,11719.433004037088
11653.01205,2017-11-16 02:40:00,11695.369925773644,11683.11913320101,11761.128583410371
11658.79518,2017-11-16 02:50:00,11527.874411898822,11501.708168496887,11638.951395079686
11554.6988,2017-11-16 03:00:00,11522.922032425147,11515.759513858695,11651.24377306832
11577.83133,2017-11-16 03:10:00,11411.175754207947,11402.272758219224,11582.612901565475
11583.61446,2017-11-16 03:20:00,11447.665475209898,11439.274334342768,11610.489426270642
11496.86747,2017-11-16 03:30:00,11472.11926484367,11474.185242733121,11601.380499209508
11381.20482,2017-11-16 03:40:00,11374.040258753077,11367.248290414054,11517.263493499104
11311.80723,2017-11-16 03:50:00,11241.506042166988,11235.182829840325,11367.331818125786
11126.74699,2017-11-16 04:00:00,11148.741490616178,11139.230766859022,11265.266498513054
11173.01205,2017-11-16 04:10:00,10950.660186445566,10943.336409040025,11104.224550583973
11068.91566,2017-11-16 04:20:00,11060.56459638779,11069.378688424247,11210.52885770338
11109.39759,2017-11-16 04:30:00,10958.806069100583,10965.306127689371,10991.183188184128
11132.53012,2017-11-16 04:40:00,11031.894616405947,11041.073545890258,11066.158578222221
11207.71084,2017-11-16 04:50:00,11080.090536216927,11090.936063055626,11117.142498000727
11277.10843,2017-11-16 05:00:00,11162.127521759123,11167.29680397088,11158.238066037222
11369.63855,2017-11-16 05:10:00,11247.96632347251,11258.570032528103,11245.16364766869
11647.22892,2017-11-16 05:20:00,11360.141089081171,11364.424226737645,11334.812457173066
11942.16867,2017-11-16 05:30:00,11657.175516767315,11668.301222548915,11644.696091510594
11693.49398,2017-11-16 05:40:00,11944.346397994936,11954.728335331469,11848.056853433114
11381.20482,2017-11-16 05:50:00,11590.63623433071,11577.707381086133,11664.649092257912
11155.66265,2017-11-16 06:00:00,11172.968770496009,11144.118999275772,11201.584612517465
10976.38554,2017-11-16 06:10:00,10875.314731237642,10840.87704186749,11006.628836661032
10687.22892,2017-11-16 06:20:00,10674.131218222738,10662.052871981563,10616.580696350713
10241.92771,2017-11-16 06:30:00,10352.202906323166,10368.218479590509,10190.435942509435
9617.349398,2017-11-16 06:40:00,9845.340314531448,9849.164028967596,9849.558784341898
8830.843373,2017-11-16 06:50:00,9128.201064510642,9112.190089571985,9281.594707124343
8541.686747,2017-11-16 07:00:00,8418.181659221991,8394.129080505196,8743.806765282028
8686.26506,2017-11-16 07:10:00,8229.530601246777,8237.048750515489,8417.87866428892
10403.85542,2017-11-16 07:20:00,8586.704710022133,8635.115567099792,8488.384924291599
10768.19277,2017-11-16 07:30:00,10778.541102727993,10905.410721361051,10164.500028782548
10640.96386,2017-11-16 07:40:00,11127.109338427159,11209.4515585733,10589.872644904137
10854.93976,2017-11-16 07:50:00,10814.330115052206,10794.899201211876,10666.576529558093
11201.92771,2017-11-16 08:00:00,10932.053629519334,10853.162735452275,10905.293526460438
11508.43373,2017-11-16 08:10:00,11204.220373998083,11094.436877875414,11340.294586884309
11843.85542,2017-11-16 08:20:00,11583.106766357272,11577.122526638697,11691.000705860184
12144.57831,2017-11-16 08:30:00,11948.272993691895,11965.195944022304,11941.00815842856
12393.25301,2017-11-16 08:40:00,12229.43355056411,12226.15327557084,12232.756400032333
12693.9759,2017-11-16 08:50:00,12448.343670659266,12442.870787862565,12512.82915381396
13208.6747,2017-11-16 09:00:00,12768.096926875083,12771.072032010714,12857.035242503021
13503.61446,2017-11-16 09:10:00,13322.828519733486,13337.291902862053,13341.378404971947
13648.19277,2017-11-16 09:20:00,13581.980185076633,13584.201048461946,13572.634970391318
14145.54217,2017-11-16 09:30:00,13673.290520065362,13664.872267307024,13820.536271847224
13769.63855,2017-11-16 09:40:00,14193.536489522226,14191.696210553568,14487.309633458193
14162.89157,2017-11-16 09:50:00,13676.557925990859,13642.699001323177,14082.390091717794
14428.91566,2017-11-16 10:00:00,14163.049954977876,14161.51041106096,14462.67452005982
14833.73494,2017-11-16 10:10:00,14440.832391307893,14450.148580256488,14640.061537240523
15088.19277,2017-11-16 10:20:00,14871.738017971169,14884.784478548921,15159.572338271553
15510.36145,2017-11-16 10:30:00,15162.63838148374,15201.328814652394,15411.421931303777
16134.93976,2017-11-16 10:40:00,15548.562421630624,15544.719095519033,15912.790049426656
15360.0,2017-11-16 10:50:00,16188.215625726883,16198.14703660824,16459.124435275084
15458.31325,2017-11-16 11:00:00,15054.504158750799,15006.80060762753,15527.123086174537
15689.63855,2017-11-16 11:10:00,15142.674782621212,15107.83452069381,15644.002791897925
16071.3253,2017-11-16 11:20:00,15404.193461396364,15383.881594777526,16122.447963281202
16383.61446,2017-11-16 11:30:00,15870.470899084356,15885.402271140563,16352.898179595826
16331.56627,2017-11-16 11:40:00,16272.491084234165,16346.012253232579,16546.54888120312
16325.78313,2017-11-16 11:50:00,16108.344688104286,16100.087511023517,16559.987543524807
16447.22892,2017-11-16 12:00:00,16077.166202229424,16048.988855779828,16559.73535662474
16672.77108,2017-11-16 12:10:00,16196.813143307047,16169.733456827002,16567.029578661364
16875.18072,2017-11-16 12:20:00,16457.89660295997,16453.19056172591,16682.24857028226
16823.13253,2017-11-16 12:30:00,16693.79567003396,16708.183476960785,16908.046882327868
17089.15663,2017-11-16 12:40:00,16589.47788954122,16580.63820755222,16804.748921482333
17979.75904,2017-11-16 12:50:00,16869.354104732578,16863.376262206188,17166.256438936394
18222.6506,2017-11-16 13:00:00,17895.065134747318,17912.67551353565,17900.58843083556
18066.50602,2017-11-16 13:10:00,18083.01329018589,18090.68654426742,18057.904209597757
18043.37349,2017-11-16 13:20:00,17797.95366686167,17775.716098236608,17985.44337672271
18101.20482,2017-11-16 13:30:00,17676.91070933304,17616.224227143386,17941.521939566308
18014.45783,2017-11-16 13:40:00,17693.072228494388,17627.35899938621,18018.70193255115
18014.45783,2017-11-16 13:50:00,17641.661174961395,17627.508849782098,17979.374367394903
17904.57831,2017-11-16 14:00:00,17690.3606322554,17692.89639256982,17969.864067677598
17696.38554,2017-11-16 14:10:00,17545.44299332097,17531.768264246093,17924.034280202537
18083.85542,2017-11-16 14:20:00,17298.708209037988,17277.51091925412,17534.754675630385
17898.79518,2017-11-16 14:30:00,17784.889000172574,17792.44074638562,17991.8867482774
17817.83133,2017-11-16 14:40:00,17559.88614763956,17551.011275525674,17849.248218212437
17823.61446,2017-11-16 14:50:00,17473.671776061587,17458.73093593883,17724.916445038532
17650.12048,2017-11-16 15:00:00,17506.76913051391,17481.337418618055,17692.78218152625
17563.37349,2017-11-16 15:10:00,17278.42520125076,17229.982958215875,17425.817246170205
17505.54217,2017-11-16 15:20:00,17219.004100378017,17204.09826640196,17334.93017415303
17459.27711,2017-11-16 15:30:00,17178.551824088292,17157.63185963126,17351.58568289803
17586.50602,2017-11-16 15:40:00,17143.377696596668,17123.65775426585,17367.14573590843
17395.66265,2017-11-16 15:50:00,17325.890902031737,17320.644660740036,17403.50288798836
17441.92771,2017-11-16 16:00:00,17107.074310328466,17079.71219503044,17402.10273758367
17650.12048,2017-11-16 16:10:00,17097.138845769645,17063.46658191511,17302.615830425064
17389.87952,2017-11-16 16:20:00,17345.610427184452,17315.123810204583,17475.282815222134
13341.68675,2017-11-16 16:30:00,17025.022821976272,16978.26179678193,17304.81592988818
13335.90361,2017-11-16 16:40:00,12205.569164704202,12030.675052222025,13723.474380273603
14087.71084,2017-11-16 16:50:00,12554.875429900228,12479.54647127723,13846.211038677922
15105.54217,2017-11-16 17:00:00,13991.571586714708,14054.65950416504,14573.02859264352
17199.03614,2017-11-16 17:10:00,15639.303090500573,15859.172694912051,16209.594072673533
18419.27711,2017-11-16 17:20:00,18417.010393413344,18769.49654972474,18247.862391011353
19651.08434,2017-11-16 17:30:00,19515.936265249788,19559.87018410724,19101.31429057317
20397.10843,2017-11-16 17:40:00,20593.071859936317,20559.408721160195,20185.773243735275
20131.08434,2017-11-16 17:50:00,21090.805876005066,20997.20341997493,20827.67878364871
20240.96386,2017-11-16 18:00:00,20417.924489250043,20240.083310585575,20483.70621039877
20298.79518,2017-11-16 18:10:00,20394.367015368938,20275.88328238057,20544.103498158882
20258.31325,2017-11-16 18:20:00,20368.97563786511,20284.301219004246,20512.78335521148
20495.42169,2017-11-16 18:30:00,20313.853028928606,20314.901003000326,20327.235751838518
20518.55422,2017-11-16 18:40:00,20636.50617134084,20699.611565142706,20464.879770608222
20345.06024,2017-11-16 18:50:00,20606.721281820006,20638.083938913573,20481.856153542012
20310.36145,2017-11-16 19:00:00,20361.699517196852,20375.835038330348,20300.85913754915
20293.01205,2017-11-16 19:10:00,20319.357284209218,20320.915912659148,20214.76849531401
20079.03614,2017-11-16 19:20:00,20290.42556787805,20279.020532245067,20198.314769941244
19980.72289,2017-11-16 19:30:00,20057.682336973256,20051.010913896145,19951.03971594608
19998.07229,2017-11-16 19:40:00,19965.19610909203,19962.030479421184,19888.15690465713
19830.36145,2017-11-16 19:50:00,20002.91278542004,19999.3189221332,19886.42837523444
19755.18072,2017-11-16 20:00:00,19824.437845741693,19818.528710281207,19722.438401841788
20003.85542,2017-11-16 20:10:00,19781.22017885523,19783.753376134697,19660.14743568799
20131.08434,2017-11-16 20:20:00,20103.702354035588,20110.37098046824,19838.60406631722
20212.04819,2017-11-16 20:30:00,20243.10582564121,20245.571620045994,19931.957019780628
20102.16867,2017-11-16 20:40:00,20318.04224336142,20320.527372371907,20056.75375840464
19865.06024,2017-11-16 20:50:00,20145.553831676378,20123.39073446119,19957.6427809854
19413.9759,2017-11-16 21:00:00,19819.018959259723,19772.998019563056,19711.73066996429
19385.06024,2017-11-16 21:10:00,19284.819189627313,19241.08099622119,19217.099361771358
19246.26506,2017-11-16 21:20:00,19275.506059898544,19256.716378698056,19192.04982784857
18881.92771,2017-11-16 21:30:00,19161.46195148246,19163.492692272404,18971.09591789284
18696.86747,2017-11-16 21:40:00,18778.965078021167,18780.67504199041,18594.39070628889
18205.3012,2017-11-16 21:50:00,18601.616107450005,18604.30359342706,18407.07049870646
18031.80723,2017-11-16 22:00:00,17885.887632487415,17860.927071290876,17837.91694918928
17696.38554,2017-11-16 22:10:00,17743.952561217215,17737.287848658583,17683.11009964763
17297.3494,2017-11-16 22:20:00,17408.5270539346,17407.52343732223,17325.564082868987
17152.77108,2017-11-16 22:30:00,16997.96034224553,16985.471694465254,16955.805044052755
16857.83133,2017-11-16 22:40:00,16896.52313000608,16899.062284380994,16820.614411214763
16753.73494,2017-11-16 22:50:00,16579.909083547624,16563.2038689551,16519.554491852305
16285.3012,2017-11-16 23:00:00,16485.012200502737,16483.179966072246,16444.776277848767
15944.09639,2017-11-16 23:10:00,15969.668317106196,15949.65244257765,15989.845075223238
15643.37349,2017-11-16 23:20:00,15600.180941930877,15564.810754685284,15646.89240012938
15602.89157,2017-11-16 23:30:00,15317.532471563665,15293.457996417696,15378.607628849144
15336.86747,2017-11-16 23:40:00,15329.887398615097,15314.124235219591,15298.870719481158
14827.95181,2017-11-16 23:50:00,15061.789124252951,15057.503652014551,15050.702685291822
14498.31325,2017-11-17 00:00:00,14470.120395670523,14447.310725351355,14522.906708783454
13954.6988,2017-11-17 00:10:00,14138.09327917172,14109.541577776217,14191.984702337359
13902.6506,2017-11-17 00:20:00,13552.586621774066,13514.520965018524,13781.673975298849
13798.55422,2017-11-17 00:30:00,13593.819149232966,13592.568831675095,13715.643019061037
13335.90361,2017-11-17 00:40:00,13561.636965437876,13575.4752367096,13639.61628421742
12977.3494,2017-11-17 00:50:00,13068.604596330357,13056.31517751249,13113.319875372455
12751.80723,2017-11-17 01:00:00,12679.866218795654,12665.55785328798,12843.4223681357
12717.10843,2017-11-17 01:10:00,12471.873805224212,12439.858368791978,12548.834666365217
12462.6506,2017-11-17 01:20:00,12501.245007626818,12494.04985767552,12525.91090996051
12323.85542,2017-11-17 01:30:00,12264.995930654757,12267.25161235675,12274.043488394842
12179.27711,2017-11-17 01:40:00,12148.188393144987,12136.644926672054,12221.698892674736
11953.73494,2017-11-17 01:50:00,12013.253817632602,11991.38123420973,11975.841299640433
11739.75904,2017-11-17 02:00:00,11755.758152209077,11729.555417047388,11826.980736861042
11554.6988,2017-11-17 02:10:00,11550.86603493922,11536.671258513072,11694.655650012895
11398.55422,2017-11-17 02:20:00,11373.790600485929,11353.750704172904,11540.666107792758
11381.20482,2017-11-17 02:30:00,11243.989018263841,11229.097272506428,11379.463526930262
11334.93976,2017-11-17 02:40:00,11273.902826158428,11270.889505427205,11355.226263911889
11271.3253,2017-11-17 02:50:00,11258.764291070336,11255.39846423842,11343.872374951889
11149.87952,2017-11-17 03:00:00,11175.537466894875,11168.57600353448,11305.20143449431
11120.96386,2017-11-17 03:10:00,11050.66271653799,11034.005773731444,11213.711439115397
11063.13253,2017-11-17 03:20:00,11032.370399650039,11012.21331357849,11093.741639946016
11126.74699,2017-11-17 03:30:00,10976.942259666395,10960.481273153231,10990.64594835353
11230.84337,2017-11-17 03:40:00,11065.931867441615,11055.802540448532,11077.733693875205
11300.24096,2017-11-17 03:50:00,11193.237429110042,11187.234424580964,11148.769801211976
11334.93976,2017-11-17 04:00:00,11234.43284794553,11224.27324285268,11167.653497180896
11612.53012,2017-11-17 04:10:00,11263.458797705669,11249.853712358423,11226.9793591459
11716.62651,2017-11-17 04:20:00,11568.324264469153,11556.471833003412,11571.56495156486
11757.10843,2017-11-17 04:30:00,11655.709347634693,11639.871279521107,11644.304617062815
11710.84337,2017-11-17 04:40:00,11671.114194217638,11651.865151856946,11663.913072635953
11705.06024,2017-11-17 04:50:00,11590.19393721108,11562.991897097101,11644.854428029661
11797.59036,2017-11-17 05:00:00,11550.341742307368,11519.301689656322,11592.918397190822
11959.51807,2017-11-17 05:10:00,11668.795459247049,11657.106341524834,11665.185603056063
12352.77108,2017-11-17 05:20:00,11877.346721828706,11879.139356936423,11856.263327888397
12393.25301,2017-11-17 05:30:00,12338.105778323938,12354.412896925587,12256.135499635186
12202.40964,2017-11-17 05:40:00,12316.18973412764,12312.887836142247,12264.697782283258
11913.25301,2017-11-17 05:50:00,12020.513476108299,11989.90356742586,12056.470655422896
12115.66265,2017-11-17 06:00:00,11628.916731998595,11583.363970652244,11701.979571395821
11895.90361,2017-11-17 06:10:00,11859.022729147458,11829.360773628221,11862.537409307937
11971.08434,2017-11-17 06:20:00,11602.856552425907,11594.015418250845,11556.450326547187
11386.98795,2017-11-17 06:30:00,11691.751760238802,11697.00695792478,11566.725061424477
10201.44578,2017-11-17 06:40:00,10962.952565941367,10935.819480614053,10862.800879170885
9409.156627,2017-11-17 06:50:00,9519.045642728572,9438.931591649703,9914.088318635895
10912.77108,2017-11-17 07:00:00,8832.461787190823,8782.407665182995,9328.674168768752
11045.78313,2017-11-17 07:10:00,10812.70718059242,10867.949916524689,10403.973567385687
10970.60241,2017-11-17 07:20:00,11151.702566829605,11248.471550906135,10557.335613432513
11011.08434,2017-11-17 07:30:00,11098.264114489953,11162.219808161572,10613.393734537112
11115.18072,2017-11-17 07:40:00,11048.811383187585,11016.407337925457,10956.427600488307
11213.49398,2017-11-17 07:50:00,11038.82103360109,10920.421552740014,11154.24979474655
11340.72289,2017-11-17 08:00:00,11235.685226355625,11212.607355377284,11361.739161000873
11600.96386,2017-11-17 08:10:00,11395.7933834869,11385.4870519436,11482.381263740395
12034.6988,2017-11-17 08:20:00,11690.119508160176,11677.587595203891,11745.477526239038
12480.0,2017-11-17 08:30:00,12175.442701982785,12174.221829534961,12165.3470900675
12867.46988,2017-11-17 08:40:00,12648.996334490155,12659.177445974843,12619.813247995218
13243.37349,2017-11-17 08:50:00,13029.09545113251,13036.391396224079,13005.084783369533
13665.54217,2017-11-17 09:00:00,13409.881906738898,13394.768963089082,13507.515882954576
14041.44578,2017-11-17 09:10:00,13813.02921394027,13790.683763379158,13843.720455118031
14347.95181,2017-11-17 09:20:00,14151.913424603938,14131.935427319771,14229.178225837717
14590.84337,2017-11-17 09:30:00,14437.243830771524,14420.791135310179,14498.525536219737
14926.26506,2017-11-17 09:40:00,14607.403594319929,14585.846683730462,14832.842720487415
14960.96386,2017-11-17 09:50:00,14941.151944480218,14924.625823790293,15225.084717403552
15169.15663,2017-11-17 10:00:00,14944.19702010545,14924.066147469783,15336.505524912865
15637.59036,2017-11-17 10:10:00,15152.568319814172,15140.93685565377,15581.620481218384
15944.09639,2017-11-17 10:20:00,15670.579264543976,15675.030701411375,15980.037209685592
16198.55422,2017-11-17 10:30:00,15991.256520262745,15997.261320475147,16410.53394201406
16470.36145,2017-11-17 10:40:00,16253.562915688435,16265.659453427135,16657.016034187935
16603.37349,2017-11-17 10:50:00,16432.863239214603,16419.536371796472,16867.417532812993
16753.73494,2017-11-17 11:00:00,16404.530171343304,16376.688607778906,16842.675458716632
16973.49398,2017-11-17 11:10:00,16536.46639251946,16517.50129518885,16979.43661597201
17482.40964,2017-11-17 11:20:00,16767.105211131522,16755.344152703892,17200.098228002535
17615.42169,2017-11-17 11:30:00,17338.37253655064,17343.869700369785,17713.342915785557
17864.09639,2017-11-17 11:40:00,17425.795665125912,17426.74036603497,17843.057926874233
17696.38554,2017-11-17 11:50:00,17641.885186270953,17635.336544565376,18018.536435123286
17858.31325,2017-11-17 12:00:00,17403.479698108138,17368.956379837015,17840.83122376604
17985.54217,2017-11-17 12:10:00,17564.382477333133,17529.600522635657,17989.28986404874
17956.62651,2017-11-17 12:20:00,17716.95939805029,17708.84478624443,18086.28703419774
17719.51807,2017-11-17 12:30:00,17657.98888006431,17646.027032465932,18033.507522048956
17626.98795,2017-11-17 12:40:00,17390.47656715349,17382.2453164392,17714.107096083826
17580.72289,2017-11-17 12:50:00,17322.025203517886,17302.08219794223,17680.817884908378
17893.01205,2017-11-17 13:00:00,17330.99069412,17323.22789671741,17594.241221389475
17968.19277,2017-11-17 13:10:00,17723.3743420322,17743.664586604158,17941.795864811065
18026.0241,2017-11-17 13:20:00,17816.43826798841,17835.91123567511,18003.305011369794
18002.89157,2017-11-17 13:30:00,17862.6264399241,17861.958943986752,18076.08538943651
17794.6988,2017-11-17 13:40:00,17799.985677566605,17780.515806725572,18059.76779386332
17748.43373,2017-11-17 13:50:00,17533.28888110208,17494.283747373524,17758.38755001657
17638.55422,2017-11-17 14:00:00,17520.526371154247,17497.689631737816,17713.790698815992
17557.59036,2017-11-17 14:10:00,17392.77135886758,17374.41462096174,17621.075549528457
17413.01205,2017-11-17 14:20:00,17344.472034474144,17338.52836938657,17504.46310393449
17592.28916,2017-11-17 14:30:00,17194.4397976559,17193.361451740304,17384.61353134385
17488.19277,2017-11-17 14:40:00,17429.888397476436,17431.613944146902,17597.333028222987
17603.85542,2017-11-17 14:50:00,17318.069282914432,17316.935304431317,17451.476669240838
17413.01205,2017-11-17 15:00:00,17479.90909458082,17473.171706546997,17571.587126690087
17534.45783,2017-11-17 15:10:00,17240.590432768186,17218.816050049827,17359.000306445618
17488.19277,2017-11-17 15:20:00,17379.05625263996,17351.99093354843,17458.135185366416
17418.79518,2017-11-17 15:30:00,17334.894184702312,17319.560435030042,17428.588738769395
17285.78313,2017-11-17 15:40:00,17257.330230283285,17234.527860595263,17373.501641282823
16025.06024,2017-11-17 15:50:00,17105.321143199308,17089.46728083869,17289.477236898238
13943.13253,2017-11-17 16:00:00,15623.70874977014,15551.331138112835,16282.990156321222
13781.20482,2017-11-17 16:10:00,13255.707845760095,13157.585778946952,14566.656513250882
13729.15663,2017-11-17 16:20:00,13313.61700161083,13298.846882754411,14294.473782214134
13729.15663,2017-11-17 16:30:00,13314.98101717005,13366.784907946214,13702.280791769479
14081.92771,2017-11-17 16:40:00,13599.712827919902,13732.698174520403,13703.459177746343
15013.01205,2017-11-17 16:50:00,14243.063338624925,14364.936315850802,14076.854937712385
16042.40964,2017-11-17 17:00:00,15516.096961973046,15531.594188959472,15857.567657654043
18205.3012,2017-11-17 17:10:00,16778.274616864022,16808.426701904744,17270.25886613113
19691.56627,2017-11-17 17:20:00,19232.801074162224,19299.567721359388,18852.119791437628
20460.72289,2017-11-17 17:30:00,20710.581313353086,20733.436993492858,20169.931217576912
20871.3253,2017-11-17 17:40:00,21236.084377491494,21175.6807900983,20987.184075227982
21183.61446,2017-11-17 17:50:00,21326.272182579767,21210.740873038954,21083.631710393067
21345.54217,2017-11-17 18:00:00,21375.037509355116,21224.00573073233,21217.833349753302
21576.86747,2017-11-17 18:10:00,21423.390170637085,21340.372259616943,21494.5537152571
21756.14458,2017-11-17 18:20:00,21621.41861038888,21599.186446619704,21731.84556614583
21761.92771,2017-11-17 18:30:00,21785.738758190197,21791.92278189154,21767.619131115287
21808.19277,2017-11-17 18:40:00,21741.245393770412,21749.216055882673,21739.126851356483
21750.36145,2017-11-17 18:50:00,21745.328127709006,21752.53800348994,21761.158440354717
21889.15663,2017-11-17 19:00:00,21635.36504114441,21628.57131663082,21635.078871657093
21883.37349,2017-11-17 19:10:00,21794.79614647657,21789.4023932778,21644.225615262974
21779.27711,2017-11-17 19:20:00,21770.2539981455,21762.092779001847,21590.233446698032
21611.56627,2017-11-17 19:30:00,21633.245207137956,21613.32436825092,21525.70046072417
21744.57831,2017-11-17 19:40:00,21434.06848335771,21409.276317696404,21524.753571024652
21669.39759,2017-11-17 19:50:00,21589.16778894971,21566.402668146704,21514.628651395542
21675.18072,2017-11-17 20:00:00,21499.13235260755,21483.32627066739,21528.37798476765
21866.0241,2017-11-17 20:10:00,21538.594659039896,21528.066399800176,21539.731090111272
21761.92771,2017-11-17 20:20:00,21778.689585849737,21771.02104203957,21637.013275247868
21767.71084,2017-11-17 20:30:00,21633.301567758084,21604.342367839166,21578.438486350162
21640.48193,2017-11-17 20:40:00,21635.383488963267,21613.928329971128,21569.679934081407
21472.77108,2017-11-17 20:50:00,21460.605124315487,21426.184921296604,21490.93499932509
21443.85542,2017-11-17 21:00:00,21217.638056879947,21174.268905812798,21234.802188574264
21305.06024,2017-11-17 21:10:00,21211.933610282482,21189.90063810277,21139.80673055245
21091.08434,2017-11-17 21:20:00,21050.390763752028,21023.449617603612,20998.374496627104
20605.3012,2017-11-17 21:30:00,20807.98025180774,20784.411479980008,20820.13883495472
20148.43373,2017-11-17 21:40:00,20251.516748669797,20213.616616982003,20329.831095539354
19865.06024,2017-11-17 21:50:00,19731.519632079766,19685.586387570307,19782.103481529117
19454.45783,2017-11-17 22:00:00,19318.983879088915,19295.891086750315,19394.38059411064
19090.12048,2017-11-17 22:10:00,18914.222729736095,18900.27359828328,18903.399210767457
18731.56627,2017-11-17 22:20:00,18573.886358622767,18571.749747862767,18620.322934917647
18471.3253,2017-11-17 22:30:00,18241.613099505066,18231.016485419445,18231.51883863645
17956.62651,2017-11-17 22:40:00,18005.308484337456,17988.331642172063,18033.093693724033
17609.63855,2017-11-17 22:50:00,17477.348782097448,17457.268087609373,17484.336108690804
17175.90361,2017-11-17 23:00:00,17108.698356157845,17084.07176883692,17147.316487978616
16904.09639,2017-11-17 23:10:00,16677.91236579089,16649.5400995601,16835.420662660996
16643.85542,2017-11-17 23:20:00,16442.320044838823,16418.69441673351,16527.921885867843
16320.0,2017-11-17 23:30:00,16244.972826658533,16236.591939257567,16253.86702898167
15920.96386,2017-11-17 23:40:00,15929.873789473513,15909.036550042762,16004.783555536897
15614.45783,2017-11-17 23:50:00,15507.43094656644,15479.441671572276,15631.230571685652
15140.24096,2017-11-18 00:00:00,15286.523141935335,15273.716160184184,15331.552120446962
14799.03614,2017-11-18 00:10:00,14781.681689730918,14765.71742337095,14911.405526484905
14573.49398,2017-11-18 00:20:00,14476.600606553295,14470.459785476682,14465.150814367178
14226.50602,2017-11-18 00:30:00,14306.849666860666,14309.587806789015,14200.264918090104
14053.01205,2017-11-18 00:40:00,13961.315199104762,13959.307577816868,13903.239641825787
13885.3012,2017-11-18 00:50:00,13834.596057618683,13840.807879167933,13762.638676071349
13769.63855,2017-11-18 01:00:00,13660.437576366141,13658.693677958461,13622.381937986982
13555.66265,2017-11-18 01:10:00,13586.925471844403,13582.534612382966,13566.034410499093
13393.73494,2017-11-18 01:20:00,13373.267301864393,13365.89246685424,13300.09325238097
13249.15663,2017-11-18 01:30:00,13213.697263360224,13194.846153568638,13158.633092120375
13139.27711,2017-11-18 01:40:00,13078.070944369509,13060.52762684715,13097.845533748789
13046.74699,2017-11-18 01:50:00,12978.802611875235,12962.808070904666,13018.942553764828
12844.33735,2017-11-18 02:00:00,12874.549967558649,12867.813010323727,12945.961606824265
12925.3012,2017-11-18 02:10:00,12658.741727289631,12644.313454447629,12773.760727555633
12936.86747,2017-11-18 02:20:00,12784.55840186954,12776.807478788249,12810.374476923089
12983.13253,2017-11-18 02:30:00,12821.913712830974,12815.314993682914,12826.112287630018
12850.12048,2017-11-18 02:40:00,12886.243716740948,12879.625933364947,12876.845439840505
12803.85542,2017-11-18 02:50:00,12728.868120445743,12713.369698054725,12777.05098538145
12659.27711,2017-11-18 03:00:00,12631.273783411772,12602.747927095948,12663.80311578444
12688.19277,2017-11-18 03:10:00,12469.034267191346,12445.243525273941,12511.255341223332
12624.57831,2017-11-18 03:20:00,12522.15116530396,12507.857900605642,12537.223623481006
12578.31325,2017-11-18 03:30:00,12472.293961651954,12467.22326053623,12477.30016324176
12601.44578,2017-11-18 03:40:00,12435.892773579453,12426.784654852348,12388.996367484251
12508.91566,2017-11-18 03:50:00,12482.816059375406,12477.699701831802,12451.652435059972
12520.48193,2017-11-18 04:00:00,12350.042747251511,12336.878428636099,12294.082951036698
12480.0,2017-11-18 04:10:00,12394.307955808696,12388.600002274336,12355.861516846537
12381.68675,2017-11-18 04:20:00,12356.442111832628,12347.733518548728,12370.673810974396
12346.98795,2017-11-18 04:30:00,12248.77427726456,12235.761936064286,12321.90112379587
12485.78313,2017-11-18 04:40:00,12222.714623295524,12216.409847853498,12299.20625634993
12595.66265,2017-11-18 04:50:00,12399.396455322947,12396.678700971255,12387.837084068618
12497.3494,2017-11-18 05:00:00,12523.547802138688,12530.884317906719,12371.888894555217
12589.87952,2017-11-18 05:10:00,12407.763488916706,12406.520614560304,12272.433981173315
12942.6506,2017-11-18 05:20:00,12532.380891087972,12528.257871054702,12388.234114960816
13046.74699,2017-11-18 05:30:00,12935.746363968265,12938.756293019153,12667.397815406935
12977.3494,2017-11-18 05:40:00,13010.48343384305,13013.79991725019,12724.745907606219
12717.10843,2017-11-18 05:50:00,12873.896457048435,12868.703457527632,12651.42516536655
12584.09639,2017-11-18 06:00:00,12525.774474091922,12494.325412845334,12434.834972838864
12774.93976,2017-11-18 06:10:00,12346.368536128932,12312.071237776374,12265.318536762545
12572.53012,2017-11-18 06:20:00,12611.776707176925,12620.142387576494,12467.69979254561
11982.6506,2017-11-18 06:30:00,12354.262877372383,12365.348940953336,12138.43964197131
11103.61446,2017-11-18 06:40:00,11602.710502932492,11589.769600671898,11467.10071942231
10201.44578,2017-11-18 06:50:00,10540.423887859077,10491.432564553976,10490.955758028596
9993.253012,2017-11-18 07:00:00,9774.790808762777,9727.853512150818,10006.172352943771
9675.180723,2017-11-18 07:10:00,9736.631658270642,9761.365014322051,9817.012649708944
9698.313253,2017-11-18 07:20:00,9587.987144847,9653.839604354378,9665.443401307604
9761.927711,2017-11-18 07:30:00,9797.275404440908,9882.647614445035,9739.009246865493
12185.06024,2017-11-18 07:40:00,9974.303236630898,10037.94293835452,9847.632745402945
12572.53012,2017-11-18 07:50:00,12851.64899334099,12966.416048718625,11966.596296914819
12769.15663,2017-11-18 08:00:00,13147.865204984475,13214.258799072253,12434.895824849747
13012.04819,2017-11-18 08:10:00,13161.764521120747,13143.174963553527,12780.305745750877
13220.24096,2017-11-18 08:20:00,13243.067213160452,13161.039309728407,13033.412444095446
13474.6988,2017-11-18 08:30:00,13278.60038813042,13130.565308429761,13431.319475158765
13769.63855,2017-11-18 08:40:00,13617.930946162216,13614.56186556435,13661.339155228801
14365.3012,2017-11-18 08:50:00,13934.882707346136,13953.554697573896,14037.840798985011
14914.6988,2017-11-18 09:00:00,14616.617058415584,14651.451044315083,14593.850021183747
15284.81928,2017-11-18 09:10:00,15190.396373656253,15233.412799653232,15419.065187404403
15787.95181,2017-11-18 09:20:00,15519.092420309835,15548.98041900941,15885.3795522639
15967.22892,2017-11-18 09:30:00,16002.941724170529,16025.035666791724,16242.850369202693
16429.87952,2017-11-18 09:40:00,16077.672447203102,16058.690725265486,16442.131207940307
16614.93976,2017-11-18 09:50:00,16530.900342930952,16525.643076398155,16853.894430035998
16880.96386,2017-11-18 10:00:00,16693.160056698584,16691.453651880372,16915.87931708391
17268.43373,2017-11-18 10:10:00,16951.79760746596,16951.378015402923,17198.780672739747
17384.09639,2017-11-18 10:20:00,17363.327895811864,17382.659206154,17736.302882254517
17586.50602,2017-11-18 10:30:00,17428.517032299413,17430.551121300523,17894.489371140106
17615.42169,2017-11-18 10:40:00,17637.969834950618,17653.191530009077,18027.347192343754
17736.86747,2017-11-18 10:50:00,17594.991537715672,17592.223839509654,17947.406593031727
17806.26506,2017-11-18 11:00:00,17604.47591638552,17603.120134558718,17860.729618498837
18124.33735,2017-11-18 11:10:00,17681.449935806842,17694.03769847615,17921.910534331073
17927.71084,2017-11-18 11:20:00,18062.755810361035,18084.30695730949,18286.86034267821
17950.84337,2017-11-18 11:30:00,17809.171518621908,17822.151577378296,18080.071874516754
18037.59036,2017-11-18 11:40:00,17826.145814240495,17831.586251977464,18104.5889649139
18309.39759,2017-11-18 11:50:00,17907.630835934357,17916.538469464787,18127.57392255325
18494.45783,2017-11-18 12:00:00,18255.95414386691,18271.36229036432,18432.753361701536
18448.19277,2017-11-18 12:10:00,18479.27504479064,18516.771327707742,18594.597418336976
18534.93976,2017-11-18 12:20:00,18377.22592591541,18385.285516324457,18528.26099015426
18714.21687,2017-11-18 12:30:00,18428.41402147393,18425.979655160525,18681.55586133314
18841.44578,2017-11-18 12:40:00,18606.099979329025,18603.327411932063,18868.791658816248
18933.9759,2017-11-18 12:50:00,18751.326859429588,18761.746148108843,18887.46818941901
18933.9759,2017-11-18 13:00:00,18892.706518726394,18908.82212406334,18952.884083866968
19038.07229,2017-11-18 13:10:00,18854.733965085103,18853.37567010488,18953.928687211046
19119.03614,2017-11-18 13:20:00,18953.30789560222,18952.929198924838,19022.67499412333
19113.25301,2017-11-18 13:30:00,19031.767903410066,19037.78767541617,19217.8455190125
19066.98795,2017-11-18 13:40:00,18993.438569341728,18998.290790796014,19173.383823728076
19055.42169,2017-11-18 13:50:00,18926.446079119523,18928.978069911787,19053.879855875
18939.75904,2017-11-18 14:00:00,18924.756005714124,18918.150149630303,18973.878714189246
19032.28916,2017-11-18 14:10:00,18780.300056933855,18775.04688410812,18907.63525070613
18783.61446,2017-11-18 14:20:00,18906.759544845838,18914.580108984363,18949.180825103234
18702.6506,2017-11-18 14:30:00,18622.593587862746,18622.266829575,18790.6473920027
18754.6988,2017-11-18 14:40:00,18539.436839205682,18538.929075931934,18749.5740764205
18748.91566,2017-11-18 14:50:00,18635.11202509891,18644.74259057406,18781.240695726872
18980.24096,2017-11-18 15:00:00,18651.836192883045,18653.53505380643,18798.072264995022
18870.36145,2017-11-18 15:10:00,18955.2926135897,18978.995465914868,18947.664324098478
18899.27711,2017-11-18 15:20:00,18801.390431613137,18798.369307638055,18845.811150017886
18777.83133,2017-11-18 15:30:00,18816.32562523138,18804.603774409916,18905.48621860472
18760.48193,2017-11-18 15:40:00,18658.585559503066,18641.904921080517,18803.244968035902
18754.6988,2017-11-18 15:50:00,18563.811756623265,18539.21328664243,18781.918162451893
18737.3494,2017-11-18 16:00:00,18488.690149243022,18472.396847377215,18672.88670603362
18737.3494,2017-11-18 16:10:00,18471.372484742813,18449.10787173384,18660.664153919133
18720.0,2017-11-18 16:20:00,18477.92602288752,18462.588079294106,18673.33408337741
18870.36145,2017-11-18 16:30:00,18372.89768467874,18341.271161894034,18637.857145405607
19153.73494,2017-11-18 16:40:00,18572.94770690928,18548.561195630013,18726.77573028213
16053.9759,2017-11-18 16:50:00,18963.88344211408,18954.12280997519,18977.697657452736
15822.6506,2017-11-18 17:00:00,15439.395152940215,15304.404331461867,16651.737898245025
16817.3494,2017-11-18 17:10:00,15521.481549176646,15464.324972620749,16930.723760530145
17615.42169,2017-11-18 17:20:00,17031.602556388265,17094.901568959005,17619.715560752273
17985.54217,2017-11-18 17:30:00,18212.722858649424,18375.474771207384,18655.44003145717
18176.38554,2017-11-18 17:40:00,18821.531063489863,19059.162749095627,19031.685971491617
18176.38554,2017-11-18 17:50:00,18833.402950607437,18821.505999026926,19224.42623941547
18361.44578,2017-11-18 18:00:00,18659.814702123265,18569.94000824919,19172.337186923047
18245.78313,2017-11-18 18:10:00,18826.149246627767,18772.75898522723,19096.866515915244
18118.55422,2017-11-18 18:20:00,18670.94159848745,18645.298428926926,18788.67991825124
18049.15663,2017-11-18 18:30:00,18519.391507805056,18505.20719799013,18642.006923443358
18211.08434,2017-11-18 18:40:00,18449.507346259168,18445.064149173773,18511.63526226889
17991.3253,2017-11-18 18:50:00,18644.043170507444,18669.324453731595,18672.265101415072
17783.13253,2017-11-18 19:00:00,18397.441214245217,18430.823261316586,18459.958986745663
17829.39759,2017-11-18 19:10:00,18164.50113554126,18182.622998600553,18231.20253492524
17852.53012,2017-11-18 19:20:00,18232.52377309951,18248.17223654673,18224.429734966765
17517.10843,2017-11-18 19:30:00,18264.988172499725,18281.320408459516,18096.34060117318
17332.04819,2017-11-18 19:40:00,17903.509271846116,17927.035908565227,17857.30615945298
17251.08434,2017-11-18 19:50:00,17706.17062990319,17719.823563956055,17647.543435384618
17332.04819,2017-11-18 20:00:00,17621.246424061148,17626.436302339458,17471.9292137997
17499.75904,2017-11-18 20:10:00,17778.002642437834,17806.55925285058,17649.455846414057
17488.19277,2017-11-18 20:20:00,18015.691480765716,18065.983571352775,17755.370596900568
17499.75904,2017-11-18 20:30:00,17999.30970513285,18027.73211164474,17743.920758304208
17592.28916,2017-11-18 20:40:00,17986.02689657715,17997.05730296747,17677.30729305478
17470.84337,2017-11-18 20:50:00,18058.74575380499,18062.153073271482,17583.116100720657
17551.80723,2017-11-18 21:00:00,17863.261494783248,17859.22810475855,17394.161789628197
17389.87952,2017-11-18 21:10:00,17958.33549006632,17968.092860324345,17398.730688141433
17343.61446,2017-11-18 21:20:00,17745.30509623211,17745.234531835777,17231.405860335868
17204.81928,2017-11-18 21:30:00,17664.024822105093,17665.065707245587,17187.36132927952
17251.08434,2017-11-18 21:40:00,17490.50031598657,17497.801295717243,17060.994324601656
17077.59036,2017-11-18 21:50:00,17536.566030538183,17542.468273549726,17086.686590348065
16892.53012,2017-11-18 22:00:00,17171.08056970592,17184.02170453557,16784.266696165327
16672.77108,2017-11-18 22:10:00,16943.69455672888,16943.464657912846,16640.7739566965
16418.31325,2017-11-18 22:20:00,16686.197466257232,16684.00506038077,16437.277433966447
16308.43373,2017-11-18 22:30:00,16401.97443224234,16393.455774897324,16203.743344554361
15984.57831,2017-11-18 22:40:00,16301.40744706721,16309.742702890666,16089.530212191776
15712.77108,2017-11-18 22:50:00,15950.380111548107,15953.713526898624,15701.532776748827
15180.72289,2017-11-18 23:00:00,15625.167347304468,15625.76080018523,15544.733705630084
14891.56627,2017-11-18 23:10:00,15036.91002116353,15027.213965296305,15029.656670012097
14579.27711,2017-11-18 23:20:00,14759.9560566628,14752.944384604447,14797.199715518344
14307.46988,2017-11-18 23:30:00,14476.189439394708,14485.678871297361,14533.958597689483
14099.27711,2017-11-18 23:40:00,14227.708904239455,14238.401022716283,14401.732866883089
13781.20482,2017-11-18 23:50:00,14056.914266675996,14075.728203228107,14149.511143892962
13544.09639,2017-11-19 00:00:00,13684.623585319589,13689.641957704196,13702.749356191489
13202.89157,2017-11-19 00:10:00,13452.21696830068,13455.920284618607,13484.434939356614
12907.95181,2017-11-19 00:20:00,13106.067000307892,13103.09688526198,13160.535991795297
12543.61446,2017-11-19 00:30:00,12813.032694174832,12808.034694625694,12906.174072596892
12462.6506,2017-11-19 00:40:00,12446.910509192596,12445.194316750596,12488.71077024175
12196.62651,2017-11-19 00:50:00,12422.906065296636,12428.591149968312,12385.202988817717
11890.12048,2017-11-19 01:00:00,12139.000949299992,12150.117010152419,12111.725836879914
11803.37349,2017-11-19 01:10:00,11833.29911284421,11836.465167562776,11888.555422856745
11786.0241,2017-11-19 01:20:00,11789.086316865247,11795.746094144335,11884.886054182938
11681.92771,2017-11-19 01:30:00,11808.274970096663,11809.312437880308,11841.068871762694
11537.3494,2017-11-19 01:40:00,11727.193827937612,11736.29713374521,11726.716234963886
11363.85542,2017-11-19 01:50:00,11581.154867019128,11580.866149907033,11653.48982537018
11236.62651,2017-11-19 02:00:00,11346.676242822383,11330.484720868106,11430.362520157581
11230.84337,2017-11-19 02:10:00,11226.53097227378,11213.40343639307,11340.828773104702
11057.3494,2017-11-19 02:20:00,11258.65411144373,11259.755820912691,11335.970346322145
10941.68675,2017-11-19 02:30:00,11087.309817913996,11088.984922762009,11078.501522747096
10866.50602,2017-11-19 02:40:00,10975.84337015763,10975.524117880406,10961.762243863754
10768.19277,2017-11-19 02:50:00,10911.469140320414,10908.923125867368,10888.982020802845
10739.27711,2017-11-19 03:00:00,10780.688473242826,10778.75083278934,10705.157369013616
10629.39759,2017-11-19 03:10:00,10783.060211903372,10792.200570501014,10706.00093521518
10612.04819,2017-11-19 03:20:00,10669.207164659056,10670.281727205904,10626.516563079085
10594.6988,2017-11-19 03:30:00,10669.309558807949,10670.463511862468,10588.51694321284
10837.59036,2017-11-19 03:40:00,10670.401112391202,10673.592419951172,10602.344297438203
10762.40964,2017-11-19 03:50:00,10965.795639839653,10977.248642135068,10811.48617251505
10635.18072,2017-11-19 04:00:00,10846.965931318678,10854.742154534724,10659.712362612829
10594.6988,2017-11-19 04:10:00,10686.585393505007,10679.287438974436,10631.986201679556
11092.04819,2017-11-19 04:20:00,10633.038958652463,10623.455098066523,10542.452380017608
11277.10843,2017-11-19 04:30:00,11217.697119979808,11227.497767578656,11028.615539332264
11196.14458,2017-11-19 04:40:00,11427.250602183616,11455.341386920556,11296.581780835057
11236.62651,2017-11-19 04:50:00,11293.81987424663,11302.241819929135,11233.697102114997
11306.0241,2017-11-19 05:00:00,11276.367200405864,11266.063316872833,11183.822201094426
11444.81928,2017-11-19 05:10:00,11317.508461886726,11292.17553873475,11280.862391264545
11676.14458,2017-11-19 05:20:00,11510.79703377814,11519.595748821299,11522.031358782113
11676.14458,2017-11-19 05:30:00,11780.11156883109,11806.762765749143,11714.521475992155
11502.6506,2017-11-19 05:40:00,11731.141931640897,11738.239691494571,11723.885892638185
11363.85542,2017-11-19 05:50:00,11473.033013860477,11463.369725926954,11557.94538478797
11242.40964,2017-11-19 06:00:00,11286.795186186313,11273.838684184102,11339.214167433383
11115.18072,2017-11-19 06:10:00,11157.406225939914,11151.927277626575,11284.462346618408
10837.59036,2017-11-19 06:20:00,11034.724772618189,11047.014955947438,11027.369796983248
10380.72289,2017-11-19 06:30:00,10702.17641248434,10713.186977041642,10740.95186436754
9600.0,2017-11-19 06:40:00,10130.368632179216,10123.91705186974,10075.866726985674
8466.506024,2017-11-19 06:50:00,9202.504517828333,9177.653678180377,9476.252396216078
8026.987952,2017-11-19 07:00:00,8121.726143713202,8089.869514770016,8694.39501035865
7720.481928,2017-11-19 07:10:00,7781.09887263237,7790.840538316565,8485.283210247073
7922.891566,2017-11-19 07:20:00,7626.889932192191,7676.700527546833,8326.499188266456
8021.204819,2017-11-19 07:30:00,8072.896794352457,8166.967938275244,8389.181507427147
7726.26506,2017-11-19 07:40:00,8444.288449373104,8543.104981371851,8899.035440947591
7818.795181,2017-11-19 07:50:00,8136.069079714498,8160.083544112036,8900.92597725963
7998.072289,2017-11-19 08:00:00,8286.012600792037,8294.236850476656,8951.26477565185
8339.277108,2017-11-19 08:10:00,8500.641829954147,8495.525959058743,9280.18096333196
8373.975904,2017-11-19 08:20:00,8921.082164171356,8944.81191607752,9441.289197294049
8454.939759,2017-11-19 08:30:00,8960.334346513455,8989.342724675462,9499.70657674654
8611.084337,2017-11-19 08:40:00,9019.742887805825,9023.674699126113,9569.031982132123
8784.578313,2017-11-19 08:50:00,9197.452997619881,9207.974591888566,9882.668101973322
9039.036145,2017-11-19 09:00:00,9418.501762191616,9438.421941422504,10053.234171808732
9154.698795,2017-11-19 09:10:00,9720.564617953967,9765.692561116775,10312.41822015064
9333.975904,2017-11-19 09:20:00,9837.08763989261,9873.578471210898,11003.848627406453
9611.566265,2017-11-19 09:30:00,10010.472329325661,10042.464035641482,11133.547205701514
10091.56627,2017-11-19 09:40:00,10317.605218225592,10357.109073515672,11187.171924667102
10265.06024,2017-11-19 09:50:00,10832.866262044125,10882.051875717236,11412.950302215679
10259.27711,2017-11-19 10:00:00,11005.145901311796,11051.150431872897,11533.222657485188
10415.42169,2017-11-19 10:10:00,10945.63359930821,10970.572525828804,11723.448269108529
10594.6988,2017-11-19 10:20:00,11077.621308845126,11097.375649192738,11824.023477543204
10704.57831,2017-11-19 10:30:00,11253.404874199558,11278.080485380497,12012.620366041352
10681.44578,2017-11-19 10:40:00,11367.431146231793,11414.014438519094,12059.065469658362
10785.54217,2017-11-19 10:50:00,11320.030098431915,11365.467679614907,12060.016581501344
10831.80723,2017-11-19 11:00:00,11317.552323406573,11357.180371981201,12049.871753717072
11207.71084,2017-11-19 11:10:00,11370.27970311966,11413.337915274966,12098.239217284898
11358.07229,2017-11-19 11:20:00,11799.75555136395,11862.39005638484,12246.386433113657
11514.21687,2017-11-19 11:30:00,11943.63802140456,12004.94711297359,12337.70794021719
11537.3494,2017-11-19 11:40:00,12083.759432054441,12129.736324308717,12444.776290417114
11681.92771,2017-11-19 11:50:00,12068.033450130066,12102.407299965289,12521.528233140825
11924.81928,2017-11-19 12:00:00,12231.695198499576,12255.807542730463,12606.262193957436
11907.46988,2017-11-19 12:10:00,12494.151098863425,12538.914600002041,12781.756085078729
11849.63855,2017-11-19 12:20:00,12436.61940084281,12474.85058268832,12790.589260897461
11832.28916,2017-11-19 12:30:00,12346.590882100933,12381.963612003345,12754.341082371091
12023.13253,2017-11-19 12:40:00,12307.718754187179,12336.229332694948,12748.01809436671
12104.09639,2017-11-19 12:50:00,12529.977530300548,12570.848816345635,12879.65528224808
11988.43373,2017-11-19 13:00:00,12662.856937635577,12718.023831733257,12883.501422013862
12127.22892,2017-11-19 13:10:00,12515.784972628098,12558.686993225167,12858.455210005575
12121.44578,2017-11-19 13:20:00,12672.655973993853,12713.495500085533,12897.296771434823
12144.57831,2017-11-19 13:30:00,12642.984027848339,12674.346750538676,12880.47348892619
11965.3012,2017-11-19 13:40:00,12660.766270587392,12701.828615346856,12885.24036512635
11774.45783,2017-11-19 13:50:00,12444.304371179674,12481.968858930926,12821.39956906253
11872.77108,2017-11-19 14:00:00,12234.397815260832,12252.844313204316,12675.24477273538
12000.0,2017-11-19 14:10:00,12382.631806539772,12423.440889436055,12752.526531109052
11930.60241,2017-11-19 14:20:00,12534.703396163448,12585.033626956498,12828.974854951133
11762.89157,2017-11-19 14:30:00,12464.040071020861,12517.029524698515,12775.376904425051
11739.75904,2017-11-19 14:40:00,12263.938334514201,12298.322639638362,12657.682410291805
11826.50602,2017-11-19 14:50:00,12233.867712362859,12254.9434451291,12612.989994354662
11976.86747,2017-11-19 15:00:00,12381.54728025127,12413.595275063817,12737.393927602878
11884.33735,2017-11-19 15:10:00,12572.499815795069,12622.34666419488,12828.650001228547
11901.68675,2017-11-19 15:20:00,12457.549360891808,12498.146772274125,12758.414986228994
11843.85542,2017-11-19 15:30:00,12456.590252891212,12483.252543873188,12742.694290425943
11369.63855,2017-11-19 15:40:00,12370.554461338987,12390.186945402158,12721.715060360199
11138.31325,2017-11-19 15:50:00,11774.884669930014,11781.042263178082,12399.532834659321
10906.98795,2017-11-19 16:00:00,11519.287927793992,11534.175969631666,12084.401750274363
10878.07229,2017-11-19 16:10:00,11292.676826412415,11311.180337910435,11903.871482927243
10826.0241,2017-11-19 16:20:00,11331.141940186386,11375.491913030117,11945.95499887133
10941.68675,2017-11-19 16:30:00,11352.56230792647,11417.238715373478,11892.431445439131
11086.26506,2017-11-19 16:40:00,11548.418966947607,11601.285906192174,11914.497598618142
11572.04819,2017-11-19 16:50:00,11585.500402650017,11620.474413950333,11858.560602921985
12699.75904,2017-11-19 17:00:00,12285.031984979203,12313.102841583932,12309.766401564486
14683.37349,2017-11-19 17:10:00,13651.949869950286,13717.434777144726,13456.218972135532
15608.6747,2017-11-19 17:20:00,15904.691287242289,16008.349074646267,16144.039741287786
16082.89157,2017-11-19 17:30:00,16734.919974008957,16794.08646763822,17008.406341734924
16181.20482,2017-11-19 17:40:00,16963.507952352084,16941.028007205245,17315.423978072788
16198.55422,2017-11-19 17:50:00,16753.497831484252,16650.34740339537,17413.616121699706
16424.09639,2017-11-19 18:00:00,16567.804615434925,16446.70245189363,17471.17703267993
16441.44578,2017-11-19 18:10:00,16793.528289112553,16767.93782373576,17396.1504470338
16666.98795,2017-11-19 18:20:00,16783.349262517553,16796.39326127234,17206.78068951912
16626.50602,2017-11-19 18:30:00,17034.12185312474,17076.473770042594,17234.133960406492
16638.07229,2017-11-19 18:40:00,16960.593844099178,16995.535099358214,17016.959884808486
16684.33735,2017-11-19 18:50:00,16928.81788671977,16950.08109861259,16972.00877273733
16950.36145,2017-11-19 19:00:00,16959.7966319021,16980.941145691268,16951.321403005677
17083.37349,2017-11-19 19:10:00,17256.642286100476,17270.57824559422,17201.140886632653
17019.75904,2017-11-19 19:20:00,17395.553392271046,17416.431066332854,17216.631118719626
17048.6747,2017-11-19 19:30:00,17261.020340215975,17260.529147874346,16998.98662368374
17112.28916,2017-11-19 19:40:00,17259.855482341623,17249.979115704362,17056.9726998411
17060.24096,2017-11-19 19:50:00,17304.48591005288,17289.18821409739,16993.45987689847
17141.20482,2017-11-19 20:00:00,17230.62462692479,17221.979463402455,16888.395354097705
17170.12048,2017-11-19 20:10:00,17345.845352838853,17350.26819960817,17112.487293305265
17077.59036,2017-11-19 20:20:00,17365.763935218103,17362.120664976028,17044.398249656373
17089.15663,2017-11-19 20:30:00,17248.290021791647,17240.164296502608,17001.802890018378
17100.72289,2017-11-19 20:40:00,17267.806371423525,17265.705912393132,16964.311213416528
17187.46988,2017-11-19 20:50:00,17267.140334972482,17260.260650095897,16927.8857095048
17031.3253,2017-11-19 21:00:00,17355.781976590497,17355.655645411407,17011.983771909476
16846.26506,2017-11-19 21:10:00,17158.08136477572,17151.275647796218,16832.748293387067
16811.56627,2017-11-19 21:20:00,16930.270415336367,16911.737314761052,16656.251098487945
16614.93976,2017-11-19 21:30:00,16888.6914145069,16874.158224732397,16622.364297351574
16383.61446,2017-11-19 21:40:00,16668.40466505009,16653.760360737506,16481.431173114674
16169.63855,2017-11-19 21:50:00,16422.515120379572,16418.743874740245,16240.676564358939
15944.09639,2017-11-19 22:00:00,16036.830824909017,16032.154613257348,15865.069049059315
15689.63855,2017-11-19 22:10:00,15795.890870039679,15785.845379151673,15662.650947044638
15354.21687,2017-11-19 22:20:00,15536.956761273897,15535.85662372796,15521.19401415277
14880.0,2017-11-19 22:30:00,15192.578476474408,15188.390075034635,15117.15784748385
14533.01205,2017-11-19 22:40:00,14671.89532768597,14658.619224469818,14840.93140853985
13966.26506,2017-11-19 22:50:00,14329.921927662326,14320.161902966534,14434.22236799669
13630.84337,2017-11-19 23:00:00,13685.710847140639,13673.969494363071,13830.545370605474
13382.16867,2017-11-19 23:10:00,13391.266447955206,13393.642463471988,13575.605323433712
13139.27711,2017-11-19 23:20:00,13199.581511925542,13212.254710136302,13374.589598753138
12740.24096,2017-11-19 23:30:00,12996.519474766845,13005.273818272552,13062.685190696446
12514.6988,2017-11-19 23:40:00,12603.83387039311,12609.326956851437,12723.639055626165
12318.07229,2017-11-19 23:50:00,12395.541336104106,12385.059147652595,12482.801523500482
12127.22892,2017-11-20 00:00:00,12214.454669818922,12216.15757904722,12248.417050758773
11797.59036,2017-11-20 00:10:00,12039.222272092145,12043.529247994698,12039.58761494684
11687.71084,2017-11-20 00:20:00,11700.074511972967,11701.71684113114,11777.425994716172
11537.3494,2017-11-20 00:30:00,11607.199769549974,11602.315587110226,11720.830663952638
11496.86747,2017-11-20 00:40:00,11479.974592307026,11476.906599079335,11595.12264535242
11288.6747,2017-11-20 00:50:00,11470.990571521608,11474.944318425769,11535.482522575714
11138.31325,2017-11-20 01:00:00,11214.56843687576,11215.566828454881,11323.338920538863
11016.86747,2017-11-20 01:10:00,11059.339237626713,11046.361525753997,11203.211068249222
11068.91566,2017-11-20 01:20:00,10950.159942574064,10940.581255341116,10964.895079830947
10872.28916,2017-11-20 01:30:00,11041.254351832165,11038.19290759059,10967.641013150826
10854.93976,2017-11-20 01:40:00,10829.610781916024,10828.1170097894,10831.230719528687
10513.73494,2017-11-20 01:50:00,10826.059804530645,10820.825597937226,10823.450091247845
10357.59036,2017-11-20 02:00:00,10393.006093213095,10374.829128948822,10375.588102941903
10288.19277,2017-11-20 02:10:00,10243.350382074306,10226.293656864149,10129.74748070329
10189.87952,2017-11-20 02:20:00,10207.06685435889,10209.441228914831,10141.268474175758
10074.21687,2017-11-20 02:30:00,10125.99482024623,10127.053102065667,10166.678791258286
10010.60241,2017-11-20 02:40:00,10033.407758207959,10045.451378918275,9996.456142958097
10033.73494,2017-11-20 02:50:00,9979.64937940723,9978.643656949556,9903.152868878135
9952.771084,2017-11-20 03:00:00,9997.430535754593,9998.760616571373,9938.571054650072
9923.855422,2017-11-20 03:10:00,9914.626762645403,9914.897149904456,9828.27654721983
9894.939759,2017-11-20 03:20:00,9894.604960250505,9892.68485381847,9827.406535790322
9854.457831,2017-11-20 03:30:00,9868.444755380842,9862.682455078993,9727.396138116997
10178.31325,2017-11-20 03:40:00,9841.609961296977,9833.035795339138,9772.845242759153
10132.04819,2017-11-20 03:50:00,10232.00798991496,10244.056153485662,10085.404369874623
10137.83133,2017-11-20 04:00:00,10127.440245039495,10129.58320891421,9985.455133702146
10166.74699,2017-11-20 04:10:00,10113.91733515466,10108.87700323719,9991.41030801055
10276.62651,2017-11-20 04:20:00,10153.322275748626,10143.324282640398,10125.24081335571
10213.01205,2017-11-20 04:30:00,10267.747338730074,10252.640509480007,10142.367034339253
10160.96386,2017-11-20 04:40:00,10195.333546316735,10196.020288209122,10125.442017189742
10201.44578,2017-11-20 04:50:00,10130.673872313102,10123.992133012447,10086.485044542584
10259.27711,2017-11-20 05:00:00,10163.89600284517,10161.737023954303,10030.547726671886
10346.0241,2017-11-20 05:10:00,10239.725121877582,10241.71567340181,10027.283484073558
10548.43373,2017-11-20 05:20:00,10365.658221570475,10381.004073479126,10063.937445976495
10542.6506,2017-11-20 05:30:00,10593.119104612873,10609.820726379876,10366.677749323313
10461.68675,2017-11-20 05:40:00,10543.661395555459,10544.024256065146,10372.788650328528
10299.75904,2017-11-20 05:50:00,10410.393798442808,10399.935123786243,10213.993244411638
10080.0,2017-11-20 06:00:00,10189.648073387441,10172.72219467272,10050.900308641576
9923.855422,2017-11-20 06:10:00,9930.278902223396,9911.59096395299,9956.146975019183
9819.759036,2017-11-20 06:20:00,9764.11613795285,9762.86535380457,9806.544807375274
9837.108434,2017-11-20 06:30:00,9650.166455999784,9657.675382765014,9614.868621453854
9403.373494,2017-11-20 06:40:00,9658.592097261368,9672.43288405093,9644.367328406572
8680.481928,2017-11-20 06:50:00,9094.911215051508,9085.911932741239,9254.467968254266
8501.204819,2017-11-20 07:00:00,8381.419368719624,8344.007811456502,8561.657467789164
8454.939759,2017-11-20 07:10:00,8234.82876339649,8210.059658003292,8416.586066664097
8426.024096,2017-11-20 07:20:00,8290.692611696886,8290.609288411099,8378.402674657149
8183.13253,2017-11-20 07:30:00,8372.285961697007,8407.778105196143,8357.412319809002
7593.253012,2017-11-20 07:40:00,8191.366776398567,8217.18389597335,8462.671990377066
7546.987952,2017-11-20 07:50:00,7526.785590737287,7497.2305627828955,8325.79435365732
7766.746988,2017-11-20 08:00:00,7561.34257199031,7545.583480082474,8427.806430188948
7841.927711,2017-11-20 08:10:00,7915.408729637966,7931.260592811881,8719.266717619792
8038.554217,2017-11-20 08:20:00,8062.759469898099,8097.089544365552,8805.435183871548
7951.807229,2017-11-20 08:30:00,8329.208605471458,8363.66020691365,8881.267835327364
7732.048193,2017-11-20 08:40:00,8192.368936396144,8177.061258558886,8835.868561092198
7911.325301,2017-11-20 08:50:00,7921.611242929823,7891.392701568107,8782.6349877883
8113.73494,2017-11-20 09:00:00,8188.693930310577,8184.047088029436,8862.720599604127
8327.710843,2017-11-20 09:10:00,8438.375068792027,8447.191553631561,9032.26142745166
8402.891566,2017-11-20 09:20:00,8709.221301225174,8739.533768241336,9216.993669158997
8547.46988,2017-11-20 09:30:00,8784.36799744424,8806.224246153435,9270.953601739893
8628.433735,2017-11-20 09:40:00,8932.50130548743,8935.838747798573,9339.54857326785
8825.060241,2017-11-20 09:50:00,8998.081853037718,9001.28450392335,9367.062219866631
8697.831325,2017-11-20 10:00:00,9227.137236147684,9236.512439594911,9549.142228274039
8975.421687,2017-11-20 10:10:00,9061.69777850797,9068.130272513248,9473.484270234963
9125.783133,2017-11-20 10:20:00,9380.561403369145,9394.98667404442,9680.665158117143
9351.325301,2017-11-20 10:30:00,9538.012505403523,9558.371351763875,9811.288872301544
9426.506024,2017-11-20 10:40:00,9765.919522693519,9789.438200204138,9982.785717322673
9466.987952,2017-11-20 10:50:00,9826.026576380524,9851.56853250151,10100.630135266209
9819.759036,2017-11-20 11:00:00,9718.466870173997,9720.388684861227,10182.982396617497
10056.86747,2017-11-20 11:10:00,10133.210113974748,10155.497259037533,10308.962905575903
10253.49398,2017-11-20 11:20:00,10366.233578869338,10389.891246280346,10447.540396026505
10317.10843,2017-11-20 11:30:00,10557.87949028356,10585.98961408676,10650.888473064679
10392.28916,2017-11-20 11:40:00,10573.459019748963,10587.711808213495,10731.457326256868
10617.83133,2017-11-20 11:50:00,10611.389485888682,10609.14249888753,10862.1704902098
10745.06024,2017-11-20 12:00:00,10895.225197407424,10910.10462442696,11193.397759889998
10854.93976,2017-11-20 12:10:00,11008.341612134147,11027.411910000184,11278.556760524838
10906.98795,2017-11-20 12:20:00,11105.257378610648,11127.962498140798,11241.267532901249
10970.60241,2017-11-20 12:30:00,11129.00081775422,11142.872173693071,11247.54350493619
11022.6506,2017-11-20 12:40:00,11179.100289517748,11187.507613227059,11311.531402235827
11103.61446,2017-11-20 12:50:00,11228.133373690871,11244.225988518767,11389.543949017265
10970.60241,2017-11-20 13:00:00,11330.606971454054,11345.225885376643,11437.269973292356
10866.50602,2017-11-20 13:10:00,11168.258483793152,11177.753137584887,11326.640450258634
11051.56627,2017-11-20 13:20:00,11040.65830424011,11046.533209758392,11271.87906722184
11126.74699,2017-11-20 13:30:00,11272.363075367302,11292.043720314654,11410.309808433685
11040.0,2017-11-20 13:40:00,11349.308026834718,11373.23385880433,11474.29568003887
10930.12048,2017-11-20 13:50:00,11236.183095198241,11259.20210724435,11405.127017565894
10924.33735,2017-11-20 14:00:00,11130.29181275821,11134.95775752207,11272.69344845785
10866.50602,2017-11-20 14:10:00,11126.271358267692,11122.698497728677,11268.645285800232
10964.81928,2017-11-20 14:20:00,11059.789401559978,11067.679984740374,11264.16564409964
10941.68675,2017-11-20 14:30:00,11193.522181908247,11216.296635241324,11295.921095843136
10889.63855,2017-11-20 14:40:00,11173.050762948766,11190.97360771858,11262.357576051852
11080.48193,2017-11-20 14:50:00,11114.29688929494,11122.684884559883,11236.807359384873
10947.46988,2017-11-20 15:00:00,11379.470554310408,11394.66005155744,11428.829914203206
10982.16867,2017-11-20 15:10:00,11197.245280210787,11198.324830535254,11257.755031163897
10930.12048,2017-11-20 15:20:00,11241.664943769953,11249.97677449202,11317.379849063722
10849.15663,2017-11-20 15:30:00,11168.231686892157,11170.747731101452,11270.244154070877
10831.80723,2017-11-20 15:40:00,11040.198602745073,11033.244908679759,11310.181379043046
10878.07229,2017-11-20 15:50:00,11030.725118243185,11041.481336013518,11304.374224488183
10837.59036,2017-11-20 16:00:00,11099.211777932222,11101.0995018609,11409.529029480795
10912.77108,2017-11-20 16:10:00,11060.40490628522,11066.074235667147,11369.829486414086
10843.37349,2017-11-20 16:20:00,11151.247169862138,11158.475652103347,11371.764575570633
10970.60241,2017-11-20 16:30:00,11070.311662390453,11069.95874976613,11345.441750409029
11421.68675,2017-11-20 16:40:00,11231.985637790258,11237.185874811117,11448.890947518597
11890.12048,2017-11-20 16:50:00,11713.786414025144,11732.027098454115,11594.674603369633
12977.3494,2017-11-20 17:00:00,12411.472553577329,12429.263951677942,12212.419198352147
14839.51807,2017-11-20 17:10:00,13741.076173872749,13794.718174119815,13351.861067922833
15903.61446,2017-11-20 17:20:00,15824.076417554115,15902.056120712503,16179.274222140657
16215.90361,2017-11-20 17:30:00,16806.717866924,16842.516123283127,17139.912168127023
16915.66265,2017-11-20 17:40:00,16848.1170936983,16813.083795135455,17454.102283128315
17360.96386,2017-11-20 17:50:00,17358.80068383026,17270.44098377279,18009.30483874703
17505.54217,2017-11-20 18:00:00,17641.904689194133,17537.37740509605,18507.093363890006
17644.33735,2017-11-20 18:10:00,17686.233284193466,17640.167196203645,18474.973434758802
17418.79518,2017-11-20 18:20:00,17774.245129140047,17761.6782819578,18344.604473714073
17418.79518,2017-11-20 18:30:00,17407.208456575376,17367.57360464613,17768.546208407053
17528.6747,2017-11-20 18:40:00,17400.77163321742,17389.560533301454,17457.774630662505
17522.89157,2017-11-20 18:50:00,17541.016588098173,17557.346512758904,17465.240331635217
17349.39759,2017-11-20 19:00:00,17539.35207273016,17555.202959357357,17337.283723818506
17337.83133,2017-11-20 19:10:00,17353.52636346573,17363.66687015724,17179.08358623805
17268.43373,2017-11-20 19:20:00,17336.7487815432,17326.089949414494,17112.270444800473
17268.43373,2017-11-20 19:30:00,17254.182747445026,17240.405249425323,17061.73065423244
17233.73494,2017-11-20 19:40:00,17275.936421995717,17271.450879566302,17053.566336917796
17141.20482,2017-11-20 19:50:00,17250.20996165484,17247.048745426127,17001.06504333244
17453.49398,2017-11-20 20:00:00,17136.50629597103,17118.721528503735,16888.986107996825
17655.90361,2017-11-20 20:10:00,17525.595907161995,17524.0276949131,17264.83491189058
17586.50602,2017-11-20 20:20:00,17741.22150734121,17739.940485373478,17452.763947621355
17441.92771,2017-11-20 20:30:00,17629.34053415784,17615.602137341426,17383.074940892362
17129.63855,2017-11-20 20:40:00,17432.858544773917,17401.63379471445,17255.240808410184
16834.6988,2017-11-20 20:50:00,17037.397034091155,16981.149626911876,16886.08106223555
16701.68675,2017-11-20 21:00:00,16688.41225148561,16649.23730391513,16588.59750357353
16539.75904,2017-11-20 21:10:00,16583.114582836617,16572.489503652483,16487.543712972776
16383.61446,2017-11-20 21:20:00,16454.205733200793,16455.698595082307,16355.864520290539
15822.6506,2017-11-20 21:30:00,16322.525688728698,16329.878935927254,16191.22186834119
15678.07229,2017-11-20 21:40:00,15694.109587635072,15677.618440667393,15622.723369581941
15626.0241,2017-11-20 21:50:00,15577.100742534905,15560.696549762299,15581.166720636114
15226.98795,2017-11-20 22:00:00,15417.5079224266,15415.656008481856,15461.07918124054
14590.84337,2017-11-20 22:10:00,14991.714895477966,14984.06177569831,15019.135689168914
14492.53012,2017-11-20 22:20:00,14295.575691082624,14281.697880381871,14465.219042579238
14359.51807,2017-11-20 22:30:00,14232.571594261453,14207.708141480809,14355.710125805093
14232.28916,2017-11-20 22:40:00,14136.776437396558,14127.25533513464,14284.628894391919
13798.55422,2017-11-20 22:50:00,14048.01799275394,14060.696428562469,14052.708249679625
13532.53012,2017-11-20 23:00:00,13540.366836672387,13532.872182370069,13646.560935482781
13283.85542,2017-11-20 23:10:00,13252.031449114047,13211.553779214166,13406.823316820515
13075.66265,2017-11-20 23:20:00,13006.792396780229,12974.483423575297,13121.338423994102
12572.53012,2017-11-20 23:30:00,12811.741336057381,12791.432180243391,12984.778160240354
12283.37349,2017-11-20 23:40:00,12282.61409228982,12263.99938339469,12460.726553687737
12000.0,2017-11-20 23:50:00,12005.910147242976,11977.443480975517,12235.708562899974
11866.98795,2017-11-21 00:00:00,11760.140336199922,11752.513083642647,11971.067405210722
11699.27711,2017-11-21 00:10:00,11671.064596024677,11676.24914017643,11742.208235451295
11415.90361,2017-11-21 00:20:00,11550.347679814942,11564.821709472566,11676.463186289482
11352.28916,2017-11-21 00:30:00,11256.099077105337,11247.310929666859,11419.73141051405
11074.6988,2017-11-21 00:40:00,11238.141113998445,11229.871074569252,11328.979575078885
11034.21687,2017-11-21 00:50:00,10934.94434082042,10914.963169136376,10941.678870573754
10849.15663,2017-11-21 01:00:00,10894.83141428038,10886.35019293911,10904.188903815386
10617.83133,2017-11-21 01:10:00,10714.723543462653,10705.812268085927,10762.056404284118
10565.78313,2017-11-21 01:20:00,10479.436933559082,10458.776137299337,10476.618312005417
10502.16867,2017-11-21 01:30:00,10460.223826821324,10454.085753524618,10426.475377750792
10380.72289,2017-11-21 01:40:00,10414.490784876749,10401.836608666305,10306.622487860102
10282.40964,2017-11-21 01:50:00,10288.626102096361,10282.077827842753,10151.775581724714
10051.08434,2017-11-21 02:00:00,10160.516183800673,10151.448836403011,10118.374947263621
9970.120482,2017-11-21 02:10:00,9902.081557707992,9878.139160468903,9941.291927443499
10027.95181,2017-11-21 02:20:00,9834.529380344005,9818.250204449138,9850.576348423177
9866.024096,2017-11-21 02:30:00,9934.600552364158,9929.218728907712,9892.979122384677
9837.108434,2017-11-21 02:40:00,9762.483823586084,9753.038337164937,9709.024795018178
9877.590361,2017-11-21 02:50:00,9758.210481903872,9751.786923215588,9681.103798733844
9825.542169,2017-11-21 03:00:00,9785.355401650875,9773.36856304395,9695.232055634677
9831.325301,2017-11-21 03:10:00,9724.712370742107,9708.925177388704,9664.399434732784
9773.493976,2017-11-21 03:20:00,9747.112906805083,9740.5483226686,9671.335982681703
9767.710843,2017-11-21 03:30:00,9676.266867822498,9657.55237992427,9646.185618691536
9767.710843,2017-11-21 03:40:00,9695.522972982082,9679.406085577299,9613.719161520707
9923.855422,2017-11-21 03:50:00,9700.685221311525,9690.238098106418,9635.172558000597
10068.43373,2017-11-21 04:00:00,9863.197856965398,9860.754925068308,9791.99364619157
9981.686747,2017-11-21 04:10:00,10025.915388820298,10028.140581273012,9958.15614607476
10010.60241,2017-11-21 04:20:00,9914.992524823962,9903.835448657312,9857.291479607251
9964.337349,2017-11-21 04:30:00,9933.030577005135,9918.375773864725,9899.030174147902
10056.86747,2017-11-21 04:40:00,9855.901280624857,9832.936185647093,9825.432413895986
9952.771084,2017-11-21 04:50:00,9971.067415782576,9960.570359142625,9949.408732945949
10045.3012,2017-11-21 05:00:00,9842.074752248496,9840.439166217322,9802.320211300637
10120.48193,2017-11-21 05:10:00,9959.377489439314,9957.103566929767,9929.100539766241
10710.36145,2017-11-21 05:20:00,10061.577747945086,10065.236490118285,9996.343754242447
10756.62651,2017-11-21 05:30:00,10739.24334304982,10760.423528929212,10455.017961684951
10588.91566,2017-11-21 05:40:00,10734.85625786601,10747.152830293042,10449.203720732803
10334.45783,2017-11-21 05:50:00,10459.410303640314,10435.688195704495,10413.873133757674
10531.08434,2017-11-21 06:00:00,10099.544119018308,10057.67112164565,10089.762755981039
10293.9759,2017-11-21 06:10:00,10309.208348806678,10273.436979630585,10298.310195122445
10132.04819,2017-11-21 06:20:00,10047.959927665659,10044.653562585474,10045.769126468478
9790.843373,2017-11-21 06:30:00,9882.75597622936,9887.701316090406,9935.588306349911
9091.084337,2017-11-21 06:40:00,9466.64566005459,9455.0241084037,9637.04551206799
8535.903614,2017-11-21 06:50:00,8600.961866428874,8556.157087925518,8962.761246649266
8281.445783,2017-11-21 07:00:00,8163.023076542666,8143.77052678234,8485.1326028648
8021.204819,2017-11-21 07:10:00,7979.6568941473615,7979.038221675644,8371.019778213382
7691.566265,2017-11-21 07:20:00,7812.873881358893,7835.239042154879,8287.57898425659
7396.626506,2017-11-21 07:30:00,7541.9067727402635,7572.473732759368,8076.046686299428
7419.759036,2017-11-21 07:40:00,7249.498766185297,7254.839524530242,8070.717566584933
7315.662651,2017-11-21 07:50:00,7354.718771202821,7354.261544242874,8051.446278640609
7419.759036,2017-11-21 08:00:00,7320.937136945635,7322.514364910996,8134.53491023167
7570.120482,2017-11-21 08:10:00,7510.544801438718,7520.956203201611,8121.317449639831
7807.228916,2017-11-21 08:20:00,7718.1220492450175,7721.28159051251,8120.476946514909
7865.060241,2017-11-21 08:30:00,7972.303766145991,7963.442279426834,8146.082619886266
7969.156627,2017-11-21 08:40:00,8000.587514011144,7989.913354915207,8197.080321907151
8119.518072,2017-11-21 08:50:00,8090.452410911355,8068.233809679914,8260.181406464699
8443.373494,2017-11-21 09:00:00,8264.225719860968,8244.088354927493,8353.535907881718
8692.048193,2017-11-21 09:10:00,8622.233095804602,8613.706113810325,8589.65654072261
8651.566265,2017-11-21 09:20:00,8880.199282036372,8883.435563794897,8718.53156682634
8726.746988,2017-11-21 09:30:00,8782.690833144772,8769.960700302403,8730.22571944147
8906.024096,2017-11-21 09:40:00,8837.536451717775,8818.0686135153,8842.641093187147
9015.903614,2017-11-21 09:50:00,9022.810233939106,9005.880323360128,9117.994686897995
9096.86747,2017-11-21 10:00:00,9146.521263211625,9141.258386415078,9193.586211955862
9177.831325,2017-11-21 10:10:00,9242.913194232391,9249.43232143658,9354.544112847461
9409.156627,2017-11-21 10:20:00,9314.414214086533,9309.554345280492,9484.965298882069
9536.385542,2017-11-21 10:30:00,9569.126932839616,9567.863790674348,9712.01221137279
10010.60241,2017-11-21 10:40:00,9688.887271768534,9690.913755419919,9840.516222286362
10120.48193,2017-11-21 10:50:00,10213.484991362602,10227.86926927599,10180.46088410119
10155.18072,2017-11-21 11:00:00,10193.978628957731,10197.080069769116,10305.00114965779
10247.71084,2017-11-21 11:10:00,10185.402566375516,10171.04567230486,10384.21688648679
10282.40964,2017-11-21 11:20:00,10259.485748988796,10244.980656287522,10396.854438453485
10236.14458,2017-11-21 11:30:00,10258.567254841528,10234.91303418138,10389.285706884055
10265.06024,2017-11-21 11:40:00,10205.619622516471,10202.469355380059,10311.802317770478
10311.3253,2017-11-21 11:50:00,10250.202760689535,10252.677677205967,10334.011980871072
10467.46988,2017-11-21 12:00:00,10342.429305548794,10344.905222621059,10332.882545087332
10577.3494,2017-11-21 12:10:00,10529.185039831289,10542.108540178322,10625.068858028155
10635.18072,2017-11-21 12:20:00,10645.914999442102,10658.941823704172,11077.28287487645
10513.73494,2017-11-21 12:30:00,10688.573780502073,10691.71596811794,11136.814879790905
10571.56627,2017-11-21 12:40:00,10524.492948238221,10512.71818057893,10816.199074709317
10623.61446,2017-11-21 12:50:00,10585.959980340038,10573.584082789872,11112.782667604868
10716.14458,2017-11-21 13:00:00,10667.940741450368,10660.978744554912,11165.523617256746
10779.75904,2017-11-21 13:10:00,10773.998541390138,10775.892719837724,11178.83392314594
10941.68675,2017-11-21 13:20:00,10853.45546939924,10860.274573750396,11166.484552111842
10895.42169,2017-11-21 13:30:00,11024.164277760774,11023.738678595253,11142.441453995565
10918.55422,2017-11-21 13:40:00,10934.01640629831,10924.971960048397,11133.702432094347
10606.26506,2017-11-21 13:50:00,10932.38861537278,10919.02386990008,11162.011280437444
10629.39759,2017-11-21 14:00:00,10580.416290301973,10551.865478484859,11061.50285781474
10768.19277,2017-11-21 14:10:00,10622.245438993476,10602.299794698503,11134.491838718464
11022.6506,2017-11-21 14:20:00,10819.165694779325,10823.10161844789,11140.0599341425
11045.78313,2017-11-21 14:30:00,11124.209238002682,11139.368470672725,11250.152750514479
11074.6988,2017-11-21 14:40:00,11140.208201231148,11154.714428930063,11290.732886285365
10785.54217,2017-11-21 14:50:00,11143.827103504267,11128.543083959454,11266.843026027243
10727.71084,2017-11-21 15:00:00,10789.7997159337,10749.12577811531,11179.674514363747
10693.01205,2017-11-21 15:10:00,10724.405881815397,10689.450115205047,11193.315067094307
10756.62651,2017-11-21 15:20:00,10709.876770795165,10696.839992674608,11154.22101537401
10733.49398,2017-11-21 15:30:00,10808.858592765198,10808.92359711558,11174.705078548592
10773.9759,2017-11-21 15:40:00,10797.658040642404,10805.452422878738,11217.90458242847
10693.01205,2017-11-21 15:50:00,10843.698776726187,10836.19306623167,11249.966270336967
10716.14458,2017-11-21 16:00:00,10752.82128633365,10732.55504449573,11265.198268704788
10802.89157,2017-11-21 16:10:00,10785.804161031527,10763.831231573135,11239.38066175717
10872.28916,2017-11-21 16:20:00,10885.940324125007,10869.972345166583,11245.173096734954
10947.46988,2017-11-21 16:30:00,10969.297185662745,10954.37548378536,11258.31198432269
11173.01205,2017-11-21 16:40:00,11078.477146867277,11069.191891735165,11238.235839742596
11884.33735,2017-11-21 16:50:00,11357.3314537535,11351.085942146325,11393.745844141316
13139.27711,2017-11-21 17:00:00,12379.166623706093,12392.86154011993,12129.507550619566
15221.20482,2017-11-21 17:10:00,13912.085482854582,13969.071914235545,13554.910818680224
16458.79518,2017-11-21 17:20:00,16255.632570206464,16352.361697074866,16376.039474235404
16794.21687,2017-11-21 17:30:00,17399.661175207457,17446.074605456844,17378.07174604026
17233.73494,2017-11-21 17:40:00,17427.307246227545,17369.125063808257,17941.56700947146
17343.61446,2017-11-21 17:50:00,17618.97460936087,17500.314160452337,18254.740174607155
17285.78313,2017-11-21 18:00:00,17499.22541718329,17356.296607368666,18423.368490324534
17175.90361,2017-11-21 18:10:00,17356.54724339675,17288.157063105977,18300.411860291704
16990.84337,2017-11-21 18:20:00,17203.662381542614,17186.781774931507,17654.202752641104
17013.9759,2017-11-21 18:30:00,16967.456633546324,16954.086469428188,17116.488270729933
16805.78313,2017-11-21 18:40:00,17033.53884354407,17054.78649388828,16863.290817547808
16846.26506,2017-11-21 18:50:00,16813.434417545588,16838.0928151086,16750.210867670954
16684.33735,2017-11-21 19:00:00,16887.314097245595,16910.50301682976,16607.075675923013
16522.40964,2017-11-21 19:10:00,16720.277388167528,16724.655332113172,16612.58262622305
16302.6506,2017-11-21 19:20:00,16541.400050815464,16526.736401044254,16424.72203558316
16256.38554,2017-11-21 19:30:00,16317.66545349672,16307.028314527426,16271.94984221217
16267.95181,2017-11-21 19:40:00,16295.615494615398,16279.311292701163,16235.962698752584
16244.81928,2017-11-21 19:50:00,16350.169913273952,16350.472480903896,16247.161169609195
16239.03614,2017-11-21 20:00:00,16356.391458394635,16354.793799562081,16214.12349636273
16400.96386,2017-11-21 20:10:00,16380.811821548079,16376.773337535245,16202.561751778556
16638.07229,2017-11-21 20:20:00,16567.606467448357,16557.345017369982,16365.881445587103
16788.43373,2017-11-21 20:30:00,16825.217613289184,16817.452984314663,16550.021202963308
16678.55422,2017-11-21 20:40:00,16955.789116741227,16945.677648046287,16729.71748879295
16383.61446,2017-11-21 20:50:00,16768.434293255203,16737.602836870326,16580.430656465327
16198.55422,2017-11-21 21:00:00,16352.157558677163,16296.711458713004,16247.433068662915
16077.10843,2017-11-21 21:10:00,16125.00787989481,16073.84709852426,16093.897380345707
15712.77108,2017-11-21 21:20:00,16009.485279420225,15981.81571119063,15922.61537297079
15626.0241,2017-11-21 21:30:00,15597.884743124583,15582.092896242377,15583.934593169453
15493.01205,2017-11-21 21:40:00,15553.79564798009,15550.668661342494,15510.006326517972
15180.72289,2017-11-21 21:50:00,15441.071551491581,15431.769437089044,15322.430814706046
15082.40964,2017-11-21 22:00:00,14935.896883246263,14921.45387367523,14969.332077265051
14770.12048,2017-11-21 22:10:00,14846.33793079211,14838.280708713126,14805.655783459779
14561.92771,2017-11-21 22:20:00,14502.867916189754,14472.033966450228,14537.392144259113
14330.60241,2017-11-21 22:30:00,14301.196616859615,14276.46503946818,14383.645346750798
14053.01205,2017-11-21 22:40:00,14080.609200620862,14061.14531674483,14135.86664263231
13827.46988,2017-11-21 22:50:00,13773.298112188948,13743.064169272606,13859.949847473132
13370.60241,2017-11-21 23:00:00,13527.307378564652,13507.586699261348,13652.622484515885
13116.14458,2017-11-21 23:10:00,13030.16413236868,12995.586277879649,13073.032777717488
12925.3012,2017-11-21 23:20:00,12797.415214566021,12770.870098435887,12947.368030398686
12711.3253,2017-11-21 23:30:00,12623.720911500197,12603.070966786257,12799.227695123198
12514.6988,2017-11-21 23:40:00,12430.95587538196,12411.3863589052,12499.282425383473
12254.45783,2017-11-21 23:50:00,12260.895717442854,12247.412601412158,12236.964946431368
11745.54217,2017-11-22 00:00:00,12021.577795668483,12005.448092266059,12154.27240756552
11583.61446,2017-11-22 00:10:00,11459.057271338996,11429.763755176773,11599.150093757944
11456.38554,2017-11-22 00:20:00,11334.75408551792,11317.036637666606,11491.244771372574
11317.59036,2017-11-22 00:30:00,11259.587450552484,11252.31906741875,11352.299061510183
11161.44578,2017-11-22 00:40:00,11158.003878421972,11159.61557993099,11225.518921579602
10999.51807,2017-11-22 00:50:00,11034.85144732811,11037.346350882966,11119.227017374393
10935.90361,2017-11-22 01:00:00,10829.513532057375,10809.604633892657,10847.321083800516
10820.24096,2017-11-22 01:10:00,10780.910935062479,10763.108477688564,10700.839203889174
10721.92771,2017-11-22 01:20:00,10679.477934075647,10663.366948345829,10636.702446854191
10554.21687,2017-11-22 01:30:00,10591.036161081065,10575.397789479774,10513.66606718162
10484.81928,2017-11-22 01:40:00,10415.076777587847,10395.704770008651,10477.491156088881
10484.81928,2017-11-22 01:50:00,10350.489571032238,10330.050817333386,10274.704098109109
10276.62651,2017-11-22 02:00:00,10334.968137275948,10326.717618106926,10283.313358557762
10143.61446,2017-11-22 02:10:00,10104.883499780672,10091.07180280907,10114.34589006513
10091.56627,2017-11-22 02:20:00,9981.188465975607,9970.677138631654,10050.528258323671
10097.3494,2017-11-22 02:30:00,9939.148434332823,9927.22997010226,9978.40649233977
10236.14458,2017-11-22 02:40:00,9973.412234125653,9965.847908041522,9954.666495177951
10189.87952,2017-11-22 02:50:00,10171.747295145917,10180.220313334697,10072.485196657972
10588.91566,2017-11-22 03:00:00,10083.359634408356,10079.706274702978,10064.692287781178
10675.66265,2017-11-22 03:10:00,10545.024931893382,10548.522643696533,10482.73177825374
10710.36145,2017-11-22 03:20:00,10601.876200642484,10593.624591754695,10559.69759295422
10554.21687,2017-11-22 03:30:00,10596.246653795211,10576.504755234208,10540.590044040022
10450.12048,2017-11-22 03:40:00,10386.631740103596,10359.022074510707,10440.337448114697
10542.6506,2017-11-22 03:50:00,10242.394617529379,10199.208736790226,10252.085467104727
10664.09639,2017-11-22 04:00:00,10361.992602706825,10355.956612657768,10379.667839371064
10565.78313,2017-11-22 04:10:00,10514.519828993427,10522.735756337046,10488.80428587595
10398.07229,2017-11-22 04:20:00,10407.020951022088,10415.24587202493,10403.528034301002
10334.45783,2017-11-22 04:30:00,10199.358832615948,10189.96357793335,10118.375375023365
10328.6747,2017-11-22 04:40:00,10128.160253054888,10110.334242456258,10081.622062772447
10398.07229,2017-11-22 04:50:00,10134.720222167656,10128.00389099363,10127.194680008375
10392.28916,2017-11-22 05:00:00,10237.75876220418,10250.227270866155,9999.833033222632
10421.20482,2017-11-22 05:10:00,10249.163338525948,10258.67044602989,10008.413822445933
10687.22892,2017-11-22 05:20:00,10317.358709430951,10319.46540984371,10022.99027284481
10901.20482,2017-11-22 05:30:00,10623.319543388612,10630.914815204123,10353.836259834323
10866.50602,2017-11-22 05:40:00,10834.95542143255,10841.592349785324,10567.081514327596
10583.13253,2017-11-22 05:50:00,10738.87345904656,10733.986857317188,10508.315475211779
10195.66265,2017-11-22 06:00:00,10366.409943126637,10339.731847319888,10293.464370981592
10004.81928,2017-11-22 06:10:00,9877.383958602717,9833.117443435218,9971.212169949744
9767.710843,2017-11-22 06:20:00,9681.776456230324,9661.175090944986,9787.266594149025
9310.843373,2017-11-22 06:30:00,9454.054234057967,9461.081943541316,9618.143091294214
8692.048193,2017-11-22 06:40:00,8946.505057922235,8958.134862046341,9061.821530676021
8009.638554,2017-11-22 06:50:00,8254.829276437613,8252.62892601922,8524.783530116509
7593.253012,2017-11-22 07:00:00,7660.305079661692,7641.851633604929,8245.22435012657
7442.891566,2017-11-22 07:10:00,7296.75986480465,7300.229071567483,8132.667526490162
7431.325301,2017-11-22 07:20:00,7262.866378660647,7297.095808236236,8048.924705049126
7471.807229,2017-11-22 07:30:00,7366.625968258846,7413.830379727469,8037.2121360653655
7298.313253,2017-11-22 07:40:00,7493.528752734483,7530.938105918765,8024.655861711653
7356.144578,2017-11-22 07:50:00,7313.57261793975,7312.982132432064,8049.180923062472
7390.843373,2017-11-22 08:00:00,7420.979905015967,7406.360522037801,8094.33736446721
7518.072289,2017-11-22 08:10:00,7475.843098771766,7456.465581790877,8069.642145329783
7581.686747,2017-11-22 08:20:00,7645.7908243685415,7634.889893428537,8085.757048744137
8119.518072,2017-11-22 08:30:00,7718.15482347788,7714.458167195189,8118.789949586611
8235.180723,2017-11-22 08:40:00,8322.752698740878,8327.218341191445,8268.9290949573
8165.783133,2017-11-22 08:50:00,8410.494798491387,8410.322296305862,8369.164586216837
8304.578313,2017-11-22 09:00:00,8304.251196224906,8287.567232172998,8406.765949709627
8547.46988,2017-11-22 09:10:00,8440.466509546066,8423.57172657563,8520.594266437907
8697.831325,2017-11-22 09:20:00,8673.740742279964,8651.939928408578,8673.837260741162
8709.39759,2017-11-22 09:30:00,8842.65362939048,8850.741672032478,8752.062958248685
8807.710843,2017-11-22 09:40:00,8833.967018973168,8840.184652069442,8797.004094488222
8605.301205,2017-11-22 09:50:00,8919.720383061236,8912.231986888593,9003.966941179473
8773.012048,2017-11-22 10:00:00,8674.45185676918,8654.072897511487,8800.541946559235
8871.325301,2017-11-22 10:10:00,8884.747525711575,8884.458572828158,9044.05900177479
9056.385542,2017-11-22 10:20:00,9014.947353238966,9027.516597503267,9126.392218281324
9253.012048,2017-11-22 10:30:00,9232.943080107547,9247.399208098825,9242.126427993264
9628.915663,2017-11-22 10:40:00,9466.002698766331,9489.333650319739,9634.71138150694
10027.95181,2017-11-22 10:50:00,9862.4178787708,9872.84751693449,9928.281645695615
10033.73494,2017-11-22 11:00:00,10179.009761709323,10196.303521319402,10136.614704890124
10120.48193,2017-11-22 11:10:00,10108.087490580187,10101.995867256668,10133.28310794636
10213.01205,2017-11-22 11:20:00,10148.929221884879,10132.109504430297,10242.367367554907
10195.66265,2017-11-22 11:30:00,10200.18950055991,10176.03296640314,10395.776799944542
10236.14458,2017-11-22 11:40:00,10153.543523592694,10136.778703944383,10386.036275856059
10236.14458,2017-11-22 11:50:00,10208.549348799921,10216.038999322405,10390.128807511592
10317.10843,2017-11-22 12:00:00,10235.090692037058,10235.387549486324,10409.02957484633
10432.77108,2017-11-22 12:10:00,10334.190515459031,10340.681095189317,10507.71315155072
10600.48193,2017-11-22 12:20:00,10475.735993789232,10490.228041115486,10612.314459866346
10426.98795,2017-11-22 12:30:00,10648.36429333029,10661.198254929333,11245.4083954163
10571.56627,2017-11-22 12:40:00,10420.443487463857,10417.93407736194,10682.100986786794
10693.01205,2017-11-22 12:50:00,10579.111659009002,10574.876582282022,11244.11397204234
10785.54217,2017-11-22 13:00:00,10739.204999809794,10735.812369132436,11268.549576018624
10837.59036,2017-11-22 13:10:00,10833.554413870685,10834.143882884362,11247.877675151787
10750.84337,2017-11-22 13:20:00,10894.719383072814,10903.704064990434,11206.968972949226
10669.87952,2017-11-22 13:30:00,10751.814193541133,10735.208634622217,11264.87196626091
10710.36145,2017-11-22 13:40:00,10647.235791350582,10631.428801193688,11261.175620757462
10750.84337,2017-11-22 13:50:00,10682.841415669858,10675.401902665553,11271.054077898292
10721.92771,2017-11-22 14:00:00,10769.338618629086,10767.895375657856,11251.15372310317
10623.61446,2017-11-22 14:10:00,10747.615452354781,10750.117215174632,11279.252197791786
10727.71084,2017-11-22 14:20:00,10651.519788006914,10646.189292247234,11211.037952189508
10710.36145,2017-11-22 14:30:00,10784.803205326458,10781.415194537456,11201.991071398012
10600.48193,2017-11-22 14:40:00,10764.605477687997,10761.869026924858,11216.993707442774
10594.6988,2017-11-22 14:50:00,10625.873734940387,10620.732647728924,11235.096484801243
10525.3012,2017-11-22 15:00:00,10645.965687124104,10636.933079708131,11255.245589138483
10583.13253,2017-11-22 15:10:00,10560.874865452326,10542.788710136881,11105.19207785756
10652.53012,2017-11-22 15:20:00,10649.663834649586,10646.406492267855,11259.155252357305
10473.25301,2017-11-22 15:30:00,10741.205975941357,10743.156450436143,11264.991624246384
10403.85542,2017-11-22 15:40:00,10523.383477502419,10509.905590740269,10834.76968039391
10675.66265,2017-11-22 15:50:00,10445.579524287357,10431.632215267,10635.587143975154
10843.37349,2017-11-22 16:00:00,10796.439119556502,10788.57255095365,11274.255409035884
10872.28916,2017-11-22 16:10:00,10994.453600672805,10995.988769778345,11243.761865717159
10860.72289,2017-11-22 16:20:00,11016.819060109074,11018.85948702108,11241.735479823092
11092.04819,2017-11-22 16:30:00,10973.140917374323,10953.75482264743,11253.650637402265
11323.37349,2017-11-22 16:40:00,11231.264217031152,11207.522061363843,11348.325023427748
12057.83133,2017-11-22 16:50:00,11529.351052452592,11526.150561401533,11424.63326523538
13289.63855,2017-11-22 17:00:00,12588.026071130877,12615.4184778285,12156.1196151811
15313.73494,2017-11-22 17:10:00,14091.491672334752,14155.423113534875,13811.52031808838
16158.07229,2017-11-22 17:20:00,16365.532628144141,16458.246439589308,16469.90578717149
17094.93976,2017-11-22 17:30:00,17054.250996957147,17093.895126657924,17287.79772687348
17343.61446,2017-11-22 17:40:00,17828.122629210015,17801.53346040596,18166.618080728174
17441.92771,2017-11-22 17:50:00,17774.358962079492,17675.627616056372,18391.709955828308
17528.6747,2017-11-22 18:00:00,17629.422154199063,17503.977350088917,18535.3225734256
17742.6506,2017-11-22 18:10:00,17642.346920563756,17593.194021804236,18407.872807803586
17783.13253,2017-11-22 18:20:00,17808.434190631408,17784.364078108738,18308.51215389481
17615.42169,2017-11-22 18:30:00,17842.707706027853,17861.599024154475,17834.845158185697
17291.56627,2017-11-22 18:40:00,17610.415658985654,17625.030076255625,17553.691392823443
17175.90361,2017-11-22 18:50:00,17216.920383684275,17216.498309197832,17248.32483363909
17349.39759,2017-11-22 19:00:00,17079.15233508211,17074.340383620103,16878.074779158138
17204.81928,2017-11-22 19:10:00,17324.556392446815,17340.71035799033,17120.619045620413
17048.6747,2017-11-22 19:20:00,17174.68946647281,17192.07064986871,16869.219262649574
16551.3253,2017-11-22 19:30:00,17016.148467630814,17020.121508235814,16613.96887963856
16424.09639,2017-11-22 19:40:00,16433.42533461871,16402.225260322502,16321.59275657064
16493.49398,2017-11-22 19:50:00,16321.177873180239,16293.044717867615,16208.944510801828
16383.61446,2017-11-22 20:00:00,16469.985485132656,16478.052326442703,16300.54052509668
16331.56627,2017-11-22 20:10:00,16406.38975192765,16418.69130714079,16208.267205436166
15984.57831,2017-11-22 20:20:00,16406.22682842931,16423.25591800988,16161.564002704521
16065.54217,2017-11-22 20:30:00,16006.030436931005,15984.126188110245,15888.104115248763
16123.37349,2017-11-22 20:40:00,16120.036388894518,16105.305179905603,15992.704651419821
15799.51807,2017-11-22 20:50:00,16201.394412397036,16203.023301656052,16023.296445785632
15724.33735,2017-11-22 21:00:00,15798.277923433401,15783.18959770408,15776.640663339043
15787.95181,2017-11-22 21:10:00,15738.476894170148,15730.820534199765,15733.487738308282
15602.89157,2017-11-22 21:20:00,15803.74482323963,15781.020226723986,15771.078914019714
15412.04819,2017-11-22 21:30:00,15589.732925067676,15574.524977092624,15575.71979072232
15452.53012,2017-11-22 21:40:00,15393.938480991948,15388.872922678904,15304.469566367685
15226.98795,2017-11-22 21:50:00,15448.00898505424,15430.522320208724,15401.793706586717
15059.27711,2017-11-22 22:00:00,15026.4935530854,15004.920377468923,15123.831542498574
15024.57831,2017-11-22 22:10:00,14840.351044602781,14828.844753273082,14777.544349736083
15151.80723,2017-11-22 22:20:00,14824.360617033295,14814.291100611665,14762.192723757087
14932.04819,2017-11-22 22:30:00,14986.850446760056,14976.447790957298,15008.996934188786
14400.0,2017-11-22 22:40:00,14732.93541896473,14722.139511361485,14625.75687506805
14070.36145,2017-11-22 22:50:00,14093.489077159917,14055.970984006864,14136.997469425009
13573.01205,2017-11-22 23:00:00,13680.53882128555,13635.515620245751,13829.977208458244
13156.62651,2017-11-22 23:10:00,13138.396864076096,13095.76477425569,13360.3275169804
12913.73494,2017-11-22 23:20:00,12750.282791715596,12741.61520634017,13005.44045292113
12560.96386,2017-11-22 23:30:00,12571.977781990661,12583.966712338624,12774.432174586469
12329.63855,2017-11-22 23:40:00,12240.606133506433,12239.552240818333,12292.193764410727
11965.3012,2017-11-22 23:50:00,12056.566480279998,12062.680593161043,12111.324095522226
11624.09639,2017-11-23 00:00:00,11686.726093088102,11689.365367883813,11789.937675902527
11514.21687,2017-11-23 00:10:00,11351.4533163222,11342.926146584483,11472.463746945185
11381.20482,2017-11-23 00:20:00,11302.568653348682,11304.327153082857,11400.879424674167
11225.06024,2017-11-23 00:30:00,11210.398854078285,11210.781612838706,11260.764973630081
11074.6988,2017-11-23 00:40:00,11080.639662489613,11085.818042803214,11134.922019546042
10883.85542,2017-11-23 00:50:00,10943.943658448148,10938.930183441502,10928.857900935725
10854.93976,2017-11-23 01:00:00,10709.52293549162,10692.454188222184,10779.40567107622
10843.37349,2017-11-23 01:10:00,10710.397768215546,10702.673110677515,10722.038643947972
10606.26506,2017-11-23 01:20:00,10729.04809061184,10726.182148586608,10639.311287238586
10496.38554,2017-11-23 01:30:00,10463.305908936116,10451.997999052504,10472.933167159701
10363.37349,2017-11-23 01:40:00,10359.079377300013,10346.580555999806,10272.543358906465
10195.66265,2017-11-23 01:50:00,10223.794610866187,10205.932928283795,10081.089210746984
10114.6988,2017-11-23 02:00:00,10011.418259640504,10001.185764850192,10074.009834188326
10010.60241,2017-11-23 02:10:00,9956.271716171694,9958.32496557531,9941.379547199502
9929.638554,2017-11-23 02:20:00,9864.453632952469,9859.574389586178,9764.060831454519
9981.686747,2017-11-23 02:30:00,9800.151211299173,9797.93710004494,9768.928222087578
10045.3012,2017-11-23 02:40:00,9900.775374978333,9904.201981348724,9788.702883873282
9854.457831,2017-11-23 02:50:00,9988.941760733645,9989.865058936033,9864.873321661624
9727.228916,2017-11-23 03:00:00,9757.398282205188,9751.770412157595,9652.970621560838
9808.192771,2017-11-23 03:10:00,9619.77034102377,9607.22275684822,9607.260408684962
9877.590361,2017-11-23 03:20:00,9729.794235483545,9721.571296970355,9619.213985965924
9698.313253,2017-11-23 03:30:00,9818.275323318907,9820.421357557145,9680.108523355932
9675.180723,2017-11-23 03:40:00,9614.374335164917,9618.335037823706,9606.92760648446
9634.698795,2017-11-23 03:50:00,9603.6696870247,9599.669829084436,9550.961337926748
9634.698795,2017-11-23 04:00:00,9542.906794913692,9533.986358425813,9539.574191759972
9709.879518,2017-11-23 04:10:00,9550.690661036551,9551.591932864641,9536.901080614103
9628.915663,2017-11-23 04:20:00,9652.173017741148,9666.481201671879,9572.7265844677
9669.39759,2017-11-23 04:30:00,9547.855737888418,9546.052912529678,9512.04511553197
9761.927711,2017-11-23 04:40:00,9600.47267734981,9599.590395272891,9539.88953594748
9831.325301,2017-11-23 04:50:00,9706.876350800125,9707.473222348632,9615.702753569782
9825.542169,2017-11-23 05:00:00,9765.237021074783,9768.897911574848,9642.870328245046
9842.891566,2017-11-23 05:10:00,9753.825549075085,9758.877680743804,9660.079269706748
9941.204819,2017-11-23 05:20:00,9783.632445081475,9780.909689020218,9682.369112310496
10253.49398,2017-11-23 05:30:00,9900.136644450027,9901.594445592458,9802.688080431293
10230.36145,2017-11-23 05:40:00,10250.006894652452,10265.130090285387,10086.043957986314
9894.939759,2017-11-23 05:50:00,10169.990707317618,10176.658342707731,10024.849063478443
9623.13253,2017-11-23 06:00:00,9718.584119258408,9702.43611406401,9722.330568551768
9542.168675,2017-11-23 06:10:00,9375.744120676623,9347.345758609397,9474.774267911747
9281.927711,2017-11-23 06:20:00,9288.585016435936,9270.554243254297,9390.144980171106
8986.987952,2017-11-23 06:30:00,9008.062999800253,9016.122899953827,9105.90578930869
8454.939759,2017-11-23 06:40:00,8681.236894946607,8696.030803579142,8833.32318388781
7743.614458,2017-11-23 06:50:00,8060.8856984300055,8051.95047400546,8386.718685810101
7477.590361,2017-11-23 07:00:00,7397.415540732411,7369.862750264063,8081.68573981165
7385.060241,2017-11-23 07:10:00,7201.576561001526,7203.40969713565,7999.117119990693
7263.614458,2017-11-23 07:20:00,7218.207677961298,7243.384900426892,8006.513605384434
7200.0,2017-11-23 07:30:00,7187.538404512887,7223.167195721493,7994.079106142255
7066.987952,2017-11-23 07:40:00,7189.013951424664,7214.212902467891,8000.247511182117
7136.385542,2017-11-23 07:50:00,7063.61824100828,7051.012851630809,8040.0401083500765
7130.60241,2017-11-23 08:00:00,7190.784790996331,7177.990209679314,8092.490595438328
7217.349398,2017-11-23 08:10:00,7214.09280709409,7204.379320057918,8082.95794600637
7338.795181,2017-11-23 08:20:00,7334.062305190277,7325.384313151659,8092.331490850326
7546.987952,2017-11-23 08:30:00,7504.0917105079225,7499.916030399136,8109.835969619032
7656.86747,2017-11-23 08:40:00,7731.50284739525,7724.146389462694,8118.838407209184
7755.180723,2017-11-23 08:50:00,7829.8853064620125,7826.198993613425,8118.779393825738
8032.771084,2017-11-23 09:00:00,7937.7838503194835,7927.880268852907,8180.348573215573
8587.951807,2017-11-23 09:10:00,8242.374176889409,8237.013314022128,8393.09230492324
9039.036145,2017-11-23 09:20:00,8851.099927441426,8859.75873642785,8669.472404306547
9125.783133,2017-11-23 09:30:00,9307.04289405104,9322.334367653311,9023.488695386312
9067.951807,2017-11-23 09:40:00,9312.299308504456,9304.293577432096,9265.781595381011
7217.349398,2017-11-23 09:50:00,9134.501531520182,9094.500992723102,9152.42753759194
8975.421687,2017-11-23 10:00:00,6897.1235669036105,6779.472812741487,8410.04490738435
9449.638554,2017-11-23 10:10:00,9108.453431726093,9129.435561699782,9142.726123374701
9524.819277,2017-11-23 10:20:00,9699.96466523056,9771.83132135955,9610.236745412596
9825.542169,2017-11-23 10:30:00,9777.980201506905,9850.126874026742,9692.43254206961
11097.83133,2017-11-23 10:40:00,10125.791669692117,10196.434979316993,9867.366916351251
11404.33735,2017-11-23 10:50:00,11394.738402068806,11329.720721663702,11007.797782418585
11415.90361,2017-11-23 11:00:00,11552.515148686678,11559.114393509793,11301.427957628028
11462.16867,2017-11-23 11:10:00,11434.686746953736,11419.343275676089,11498.560246541141
11554.6988,2017-11-23 11:20:00,11354.658433203245,11294.98523960754,11601.935749075192
11705.06024,2017-11-23 11:30:00,11352.055052158661,11271.655866351466,11636.890203748757
11548.91566,2017-11-23 11:40:00,11547.549507115737,11541.840385940428,11715.697298297722
11329.15663,2017-11-23 11:50:00,11352.204880664201,11364.302585418915,11624.320585240861
11473.73494,2017-11-23 12:00:00,11121.005910315473,11109.424945430506,11454.892336421604
11959.51807,2017-11-23 12:10:00,11313.276511888856,11311.070420533593,11629.014298084769
11878.55422,2017-11-23 12:20:00,11905.6952922475,11931.576016627898,12081.900059654305
11733.9759,2017-11-23 12:30:00,11781.628845214269,11804.5757995873,11988.651880128024
11843.85542,2017-11-23 12:40:00,11589.991593536171,11580.693687673998,11799.696017971955
11520.0,2017-11-23 12:50:00,11691.298618125027,11660.612581741638,11972.622157686717
11253.9759,2017-11-23 13:00:00,11323.4123537204,11277.739350269856,11695.917022181002
11485.3012,2017-11-23 13:10:00,11057.405927794629,11045.617034502924,11474.061789783156
11323.37349,2017-11-23 13:20:00,11378.724846493367,11386.306941795643,11684.388275626015
11288.6747,2017-11-23 13:30:00,11197.690115702964,11194.193016505023,11532.654410394458
11277.10843,2017-11-23 13:40:00,11203.093931925021,11220.105964442413,11505.940197595495
11340.72289,2017-11-23 13:50:00,11197.178030449551,11198.604861219628,11471.32192821179
11467.95181,2017-11-23 14:00:00,11292.37416175922,11273.796894205021,11523.051676826508
11369.63855,2017-11-23 14:10:00,11457.173898485249,11459.067652666094,11716.761216758478
11491.08434,2017-11-23 14:20:00,11345.118247930845,11331.55891556097,11517.943407100669
11404.33735,2017-11-23 14:30:00,11482.260601606089,11470.132320073122,11652.62716812973
11398.55422,2017-11-23 14:40:00,11352.586609093065,11329.731836325289,11521.420276276393
11236.62651,2017-11-23 14:50:00,11340.777473444798,11322.216932470543,11530.479247644662
11022.6506,2017-11-23 15:00:00,11177.310678139078,11160.674210658795,11448.85613606941
11045.78313,2017-11-23 15:10:00,10930.821162560462,10901.940754547155,11282.850023544366
9808.192771,2017-11-23 15:20:00,11001.446447253304,10994.996186271756,11319.826503304084
9229.879518,2017-11-23 15:30:00,9532.995988020444,9484.274757059913,9865.403472189664
9310.843373,2017-11-23 15:40:00,8956.956091194485,8927.972032816462,9562.386953585148
9264.578313,2017-11-23 15:50:00,9215.848386023801,9231.533195221782,9507.066812640696
9652.048193,2017-11-23 16:00:00,9318.745909631849,9358.180464798743,9538.233372074641
9894.939759,2017-11-23 16:10:00,9926.014296819789,10026.962587473274,9763.32304813306
9958.554217,2017-11-23 16:20:00,10208.056423401009,10237.316852788776,10031.855374570043
10085.78313,2017-11-23 16:30:00,10229.67610870704,10208.69267195297,10090.93263474563
10288.19277,2017-11-23 16:40:00,10349.499567975497,10324.021455010115,10276.732300243768
10953.25301,2017-11-23 16:50:00,10579.625847262578,10544.263030699625,10467.354660133127
12283.37349,2017-11-23 17:00:00,11558.663704086573,11561.40093576438,11067.079494215966
13931.56627,2017-11-23 17:10:00,13197.294137897678,13257.791924123929,12530.1912141081
14932.04819,2017-11-23 17:20:00,15022.243248357534,15111.181530745915,14793.57842478477
15412.04819,2017-11-23 17:30:00,15955.970488880253,16006.329865088277,16198.744131726817
15643.37349,2017-11-23 17:40:00,16189.11545982681,16155.720511173102,16738.95327597066
15828.43373,2017-11-23 17:50:00,16150.742215282055,16055.706419449987,16993.780703534238
16048.19277,2017-11-23 18:00:00,16167.879106940323,16072.259097530554,17228.157002050393
16175.42169,2017-11-23 18:10:00,16353.411478062982,16321.104661422207,17380.595166836767
16678.55422,2017-11-23 18:20:00,16452.571612061613,16459.607072157793,17128.47203699595
16823.13253,2017-11-23 18:30:00,16993.577166452204,17030.595387436042,17296.903387557264
16666.98795,2017-11-23 18:40:00,17067.630506988273,17095.878798419784,17139.967334117595
16638.07229,2017-11-23 18:50:00,16806.667053500514,16810.404500303233,16884.85012593202
16638.07229,2017-11-23 19:00:00,16732.109615850837,16721.586043229006,16668.08724280328
16626.50602,2017-11-23 19:10:00,16691.124745464407,16664.588442063425,16591.964677289507
16614.93976,2017-11-23 19:20:00,16685.326035673508,16683.517194579614,16523.82293924538
16557.10843,2017-11-23 19:30:00,16662.522237553047,16669.238422684004,16440.458678790583
16638.07229,2017-11-23 19:40:00,16588.609857544132,16581.837096509447,16397.7707321974
16545.54217,2017-11-23 19:50:00,16693.15005787545,16688.67531806935,16431.71940688372
16626.50602,2017-11-23 20:00:00,16561.75292504242,16549.929940006747,16385.099340807697
16638.07229,2017-11-23 20:10:00,16664.898249712423,16656.709636923733,16409.78735568414
16626.50602,2017-11-23 20:20:00,16664.341784731623,16651.011696966558,16386.51480131127
16655.42169,2017-11-23 20:30:00,16650.808263966108,16630.58785781286,16389.126138186908
16458.79518,2017-11-23 20:40:00,16689.04780260752,16676.229272343837,16387.801802259364
16279.51807,2017-11-23 20:50:00,16419.80822555979,16388.866192290825,16275.07363644023
16239.03614,2017-11-23 21:00:00,16188.675945512463,16158.712150079806,16100.988552795117
16123.37349,2017-11-23 21:10:00,16167.85005692788,16146.88914726065,16087.183168639282
16048.19277,2017-11-23 21:20:00,16041.37545638485,16023.938578485573,15943.604128190264
15909.39759,2017-11-23 21:30:00,15981.534772425315,15976.152039320388,15850.71603760091
15678.07229,2017-11-23 21:40:00,15843.908752256868,15830.013318240963,15841.309325108436
15440.96386,2017-11-23 21:50:00,15573.818158596878,15547.913887077339,15650.377709996199
15117.10843,2017-11-23 22:00:00,15163.641986319595,15142.29317153202,15193.747448370861
14851.08434,2017-11-23 22:10:00,14817.597121653573,14793.535551186638,14839.528501950452
14660.24096,2017-11-23 22:20:00,14572.041610859802,14557.3186974266,14649.426101566916
14434.6988,2017-11-23 22:30:00,14406.387067701351,14400.684346379601,14404.400951341444
14307.46988,2017-11-23 22:40:00,14177.460983967616,14172.097258980517,14229.212932173352
14024.09639,2017-11-23 22:50:00,14077.302488139605,14076.114643993107,14050.108256787378
13827.46988,2017-11-23 23:00:00,13726.646814452646,13710.704847206685,13791.515133846724
13561.44578,2017-11-23 23:10:00,13523.257701272227,13501.484165658454,13603.530329892754
13272.28916,2017-11-23 23:20:00,13249.463375647687,13225.189477366435,13357.692853936642
13087.22892,2017-11-23 23:30:00,12943.691750174927,12914.619155872646,13143.200975468639
12792.28916,2017-11-23 23:40:00,12783.846141986902,12766.011307112361,12938.237040839758
12358.55422,2017-11-23 23:50:00,12474.07929733439,12449.582252570512,12519.705188824222
11705.06024,2017-11-24 00:00:00,11981.718001106592,11963.485386298531,12020.508284489892
11479.51807,2017-11-24 00:10:00,11278.910122021824,11250.370930201469,11457.107756624026
11329.15663,2017-11-24 00:20:00,11113.224463896575,11097.8710633645,11309.51583129033
11196.14458,2017-11-24 00:30:00,11043.529242710027,11051.574743932211,11169.98999602935
11138.31325,2017-11-24 00:40:00,10983.40664622139,11003.35490955125,11082.198886095022
10895.42169,2017-11-24 00:50:00,10986.148622022672,11004.218689660716,10981.068583201906
10658.31325,2017-11-24 01:00:00,10692.36466834066,10673.55299887784,10777.475276407991
10502.16867,2017-11-24 01:10:00,10446.956520077172,10420.514796355626,10573.279112170898
10467.46988,2017-11-24 01:20:00,10293.981834700757,10269.474695271896,10336.653513174306
10479.03614,2017-11-24 01:30:00,10293.783869907977,10277.154329336445,10271.522292695514
10432.77108,2017-11-24 01:40:00,10350.7095294677,10348.655081895624,10286.693339211322
10386.50602,2017-11-24 01:50:00,10316.142156927597,10308.341817590835,10098.630900320815
10253.49398,2017-11-24 02:00:00,10233.362429570032,10218.813339349268,10108.190197160327
10340.24096,2017-11-24 02:10:00,10072.16277481399,10045.996893301142,10058.178975073672
10085.78313,2017-11-24 02:20:00,10185.370608974878,10166.289902690723,10131.949222075644
10062.6506,2017-11-24 02:30:00,9895.859030368614,9872.892506416294,9890.62259126671
9906.506024,2017-11-24 02:40:00,9900.083722967385,9883.030391553479,9853.007063047558
9842.891566,2017-11-24 02:50:00,9726.594392978523,9709.41733127684,9724.944066299926
9889.156627,2017-11-24 03:00:00,9647.289023378758,9631.969443986738,9633.94213766841
9813.975904,2017-11-24 03:10:00,9749.47168682497,9755.857120885208,9678.64783035512
9756.144578,2017-11-24 03:20:00,9676.052348575504,9668.096601400848,9659.48216654057
9675.180723,2017-11-24 03:30:00,9613.551577583254,9606.190901998618,9621.323831356205
9709.879518,2017-11-24 03:40:00,9522.22216395495,9504.936191876071,9485.419199323796
9779.277108,2017-11-24 03:50:00,9574.831167201108,9559.061507781329,9563.604811868483
9617.349398,2017-11-24 04:00:00,9652.467173786645,9649.804993547845,9647.504785026063
9669.39759,2017-11-24 04:10:00,9463.410110309469,9450.292086831367,9441.089918991396
9715.662651,2017-11-24 04:20:00,9527.17942830261,9516.00686274984,9479.564345270102
9721.445783,2017-11-24 04:30:00,9581.478537019531,9566.508630780125,9596.45068140653
9686.746988,2017-11-24 04:40:00,9593.726272089894,9581.923840191126,9587.187127813742
9652.048193,2017-11-24 04:50:00,9564.477311802297,9558.236497044083,9492.279629382921
9750.361446,2017-11-24 05:00:00,9499.14575628566,9480.498825866056,9410.313328688673
9842.891566,2017-11-24 05:10:00,9620.435417602836,9609.718922152577,9607.75873953798
10074.21687,2017-11-24 05:20:00,9739.003149292756,9734.771635408506,9644.253519033986
10085.78313,2017-11-24 05:30:00,10022.108787693667,10026.897939186594,9926.183848275594
10080.0,2017-11-24 05:40:00,10001.439339711353,9994.44189858259,9900.957349157185
9952.771084,2017-11-24 05:50:00,9935.975359268974,9912.370026064033,9878.858370821588
9808.192771,2017-11-24 06:00:00,9734.43047185329,9705.188232744742,9693.51848933545
9588.433735,2017-11-24 06:10:00,9548.417887958622,9516.283702986115,9607.428423146643
9368.674699,2017-11-24 06:20:00,9293.300535007944,9273.434119335201,9369.018258853272
9021.686747,2017-11-24 06:30:00,9043.367326500318,9026.155414911795,9150.148586460416
8373.975904,2017-11-24 06:40:00,8641.55258044111,8624.990092296794,8847.542672014015
7807.228916,2017-11-24 06:50:00,7883.292138720117,7853.583220281511,8354.273110422342
7413.975904,2017-11-24 07:00:00,7420.562266321029,7392.126933273852,8164.531439282753
7570.120482,2017-11-24 07:10:00,7074.674130169567,7060.985152034207,8017.866931075285
7564.337349,2017-11-24 07:20:00,7401.2832565410645,7426.188765712317,8000.090968393122
7610.60241,2017-11-24 07:30:00,7501.627808049774,7538.695422979574,7955.82667344053
7408.192771,2017-11-24 07:40:00,7600.830048351323,7614.792839357293,7984.049486829104
7327.228916,2017-11-24 07:50:00,7373.075527344628,7346.68151372516,8003.9547345889105
7529.638554,2017-11-24 08:00:00,7280.272403417221,7226.467995539841,8087.524043780731
7726.26506,2017-11-24 08:10:00,7550.790664595195,7523.338318869872,8064.9793634613025
8038.554217,2017-11-24 08:20:00,7792.542507279371,7775.727820381242,8109.513873779081
8125.301205,2017-11-24 08:30:00,8173.379603407424,8173.912920456109,8251.060608230953
8061.686747,2017-11-24 08:40:00,8227.8145148055,8207.945712843104,8279.137326426977
8032.771084,2017-11-24 08:50:00,8092.156842371447,8047.768079179003,8294.068310375866
8304.578313,2017-11-24 09:00:00,8061.712987703791,8019.833695989802,8349.751046266621
8472.289157,2017-11-24 09:10:00,8401.574546830287,8376.979300828767,8527.241673978051
8454.939759,2017-11-24 09:20:00,8615.893498934902,8614.3642026924,8618.447523307022
8478.072289,2017-11-24 09:30:00,8575.346924052239,8569.268094114459,8632.144347600772
8495.421687,2017-11-24 09:40:00,8569.530571032336,8551.374364955827,8649.881840067323
8720.963855,2017-11-24 09:50:00,8452.011889263327,8412.492132138943,8632.66785880504
8848.192771,2017-11-24 10:00:00,8836.948822790006,8825.587959856344,8853.599572503144
8929.156627,2017-11-24 10:10:00,8999.155131675345,8998.913674468953,9089.636513955465
9131.566265,2017-11-24 10:20:00,9071.204518528619,9062.29937025473,9150.185779740437
9247.228916,2017-11-24 10:30:00,9295.081768517535,9285.645519476908,9440.05189467362
9305.060241,2017-11-24 10:40:00,9460.71141179342,9448.97382937231,9664.171489521757
9345.542169,2017-11-24 10:50:00,9519.32753690065,9513.442270198535,9718.622036479654
9333.975904,2017-11-24 11:00:00,9437.629186538567,9431.047786882045,9750.021562470023
9478.554217,2017-11-24 11:10:00,9398.588207851306,9385.489257927096,9725.662534328847
9571.084337,2017-11-24 11:20:00,9570.066430283621,9571.754850228266,9922.428573548954
9802.409639,2017-11-24 11:30:00,9673.153113974193,9680.947158341834,9979.094698356153
10178.31325,2017-11-24 11:40:00,9916.851598846,9930.448815827696,10048.112801690535
10056.86747,2017-11-24 11:50:00,10314.20478882459,10332.053550006734,10458.301702492485
10276.62651,2017-11-24 12:00:00,10142.31619157461,10130.90948250511,10201.796014875745
10646.74699,2017-11-24 12:10:00,10389.644619990937,10383.54038008091,10481.575162796475
10612.04819,2017-11-24 12:20:00,10773.429690976995,10768.601142562105,11108.87553034039
10305.54217,2017-11-24 12:30:00,10662.411256133208,10647.864704759322,11103.759784633166
10299.75904,2017-11-24 12:40:00,10284.983639526508,10272.00017239512,10544.291733377515
10166.74699,2017-11-24 12:50:00,10242.940344921397,10214.612064350433,10550.843832630995
10322.89157,2017-11-24 13:00:00,10115.811199840446,10093.431531380462,10450.434095974362
10461.68675,2017-11-24 13:10:00,10356.293771304572,10375.718813215612,10510.66694201084
10490.60241,2017-11-24 13:20:00,10532.891008512055,10561.026013818362,10761.767845328075
10230.36145,2017-11-24 13:30:00,10544.55304204316,10547.511216397204,10810.192418793056
10080.0,2017-11-24 13:40:00,10221.005087468971,10206.397290951692,10420.958401068156
9756.144578,2017-11-24 13:50:00,10037.42726064472,10008.366179880308,10256.412568895186
9692.53012,2017-11-24 14:00:00,9708.159393270109,9680.197329130024,9949.984577566094
9443.855422,2017-11-24 14:10:00,9681.129694156316,9675.23809354053,9860.638211900372
9571.084337,2017-11-24 14:20:00,9456.368214008948,9464.752691487454,9826.458484912448
9495.903614,2017-11-24 14:30:00,9659.205435216661,9676.617099150384,9889.609962607397
9576.86747,2017-11-24 14:40:00,9605.500503980067,9622.478620264688,9858.120356695248
9652.048193,2017-11-24 14:50:00,9708.533614801476,9713.36557311947,9914.14408745681
9547.951807,2017-11-24 15:00:00,9818.245416963178,9818.944694378071,9941.236059949515
9461.204819,2017-11-24 15:10:00,9675.555363578158,9649.952129698699,9905.755074901293
9513.253012,2017-11-24 15:20:00,9513.547815213966,9487.869349116087,9697.215308531653
9594.216867,2017-11-24 15:30:00,9541.512738198886,9512.603035697404,9785.672908511235
9576.86747,2017-11-24 15:40:00,9647.827191173783,9630.204007865414,9832.841612610726
9513.253012,2017-11-24 15:50:00,9637.6262699935,9628.37441751461,9820.385887983608
9466.987952,2017-11-24 16:00:00,9601.4368289289,9581.124646435575,9762.300042096276
9414.939759,2017-11-24 16:10:00,9553.82851242565,9527.742256139742,9675.100689689692
9536.385542,2017-11-24 16:20:00,9499.512206874298,9475.700197377892,9716.345455867739
9773.493976,2017-11-24 16:30:00,9670.938898829167,9663.409542376521,9844.293505894155
10103.13253,2017-11-24 16:40:00,9968.68338597679,9971.583034530988,9946.507766633766
10727.71084,2017-11-24 16:50:00,10384.77257552063,10394.998644098629,10274.402551428093
12028.91566,2017-11-24 17:00:00,11303.90586713649,11323.188284988566,11098.22873938406
14029.87952,2017-11-24 17:10:00,12858.887993530463,12908.007445475916,12118.226936290455
15198.07229,2017-11-24 17:20:00,15086.976722820518,15169.645337505246,14683.335954841576
15585.54217,2017-11-24 17:30:00,16177.043565959602,16219.533731674266,16379.188219981368
15730.12048,2017-11-24 17:40:00,16264.711346889622,16216.832529952375,16744.320967675594
15955.66265,2017-11-24 17:50:00,16097.2814957237,15971.859732819632,16956.79461787163
16082.89157,2017-11-24 18:00:00,16148.11968870659,16016.460745116874,17257.880735769104
16325.78313,2017-11-24 18:10:00,16239.937101687223,16191.373685761026,17246.644037549784
16383.61446,2017-11-24 18:20:00,16530.24813604526,16544.202062655175,17128.564359601907
16314.21687,2017-11-24 18:30:00,16558.418004814233,16579.348023793063,16838.36776043594
16273.73494,2017-11-24 18:40:00,16415.949638869362,16422.981418697847,16585.260141596507
16186.98795,2017-11-24 18:50:00,16344.885225020302,16350.884935254795,16523.42144146483
16192.77108,2017-11-24 19:00:00,16229.521728511085,16224.217874996626,16226.343925639854
16337.3494,2017-11-24 19:10:00,16250.357098725406,16251.044339613725,16183.296995127948
16221.68675,2017-11-24 19:20:00,16433.489608812917,16440.291537274145,16271.76673392531
16192.77108,2017-11-24 19:30:00,16279.176924108599,16272.368244568906,16188.59815467263
16129.15663,2017-11-24 19:40:00,16249.453502582874,16239.359121865704,16129.621293258551
16146.50602,2017-11-24 19:50:00,16167.641977836454,16147.553005540096,16132.609165512975
16320.0,2017-11-24 20:00:00,16179.97025049099,16159.567720444657,16117.389861399364
16314.21687,2017-11-24 20:10:00,16403.00580075552,16402.05914950113,16247.059990893684
16343.13253,2017-11-24 20:20:00,16377.253241564213,16364.769072006453,16235.021697695789
16337.3494,2017-11-24 20:30:00,16404.106865232534,16388.64565206833,16243.40096187738
16348.91566,2017-11-24 20:40:00,16369.035779007947,16343.468411318212,16242.353653543212
16215.90361,2017-11-24 20:50:00,16351.731773113936,16321.858745484562,16217.198112275632
16094.45783,2017-11-24 21:00:00,16170.389611510447,16144.059603370037,16083.717501139083
16117.59036,2017-11-24 21:10:00,16027.919202777743,15998.235110575608,15981.766955124345
16013.49398,2017-11-24 21:20:00,16067.39437103078,16046.669892969187,15980.42163476889
15805.3012,2017-11-24 21:30:00,15948.68186820834,15928.389989007508,15957.020177625696
15568.19277,2017-11-24 21:40:00,15715.46075020816,15696.169468930408,15771.10117870046
15261.68675,2017-11-24 21:50:00,15443.041763680163,15415.1046486065,15509.056012472945
14955.18072,2017-11-24 22:00:00,14935.28268534004,14901.719143407565,15062.314285106202
14793.25301,2017-11-24 22:10:00,14620.03138890136,14597.513680578493,14709.06874242523
14712.28916,2017-11-24 22:20:00,14499.211098509422,14489.81256301412,14518.57678844982
14359.51807,2017-11-24 22:30:00,14459.501579499858,14455.692681491944,14469.815455850125
14081.92771,2017-11-24 22:40:00,14081.49764713515,14066.259952294105,14164.443939614286
14029.87952,2017-11-24 22:50:00,13792.191371609688,13767.860666583043,13850.257369304
13839.03614,2017-11-24 23:00:00,13736.390484541049,13710.73170314485,13833.064673510462
13659.75904,2017-11-24 23:10:00,13541.797351416079,13515.242946467864,13638.451454533171
13370.60241,2017-11-24 23:20:00,13374.51419626832,13356.703694513975,13457.854660477491
13012.04819,2017-11-24 23:30:00,13060.173548308807,13025.464357588997,13184.632238808827
12607.22892,2017-11-24 23:40:00,12660.162952511339,12611.685627742365,12859.856864823652
12370.12048,2017-11-24 23:50:00,12222.416825971171,12180.988021205856,12232.833407132555
12248.6747,2017-11-25 00:00:00,12071.211623805983,12061.608682498136,12068.375929375792
12190.84337,2017-11-25 00:10:00,12008.703170639019,12015.177179328663,11995.012831854961
11942.16867,2017-11-25 00:20:00,12011.982198758504,12024.633101231797,11933.177921780134
11745.54217,2017-11-25 00:30:00,11764.557240337523,11765.612617432205,11762.18695137924
11716.62651,2017-11-25 00:40:00,11568.524100712897,11553.072947704986,11609.069961472738
11300.24096,2017-11-25 00:50:00,11560.435913348723,11542.72852821874,11587.308450002467
11138.31325,2017-11-25 01:00:00,11053.28851447317,11027.293307196946,11036.875386471633
10727.71084,2017-11-25 01:10:00,10918.876594000712,10906.315720334187,10868.582766970414
10617.83133,2017-11-25 01:20:00,10478.98873162445,10456.454419152582,10471.154803760566
10513.73494,2017-11-25 01:30:00,10420.103997107148,10408.703107759753,10380.177162083035
10473.25301,2017-11-25 01:40:00,10376.24599865092,10388.96988055906,10249.301763386644
10293.9759,2017-11-25 01:50:00,10376.50080968974,10380.394379350892,10207.412839656856
10114.6988,2017-11-25 02:00:00,10170.986512895923,10175.83566638783,10071.889863590508
10016.38554,2017-11-25 02:10:00,9986.06549508469,9968.0738229546,9944.745943688655
10004.81928,2017-11-25 02:20:00,9889.766027971735,9873.97744432931,9793.564991421683
10039.51807,2017-11-25 02:30:00,9912.181163013163,9902.940844114313,9772.39960456509
9964.337349,2017-11-25 02:40:00,9983.127338445523,9983.794118352573,9841.379132902115
9871.807229,2017-11-25 02:50:00,9904.058573915521,9898.018999336637,9770.821770808507
9813.975904,2017-11-25 03:00:00,9773.58648439237,9759.03149806281,9671.272937083208
9790.843373,2017-11-25 03:10:00,9711.162595674938,9694.166131118567,9619.235398999963
9854.457831,2017-11-25 03:20:00,9696.237505120753,9683.173735108734,9612.948220658267
9727.228916,2017-11-25 03:30:00,9783.897607712275,9781.801872256816,9649.499376694244
9704.096386,2017-11-25 03:40:00,9641.712880335876,9632.799709435096,9567.922506951547
9704.096386,2017-11-25 03:50:00,9626.3899347501,9615.459586700144,9530.41611743639
9675.180723,2017-11-25 04:00:00,9600.88611606664,9592.28035757742,9523.759215109103
9692.53012,2017-11-25 04:10:00,9577.15163921269,9569.097542000964,9480.372336443015
9761.927711,2017-11-25 04:20:00,9613.824377602446,9615.319151605367,9497.39121446726
9652.048193,2017-11-25 04:30:00,9697.284474056603,9693.649338079365,9597.014748201409
9652.048193,2017-11-25 04:40:00,9561.414754594602,9551.373800382022,9461.708712742677
9767.710843,2017-11-25 04:50:00,9563.362600402126,9555.113492666691,9446.849097359167
9906.506024,2017-11-25 05:00:00,9691.189348764747,9689.50130266431,9582.331907973814
9929.638554,2017-11-25 05:10:00,9853.905490452138,9857.835319667036,9743.270273924345
9993.253012,2017-11-25 05:20:00,9885.656836427414,9892.44924353085,9744.878812363007
10184.09639,2017-11-25 05:30:00,9943.019153227822,9939.838786555047,9816.987788765759
10085.78313,2017-11-25 05:40:00,10141.031288265403,10137.551288228457,9985.548128426093
10126.26506,2017-11-25 05:50:00,9982.875897728482,9970.829258394077,9909.606955513182
9790.843373,2017-11-25 06:00:00,10001.828164968245,9996.213073556024,9897.476339596726
9617.349398,2017-11-25 06:10:00,9574.641002562894,9551.712413450648,9573.552345738599
9414.939759,2017-11-25 06:20:00,9366.66851898509,9345.242090279586,9401.792268132669
9154.698795,2017-11-25 06:30:00,9148.032678884165,9144.801133480923,9231.250541621554
8564.819277,2017-11-25 06:40:00,8841.23524183861,8834.858320573561,9002.226116006113
7911.325301,2017-11-25 06:50:00,8166.274115558981,8161.088897645359,8458.239634868645
7419.759036,2017-11-25 07:00:00,7576.650024938559,7550.892285388758,8158.376203103949
7223.13253,2017-11-25 07:10:00,7121.95745917547,7111.063287491836,8036.7154572298205
7246.26506,2017-11-25 07:20:00,7034.122490779295,7052.5665229144615,8030.014595347013
7130.60241,2017-11-25 07:30:00,7208.592609451156,7258.132951418231,8009.444428532003
7003.373494,2017-11-25 07:40:00,7152.373854306385,7189.8989438855115,8040.37242937827
6795.180723,2017-11-25 07:50:00,7051.029666116632,7058.515999771867,8055.946201940287
6986.024096,2017-11-25 08:00:00,6849.848841212997,6830.549704323001,8111.226924678709
7113.253012,2017-11-25 08:10:00,7117.589502244809,7105.868485794326,8120.146920867857
7425.542169,2017-11-25 08:20:00,7309.423535877118,7313.637158100957,8139.722966241513
7604.819277,2017-11-25 08:30:00,7685.554795538566,7696.940319188439,8140.999825505751
7610.60241,2017-11-25 08:40:00,7855.898390784596,7859.934469214746,8154.803036999595
7749.39759,2017-11-25 08:50:00,7792.87900044687,7767.583448452222,8155.7616838379845
7992.289157,2017-11-25 09:00:00,7954.280982952474,7936.027651111261,8220.964894771925
8235.180723,2017-11-25 09:10:00,8218.14904756921,8204.578523369539,8357.601808378313
8443.373494,2017-11-25 09:20:00,8480.195765402244,8482.046896007301,8470.48334439948
8576.385542,2017-11-25 09:30:00,8684.113329939277,8690.872297885486,8669.700274250057
8726.746988,2017-11-25 09:40:00,8775.680603830164,8767.642974919136,8722.95737560532
9033.253012,2017-11-25 09:50:00,8865.798214101891,8849.572677385751,8829.99532728875
9108.433735,2017-11-25 10:00:00,9248.78275774367,9244.245048188692,9135.926310184763
9079.518072,2017-11-25 10:10:00,9297.54736224018,9291.875607997248,9346.374665540996
9160.481928,2017-11-25 10:20:00,9231.072926373668,9219.572435581937,9282.769730284946
9218.313253,2017-11-25 10:30:00,9305.52428288641,9292.694585546593,9480.740309428198
9409.156627,2017-11-25 10:40:00,9377.064597186123,9367.845932715078,9497.32382805603
9565.301205,2017-11-25 10:50:00,9606.706281338986,9619.939490287084,9646.946435586853
9634.698795,2017-11-25 11:00:00,9668.957031290236,9686.823447865567,9806.703488383382
9588.433735,2017-11-25 11:10:00,9720.165702414779,9725.794368023653,9860.671324843735
9785.060241,2017-11-25 11:20:00,9638.375143450618,9634.46966257345,9864.79390931756
9744.578313,2017-11-25 11:30:00,9859.861366956642,9858.308369129289,9971.139652341484
10016.38554,2017-11-25 11:40:00,9806.68590766808,9806.404220422264,9944.22918265478
9952.771084,2017-11-25 11:50:00,10106.29986493454,10119.303457250795,10159.80151617041
9952.771084,2017-11-25 12:00:00,10050.03695273713,10054.276478654017,10054.020007718023
10016.38554,2017-11-25 12:10:00,10051.215222877148,10046.034400421755,10066.090560128
10166.74699,2017-11-25 12:20:00,10116.422525903274,10121.098490465036,10110.15802172302
10299.75904,2017-11-25 12:30:00,10252.37899565131,10251.240551696184,10331.789866571164
10357.59036,2017-11-25 12:40:00,10407.383173566996,10424.289870569646,10357.029566620906
10357.59036,2017-11-25 12:50:00,10432.068160871218,10436.114153092602,10381.028227784294
10293.9759,2017-11-25 13:00:00,10435.183485641119,10425.984616648197,10405.388376085502
10346.0241,2017-11-25 13:10:00,10353.878305559705,10342.111653889173,10381.905294628934
10386.50602,2017-11-25 13:20:00,10408.043255766199,10402.9634612478,10414.643469553284
10502.16867,2017-11-25 13:30:00,10445.108320388092,10448.286288647745,10537.728911828399
10351.80723,2017-11-25 13:40:00,10567.616273379159,10573.001037872942,10817.92795527831
10270.84337,2017-11-25 13:50:00,10361.046945582097,10355.326952137948,10469.19889275174
10305.54217,2017-11-25 14:00:00,10288.725393177157,10271.32783511317,10416.986664053502
10398.07229,2017-11-25 14:10:00,10321.581271568653,10309.040143917267,10430.614109713591
10317.10843,2017-11-25 14:20:00,10448.17060947321,10443.761766557149,10513.602031205972
10241.92771,2017-11-25 14:30:00,10357.75318421746,10359.119490223144,10416.599522252232
10236.14458,2017-11-25 14:40:00,10273.017983672036,10262.292700598366,10389.05827218839
10398.07229,2017-11-25 14:50:00,10266.869643969687,10251.432243013427,10354.228166553665
10525.3012,2017-11-25 15:00:00,10480.07189709123,10471.031920047863,10596.498403736463
10531.08434,2017-11-25 15:10:00,10628.445656210275,10630.027692164265,11028.571854346974
10461.68675,2017-11-25 15:20:00,10592.701307595944,10581.314463890705,11060.994338705914
10322.89157,2017-11-25 15:30:00,10478.437846568448,10450.434724408757,10832.616436294365
10317.10843,2017-11-25 15:40:00,10298.223803896364,10259.800897562762,10564.551155418041
10189.87952,2017-11-25 15:50:00,10298.35320451302,10272.303830302848,10572.690296014685
10004.81928,2017-11-25 16:00:00,10190.598469617094,10170.506468083579,10382.869813747217
10022.16867,2017-11-25 16:10:00,9998.71647686931,9980.768071462146,10076.980949781442
10039.51807,2017-11-25 16:20:00,10061.008297473847,10052.06845641269,10082.390510832518
10195.66265,2017-11-25 16:30:00,10117.840789262542,10109.858538657738,10163.574087744171
10652.53012,2017-11-25 16:40:00,10347.361246779734,10354.031121811091,10442.488036474
11282.89157,2017-11-25 16:50:00,10929.510644317528,10949.556369532474,11210.919595131823
12763.37349,2017-11-25 17:00:00,11851.006676581717,11869.534877815913,11565.869327558792
14359.51807,2017-11-25 17:10:00,13634.310193869436,13697.477864288556,12893.478814783379
15383.13253,2017-11-25 17:20:00,15380.439339127357,15451.839939857808,15340.393495198437
16013.49398,2017-11-25 17:30:00,16292.598341572588,16314.641864284109,16369.24370986788
16117.59036,2017-11-25 17:40:00,16693.697347098256,16650.45744963924,17095.3194365198
16331.56627,2017-11-25 17:50:00,16490.911203725635,16371.884410368624,17253.268927919304
16406.74699,2017-11-25 18:00:00,16559.90292841775,16458.082143123785,17402.1015190382
16510.84337,2017-11-25 18:10:00,16574.804511567196,16527.332557184614,17326.858180210504
16487.71084,2017-11-25 18:20:00,16672.667325827908,16668.92479252924,17334.486263061186
16343.13253,2017-11-25 18:30:00,16629.618255002682,16651.311529486957,16814.865170356272
16429.87952,2017-11-25 18:40:00,16428.500093763898,16438.243088674204,16473.640427494644
16383.61446,2017-11-25 18:50:00,16532.61348021029,16554.535309043724,16488.99497776508
16458.79518,2017-11-25 19:00:00,16471.41756405391,16483.281130919222,16290.204467188723
16510.84337,2017-11-25 19:10:00,16580.276492686455,16595.22708525029,16360.170575089456
16412.53012,2017-11-25 19:20:00,16636.724046975123,16645.656404286176,16389.68560097315
16366.26506,2017-11-25 19:30:00,16500.618071375797,16487.54546348796,16276.760946477067
16285.3012,2017-11-25 19:40:00,16447.758834529173,16438.316880380393,16235.166788857015
16360.48193,2017-11-25 19:50:00,16349.760537402777,16333.302055680224,16160.533865093188
16308.43373,2017-11-25 20:00:00,16450.032855091875,16444.13545770296,16221.923397144536
16314.21687,2017-11-25 20:10:00,16401.150948994753,16399.86608987202,16209.625471876643
16285.3012,2017-11-25 20:20:00,16415.800330304184,16410.984769535993,16218.087627934976
16296.86747,2017-11-25 20:30:00,16384.91399846644,16378.314677442175,16175.252037031232
16308.43373,2017-11-25 20:40:00,16392.966004552047,16380.483679228208,16182.719388749443
16204.33735,2017-11-25 20:50:00,16402.3598210483,16396.451964654578,16187.31174825575
14093.49398,2017-11-25 21:00:00,16246.512869337535,16230.87981246509,16091.725958495543
15805.3012,2017-11-25 21:10:00,13721.471218309991,13633.897543341704,14464.64602258218
15620.24096,2017-11-25 21:20:00,15912.975532411332,15944.86295685117,15743.67058366652
15591.3253,2017-11-25 21:30:00,15718.987273584135,15755.571518760595,15566.407519849756
15354.21687,2017-11-25 21:40:00,15722.143929492499,15774.561038756572,15581.670350953233
15348.43373,2017-11-25 21:50:00,15466.867923995673,15516.1144600204,15270.516081736467
14995.66265,2017-11-25 22:00:00,15129.130858178396,15007.943593570599,15346.900246294508
14885.78313,2017-11-25 22:10:00,14788.554377171597,14773.845909194333,14741.263672866378
14810.60241,2017-11-25 22:20:00,14692.562916121224,14676.745358819537,14658.374982360227
14683.37349,2017-11-25 22:30:00,14632.999926771769,14628.356246007004,14589.758310181878
14492.53012,2017-11-25 22:40:00,14501.694485917855,14488.528019272437,14458.477533797792
14000.96386,2017-11-25 22:50:00,14317.623793559414,14313.32223593505,14258.66931506866
13856.38554,2017-11-25 23:00:00,13714.338947831222,13693.972341492681,13807.2964171054
13549.87952,2017-11-25 23:10:00,13590.598447679839,13567.556576043606,13675.584110385009
13353.25301,2017-11-25 23:20:00,13274.890547846371,13259.23343226648,13341.121481626069
13093.01205,2017-11-25 23:30:00,13102.547195485995,13098.293176092879,13134.571216879587
12826.98795,2017-11-25 23:40:00,12849.737405114069,12851.241021527474,12962.391577841176
12393.25301,2017-11-25 23:50:00,12571.41213494185,12551.151355725462,12582.029567854368
11959.51807,2017-11-26 00:00:00,12074.899029001896,12063.937328547521,12130.149805753883
11618.31325,2017-11-26 00:10:00,11631.87254000077,11613.652674105573,11815.698752482554
11439.03614,2017-11-26 00:20:00,11310.974097104572,11301.84006583187,11452.957610181884
11242.40964,2017-11-26 00:30:00,11192.713204544078,11196.66611661681,11266.91231359345
10987.95181,2017-11-26 00:40:00,11059.240255043505,11074.303040289884,11193.55789365639
10872.28916,2017-11-26 00:50:00,10811.499191865454,10817.667172680562,10826.785127437986
10750.84337,2017-11-26 01:00:00,10692.124665164087,10690.082674775134,10758.111146192035
10716.14458,2017-11-26 01:10:00,10573.560462718906,10562.77316159421,10500.656245630891
10646.74699,2017-11-26 01:20:00,10576.023627891629,10570.296140209206,10447.930722723788
10380.72289,2017-11-26 01:30:00,10526.404426411495,10519.524241933052,10489.982369958048
10282.40964,2017-11-26 01:40:00,10227.953497634036,10204.42742649763,10088.686402010877
10276.62651,2017-11-26 01:50:00,10135.22642989333,10114.878954749869,10053.315325016558
10282.40964,2017-11-26 02:00:00,10116.248046235349,10103.202930317162,10027.982243016018
10160.96386,2017-11-26 02:10:00,10153.613974811382,10151.265911934737,10041.269833009119
10097.3494,2017-11-26 02:20:00,10031.034697470954,10029.241377988114,9980.622960365321
10051.08434,2017-11-26 02:30:00,9969.483764943532,9953.938937414805,9885.027965040654
9981.686747,2017-11-26 02:40:00,9918.972241688385,9900.908704579722,9777.421535229254
9970.120482,2017-11-26 02:50:00,9847.250614276385,9832.154806516777,9705.97333916825
9837.108434,2017-11-26 03:00:00,9826.098753529848,9821.482866825429,9708.201039585483
9819.759036,2017-11-26 03:10:00,9677.211628992483,9664.425038340527,9598.714113491393
9808.192771,2017-11-26 03:20:00,9677.341793483052,9666.851335295778,9602.679530158559
9767.710843,2017-11-26 03:30:00,9672.175766760036,9664.877374698139,9582.330682078207
9773.493976,2017-11-26 03:40:00,9635.915026764036,9627.125166790365,9561.629733263697
9565.301205,2017-11-26 03:50:00,9660.034975591792,9655.974742302136,9562.052037079775
9484.337349,2017-11-26 04:00:00,9385.987971312123,9369.064384282921,9383.02654824915
9628.915663,2017-11-26 04:10:00,9309.940807230236,9296.65491622703,9337.911975760708
9675.180723,2017-11-26 04:20:00,9510.697775235096,9511.662692158672,9385.76566449074
9686.746988,2017-11-26 04:30:00,9569.79127103028,9572.958931101974,9416.473070007074
9634.698795,2017-11-26 04:40:00,9590.943865334079,9597.60300717881,9434.958667605484
9565.301205,2017-11-26 04:50:00,9520.63264891847,9508.885166626653,9386.326613701953
9605.783133,2017-11-26 05:00:00,9419.61006343637,9400.069003769258,9366.48081089752
9686.746988,2017-11-26 05:10:00,9480.587178036636,9474.043481022363,9378.036742370929
9894.939759,2017-11-26 05:20:00,9591.389185269036,9593.303257889645,9432.32812480081
10143.61446,2017-11-26 05:30:00,9846.631299105953,9858.821727197548,9650.030672292522
9958.554217,2017-11-26 05:40:00,10110.835770085047,10122.68794308023,9912.26120106808
9808.192771,2017-11-26 05:50:00,9844.13866847051,9830.695813548435,9769.879964932934
9611.566265,2017-11-26 06:00:00,9613.572406436648,9588.584625802032,9546.54767125917
9484.337349,2017-11-26 06:10:00,9359.250331165043,9326.583420599247,9356.951571396521
9206.746988,2017-11-26 06:20:00,9218.534169456443,9200.150317473319,9297.43510108145
8911.807229,2017-11-26 06:30:00,8921.764487874054,8925.186968926491,8997.240799006659
8217.831325,2017-11-26 06:40:00,8578.001329551102,8573.74887218772,8762.113684269867
7460.240964,2017-11-26 06:50:00,7766.99435403373,7746.566603645397,8322.06844597074
6789.39759,2017-11-26 07:00:00,7059.475921855677,7028.626943302139,8087.357799574727
6656.385542,2017-11-26 07:10:00,6402.775812759341,6389.720088308248,8056.196303247516
6610.120482,2017-11-26 07:20:00,6425.378101757111,6449.423658928967,8018.280707680719
6534.939759,2017-11-26 07:30:00,6536.757345220969,6593.9990491307635,8024.226958718266
6511.807229,2017-11-26 07:40:00,6552.828298792228,6600.337598505206,8035.19333246087
6586.987952,2017-11-26 07:50:00,6575.1237729319655,6592.62572424821,8044.394561206384
6662.168675,2017-11-26 08:00:00,6703.074707040463,6688.060886805628,8095.423863326506
6743.13253,2017-11-26 08:10:00,6806.440500555862,6788.902530889271,8102.6239898624635
6881.927711,2017-11-26 08:20:00,6919.612465872655,6905.1489849732625,8124.710319737735
7061.204819,2017-11-26 08:30:00,7074.72331608598,7058.914391580405,8153.8930206154855
7466.024096,2017-11-26 08:40:00,7253.909888616867,7239.058407972318,8164.434061495401
7645.301205,2017-11-26 08:50:00,7701.125694162007,7701.339147184555,8152.680690281134
7859.277108,2017-11-26 09:00:00,7888.702568686056,7887.444287410823,8195.301690847295
7963.373494,2017-11-26 09:10:00,8089.77491272921,8081.541123619541,8254.58625498811
8136.86747,2017-11-26 09:20:00,8152.480658426113,8132.951360492376,8346.857732273233
8524.337349,2017-11-26 09:30:00,8302.023424068033,8278.220132469858,8391.472502469423
8483.855422,2017-11-26 09:40:00,8728.8207166379,8729.791570383593,8645.825270748654
8506.987952,2017-11-26 09:50:00,8639.512593939522,8629.381923298395,8649.734157561277
8605.301205,2017-11-26 10:00:00,8657.967407190417,8646.160745631547,8660.374065102831
8848.192771,2017-11-26 10:10:00,8736.538765285546,8720.533746037727,8737.75222692362
9015.903614,2017-11-26 10:20:00,9002.119686957609,8994.63668195952,9087.93269701926
9108.433735,2017-11-26 10:30:00,9192.024742530062,9207.386394468484,9170.791040118707
9333.975904,2017-11-26 10:40:00,9269.01232939487,9270.420161614762,9362.551791049158
9432.289157,2017-11-26 10:50:00,9498.067450806251,9494.177346833025,9569.201325606055
9501.686747,2017-11-26 11:00:00,9465.57765205196,9454.78657449075,9711.026071991748
9582.650602,2017-11-26 11:10:00,9511.401600342431,9503.181736804943,9801.7444409503
9854.457831,2017-11-26 11:20:00,9587.613990728907,9580.800299892402,9862.615569124664
9773.493976,2017-11-26 11:30:00,9877.295393813441,9872.821062922281,10045.084176688082
9935.421687,2017-11-26 11:40:00,9771.679824555209,9767.504335956753,9997.348028136941
10143.61446,2017-11-26 11:50:00,9933.885275402368,9933.010374100872,10125.797921559582
10311.3253,2017-11-26 12:00:00,10184.734113870301,10183.386118103266,10310.227761336191
10369.15663,2017-11-26 12:10:00,10352.899357144712,10348.726112641138,10462.48528405798
10386.50602,2017-11-26 12:20:00,10401.250856248102,10404.874243533915,10538.954545062268
10386.50602,2017-11-26 12:30:00,10373.721295651561,10356.878291836438,10552.879810783948
10473.25301,2017-11-26 12:40:00,10348.50623800221,10329.058214574306,10547.050239876993
10583.13253,2017-11-26 12:50:00,10437.754647484982,10427.693941017456,10798.21498415926
10554.21687,2017-11-26 13:00:00,10592.558409266621,10590.474173123574,11302.009657217459
10502.16867,2017-11-26 13:10:00,10549.680661876147,10544.902973482143,11175.826878922835
10467.46988,2017-11-26 13:20:00,10478.851390434764,10467.346033224314,10885.675442116379
10409.63855,2017-11-26 13:30:00,10429.613421044885,10414.217455335302,10783.247277360824
10507.95181,2017-11-26 13:40:00,10352.79199123566,10338.879743481182,10547.85250829058
10473.25301,2017-11-26 13:50:00,10474.716213672506,10473.793921279103,10968.13160942084
10479.03614,2017-11-26 14:00:00,10466.99232491061,10459.68070979854,10791.231167412747
10369.15663,2017-11-26 14:10:00,10474.83766887166,10464.471576132783,10790.78897912501
10484.81928,2017-11-26 14:20:00,10341.342406496442,10324.21741120257,10559.482081968617
10571.56627,2017-11-26 14:30:00,10474.435557372806,10458.479985483416,10803.270735457216
10646.74699,2017-11-26 14:40:00,10582.933870151617,10577.078216736052,11313.391048610136
10594.6988,2017-11-26 14:50:00,10673.586207339546,10666.358768883245,11348.064472543889
10872.28916,2017-11-26 15:00:00,10629.099274798597,10613.162775292363,11345.554589154983
10883.85542,2017-11-26 15:10:00,10934.228475121465,10916.78732731006,11398.144319489747
10756.62651,2017-11-26 15:20:00,10919.184758260857,10899.990124890603,11387.627794019785
10710.36145,2017-11-26 15:30:00,10742.321900808132,10715.734445690437,11313.31333313651
10496.38554,2017-11-26 15:40:00,10681.086048722329,10654.051399418,11319.19418282375
10560.0,2017-11-26 15:50:00,10408.260756548114,10366.480025529294,10809.451791828555
10432.77108,2017-11-26 16:00:00,10527.732619222981,10511.664488939248,11105.846184571317
10386.50602,2017-11-26 16:10:00,10402.119285250486,10391.060593723347,10612.622076659976
10288.19277,2017-11-26 16:20:00,10374.015559413372,10360.645740160871,10605.394928280899
10322.89157,2017-11-26 16:30:00,10295.045263336928,10283.90864369581,10503.361291037854
10716.14458,2017-11-26 16:40:00,10379.632247499827,10363.111122160022,10530.26990759345
11502.6506,2017-11-26 16:50:00,10910.900467811462,10924.874723037774,11247.289533514662
12861.68675,2017-11-26 17:00:00,12054.709555292091,12086.313461772686,11674.2852946787
14718.07229,2017-11-26 17:10:00,13687.990303603765,13756.548160315182,13186.888752882041
15602.89157,2017-11-26 17:20:00,15741.006543993226,15822.95331473851,15757.881078117003
15961.44578,2017-11-26 17:30:00,16477.62621577774,16490.963317270838,16683.787375686592
16314.21687,2017-11-26 17:40:00,16542.859630218692,16474.296122896798,17108.882652065815
16551.3253,2017-11-26 17:50:00,16662.277699047514,16544.437261857638,17370.2671859634
16493.49398,2017-11-26 18:00:00,16737.74336695479,16622.76401093376,17628.115102775944
16360.48193,2017-11-26 18:10:00,16608.32193979205,16561.063030884347,17427.639571114712
16325.78313,2017-11-26 18:20:00,16417.29366673188,16399.755539728496,16983.240519135146
16377.83133,2017-11-26 18:30:00,16349.705293096593,16341.499975908615,16644.560625023387
16568.6747,2017-11-26 18:40:00,16428.730465923963,16444.05146515014,16456.946892435095
16487.71084,2017-11-26 18:50:00,16670.970345733862,16709.5466549631,16632.103028458085
16331.56627,2017-11-26 19:00:00,16565.166575814554,16583.447332550924,16422.0147105048
16331.56627,2017-11-26 19:10:00,16372.100036888616,16360.74139068717,16238.637641431025
16441.44578,2017-11-26 19:20:00,16362.533626963179,16342.272018846845,16221.620485232655
16470.36145,2017-11-26 19:30:00,16494.725919941626,16480.621057928463,16296.845423571069
16458.79518,2017-11-26 19:40:00,16537.93314653526,16537.942043657145,16290.684236674962
16412.53012,2017-11-26 19:50:00,16525.054041517855,16515.83234974394,16301.783740401552
16366.26506,2017-11-26 20:00:00,16441.479178427442,16414.634654897985,16255.780324741954
16412.53012,2017-11-26 20:10:00,16380.753907190827,16351.090617144495,16220.511648884487
16528.19277,2017-11-26 20:20:00,16443.72376527085,16425.297324715524,16255.495086905827
16377.83133,2017-11-26 20:30:00,16585.46394799067,16575.046449632424,16312.257642679664
16221.68675,2017-11-26 20:40:00,16401.889541438104,16382.346232846981,16232.758476696334
16013.49398,2017-11-26 20:50:00,16208.153472565084,16180.704110271243,16116.578137152646
15996.14458,2017-11-26 21:00:00,15829.650067825143,15785.12422659726,15986.768426249359
15984.57831,2017-11-26 21:10:00,15932.572377242856,15908.8062447528,15851.488464462158
15944.09639,2017-11-26 21:20:00,15950.470466105038,15945.781706564232,15868.710518622822
15620.24096,2017-11-26 21:30:00,15924.789543359302,15917.554901019765,15863.713083428507
15591.3253,2017-11-26 21:40:00,15539.406307771225,15515.259739067142,15578.053065552434
15429.39759,2017-11-26 21:50:00,15522.882165354418,15493.659871221806,15589.466123014738
15360.0,2017-11-26 22:00:00,15176.451849812158,15151.722277843379,15226.667421648262
15198.07229,2017-11-26 22:10:00,15126.585188537045,15111.545994628283,15153.014434948722
14764.33735,2017-11-26 22:20:00,14972.816173329093,14962.793548282672,15054.278430374015
14307.46988,2017-11-26 22:30:00,14466.238394959431,14429.201098930851,14526.08849758517
14076.14458,2017-11-26 22:40:00,13965.747888083231,13931.170665922888,14154.986191783344
13844.81928,2017-11-26 22:50:00,13743.888928316166,13717.958895574246,13815.360865643774
13538.31325,2017-11-26 23:00:00,13520.370872361838,13512.956102699396,13658.522048760497
13306.98795,2017-11-26 23:10:00,13237.524212110624,13240.399756989862,13417.484355064273
13035.18072,2017-11-26 23:20:00,13032.714977250584,13027.548856160956,13133.307327847744
12717.10843,2017-11-26 23:30:00,12755.77193206508,12735.556752794633,12860.86424034739
12468.43373,2017-11-26 23:40:00,12429.133849226473,12406.320333621243,12511.085928515033
12254.45783,2017-11-26 23:50:00,12186.677172183594,12166.504995384163,12266.17309915766
11890.12048,2017-11-27 00:00:00,11978.909386842348,11970.226149300537,12115.299817196375
11647.22892,2017-11-27 00:10:00,11602.197701924548,11590.712116130759,11623.158551689869
11433.25301,2017-11-27 00:20:00,11381.059878994114,11373.085232051606,11530.834129552275
11340.72289,2017-11-27 00:30:00,11188.030834858535,11179.583220898163,11300.303590056295
11219.27711,2017-11-27 00:40:00,11139.259570226488,11137.423556875936,11238.684831105798
11022.6506,2017-11-27 00:50:00,11047.652853256415,11050.014086591404,11141.694083613575
10860.72289,2017-11-27 01:00:00,10813.992059321,10803.79973356107,10844.83343673151
10652.53012,2017-11-27 01:10:00,10654.006844093381,10637.971543921602,10744.02351819766
10635.18072,2017-11-27 01:20:00,10439.310422817798,10417.091617493064,10543.620333874114
10658.31325,2017-11-27 01:30:00,10453.349100316178,10442.440919732187,10494.321284393473
10450.12048,2017-11-27 01:40:00,10518.37097796908,10515.832520562286,10512.27098637005
10299.75904,2017-11-27 01:50:00,10291.57912070243,10278.25646543401,10249.172812125285
10207.22892,2017-11-27 02:00:00,10104.120174703598,10088.970273142757,10131.151656900716
10097.3494,2017-11-27 02:10:00,10007.537286443167,9985.062853558924,10066.336912765842
10160.96386,2017-11-27 02:20:00,9905.156873402573,9889.721343197878,9971.067049134379
10004.81928,2017-11-27 02:30:00,10023.71595198237,10026.88774294416,10058.794544507964
9866.024096,2017-11-27 02:40:00,9852.178461160787,9842.95667134798,9831.16830441607
9796.626506,2017-11-27 02:50:00,9704.07347749692,9688.127481353378,9674.466779557966
9825.542169,2017-11-27 03:00:00,9608.19143107477,9594.804631584593,9647.296835062985
9796.626506,2017-11-27 03:10:00,9661.848071117296,9651.130234830467,9667.066626592909
9617.349398,2017-11-27 03:20:00,9656.202596974174,9657.338913773097,9651.77939310341
9547.951807,2017-11-27 03:30:00,9451.485347191894,9439.923187307566,9474.22825477413
9524.819277,2017-11-27 03:40:00,9384.460408080586,9368.798871777464,9459.144500759889
9600.0,2017-11-27 03:50:00,9362.918916397655,9348.24904616505,9456.207256705395
9588.433735,2017-11-27 04:00:00,9448.869935992301,9449.219679318881,9485.962733307204
9432.289157,2017-11-27 04:10:00,9458.887469162153,9463.201662321124,9458.134139898131
9495.903614,2017-11-27 04:20:00,9276.32481532273,9263.48156109751,9291.759103275315
9484.337349,2017-11-27 04:30:00,9357.273696695236,9346.102033229912,9394.09374046285
9628.915663,2017-11-27 04:40:00,9342.281226091125,9330.716777729474,9389.474720701515
9611.566265,2017-11-27 04:50:00,9522.834904009742,9525.324785391473,9429.352684296175
9605.783133,2017-11-27 05:00:00,9488.973518499392,9491.818537569492,9415.486400895865
9600.0,2017-11-27 05:10:00,9468.917026710367,9457.398732449381,9413.393381350825
9692.53012,2017-11-27 05:20:00,9468.355121706783,9460.239648283638,9418.539797662075
10022.16867,2017-11-27 05:30:00,9585.862922984934,9579.920829389841,9518.30532886563
10039.51807,2017-11-27 05:40:00,9960.222969395694,9974.88061377533,9843.59498574212
9825.542169,2017-11-27 05:50:00,9939.39474185105,9942.030544558136,9861.542080050096
9617.349398,2017-11-27 06:00:00,9628.30318985015,9611.649419086398,9634.564789065276
9466.987952,2017-11-27 06:10:00,9353.332630639223,9322.526844015456,9446.712436483385
9351.325301,2017-11-27 06:20:00,9162.800230046087,9132.19670510203,9375.02036836413
9166.26506,2017-11-27 06:30:00,9053.703208466246,9052.90640004369,9175.136625572903
8553.253012,2017-11-27 06:40:00,8836.931345719937,8842.479788142346,9018.59552897223
7940.240964,2017-11-27 06:50:00,8096.76342747146,8077.470893970067,8395.227802955402
7546.987952,2017-11-27 07:00:00,7524.847944772018,7490.619718183581,8134.037974099919
7685.783133,2017-11-27 07:10:00,7156.610686243868,7136.342491107629,7988.451351686222
7627.951807,2017-11-27 07:20:00,7457.020534442543,7479.504775852476,7954.238805618324
7575.903614,2017-11-27 07:30:00,7496.262797178555,7538.1644873784135,7942.529632604969
7385.060241,2017-11-27 07:40:00,7495.5042793872435,7516.276387581975,7922.225928868342
7361.927711,2017-11-27 07:50:00,7288.38908913651,7270.572262378539,7930.838119221367
7714.698795,2017-11-27 08:00:00,7286.396548697603,7250.052396005885,8011.158238350472
7847.710843,2017-11-27 08:10:00,7741.504960744947,7739.69850792059,8021.1633866228485
7836.144578,2017-11-27 08:20:00,7903.730111358278,7903.319581509044,8089.100145913537
8021.204819,2017-11-27 08:30:00,7879.650675673036,7871.169235886326,8099.278132873204
8102.168675,2017-11-27 08:40:00,8078.742752405684,8059.897450982831,8227.709116612987
8229.39759,2017-11-27 08:50:00,8132.4192358776945,8100.5494731122635,8282.76905424867
8431.807229,2017-11-27 09:00:00,8299.279688358636,8289.082726769726,8454.932374184164
8339.277108,2017-11-27 09:10:00,8521.969592838463,8518.95984787059,8621.80791895918
8535.903614,2017-11-27 09:20:00,8380.965165404183,8360.099632955278,8555.42725449624
9073.73494,2017-11-27 09:30:00,8619.430757740289,8612.515289097984,8733.008515360061
9698.313253,2017-11-27 09:40:00,9219.279641902795,9229.720090769575,9111.081435793822
9750.361446,2017-11-27 09:50:00,9896.389924237406,9920.252645835822,9701.48013251027
9923.855422,2017-11-27 10:00:00,9895.276613952397,9900.49742886988,9795.164898481487
8877.108434,2017-11-27 10:10:00,9999.676034672655,9970.070576923252,9949.321219845237
9946.987952,2017-11-27 10:20:00,8671.647217791447,8579.64906049223,9134.926790335192
10311.3253,2017-11-27 10:30:00,9978.383779216365,9966.5336776445,10057.575044571568
10565.78313,2017-11-27 10:40:00,10420.676680060365,10458.410801839218,10528.810734323835
10669.87952,2017-11-27 10:50:00,10687.561504564586,10724.886319852698,11010.935542231467
11219.27711,2017-11-27 11:00:00,10670.145780704372,10708.540662697897,11069.020961246397
11653.01205,2017-11-27 11:10:00,11153.837738375783,11100.645143734126,11312.02512741986
11884.33735,2017-11-27 11:20:00,11623.322467774224,11623.119093042162,11625.123020050587
11913.25301,2017-11-27 11:30:00,11798.021751848704,11791.916396570978,11906.908889853796
11919.03614,2017-11-27 11:40:00,11753.381176613364,11727.708161575578,11961.113351338157
11866.98795,2017-11-27 11:50:00,11680.233578155428,11629.011724913718,11970.489427696479
11953.73494,2017-11-27 12:00:00,11628.68134227768,11589.058339457768,11934.069467574167
12167.71084,2017-11-27 12:10:00,11738.433063725975,11730.45853364806,12034.232858170448
12318.07229,2017-11-27 12:20:00,11997.784602158326,12004.05610169008,12249.404992907299
12237.10843,2017-11-27 12:30:00,12158.301047857087,12163.618131122828,12361.994313546595
12213.9759,2017-11-27 12:40:00,12037.912018018924,12028.899423544226,12301.39962973607
11959.51807,2017-11-27 12:50:00,11987.304879788084,11963.953502384811,12286.718596442783
11953.73494,2017-11-27 13:00:00,11697.848011877322,11656.853105265995,12071.79342096637
12028.91566,2017-11-27 13:10:00,11712.129174110369,11687.25100384991,12043.925269267145
12052.04819,2017-11-27 13:20:00,11833.58863291949,11829.233778816677,12101.276616748048
11907.46988,2017-11-27 13:30:00,11874.53124498481,11870.084219368446,12150.809051456488
11427.46988,2017-11-27 13:40:00,11718.401857522098,11710.92245244738,11977.505159471215
10560.0,2017-11-27 13:50:00,11139.139054787829,11098.799689599815,11547.181052314856
10259.27711,2017-11-27 14:00:00,10170.15720766451,10108.529226921211,11057.480434332872
10160.96386,2017-11-27 14:10:00,9920.632308088216,9889.886567650015,10375.449301053597
10056.86747,2017-11-27 14:20:00,9944.992183279326,9957.253977812037,10291.051368599705
10143.61446,2017-11-27 14:30:00,9958.708418281318,10002.014309917862,10173.33067289733
10091.56627,2017-11-27 14:40:00,10167.63417603437,10216.370890886981,10314.03025625255
10160.96386,2017-11-27 14:50:00,10128.459843255081,10128.079854865064,10201.886510146047
9889.156627,2017-11-27 15:00:00,10262.8216590504,10246.864189751355,10350.949491956811
9946.987952,2017-11-27 15:10:00,9938.102812275622,9905.055225427197,9969.44513046198
10224.57831,2017-11-27 15:20:00,10008.699767194616,9974.505970118233,10032.32032934007
10282.40964,2017-11-27 15:30:00,10349.20917562487,10337.105798931912,10396.902378329087
10195.66265,2017-11-27 15:40:00,10393.919996343291,10379.721186009265,10459.507768396723
10016.38554,2017-11-27 15:50:00,10284.527037148579,10274.348279967879,10404.287689896655
9981.686747,2017-11-27 16:00:00,10049.151271913655,10003.909949974553,10100.275875251873
10207.22892,2017-11-27 16:10:00,10003.13746576926,9958.993861035295,10050.251765750088
10363.37349,2017-11-27 16:20:00,10292.794009836307,10281.946985690174,10383.671878461204
10467.46988,2017-11-27 16:30:00,10489.293442326947,10490.512061112739,10543.47605986538
10820.24096,2017-11-27 16:40:00,10626.902668082957,10625.841351941046,10786.494994659886
11259.75904,2017-11-27 16:50:00,11056.940628528842,11051.968655939094,11145.927835885479
12867.46988,2017-11-27 17:00:00,11751.796495928986,11745.489990892522,11415.87129352236
14833.73494,2017-11-27 17:10:00,13697.730900441808,13757.431247104454,13167.171281593053
15764.81928,2017-11-27 17:20:00,15881.349165753152,15973.881541207644,15874.838979335946
16088.6747,2017-11-27 17:30:00,16669.906026790726,16703.597911657318,16805.73181078575
16181.20482,2017-11-27 17:40:00,16699.311942096032,16646.162535870222,17282.451971079743
16320.0,2017-11-27 17:50:00,16473.378879472948,16330.59206391596,17413.349956929687
16470.36145,2017-11-27 18:00:00,16448.004462443067,16323.612428747878,17430.615028224314
16817.3494,2017-11-27 18:10:00,16583.161309324703,16548.666349053234,17332.11016351992
16707.46988,2017-11-27 18:20:00,16969.497851889635,16988.816953241883,17470.99113160857
16666.98795,2017-11-27 18:30:00,16792.719693294603,16809.563770824916,16935.02944397657
16638.07229,2017-11-27 18:40:00,16719.542373691922,16726.253935828336,16733.355063086274
16782.6506,2017-11-27 18:50:00,16658.77156840638,16660.96484198892,16613.77719474414
16724.81928,2017-11-27 19:00:00,16809.317590108425,16808.43154849115,16490.68712237675
16568.6747,2017-11-27 19:10:00,16753.268136271683,16758.645391125483,16473.109616722566
16522.40964,2017-11-27 19:20:00,16565.393906808473,16549.95990422377,16374.20789974618
16418.31325,2017-11-27 19:30:00,16516.443830387416,16497.317456400127,16350.31427885398
16539.75904,2017-11-27 19:40:00,16397.240665016587,16374.765129733996,16286.688569603572
16447.22892,2017-11-27 19:50:00,16572.106169495823,16572.198302651457,16385.091303378063
16458.79518,2017-11-27 20:00:00,16457.154925284907,16450.806550458994,16303.750123515658
16603.37349,2017-11-27 20:10:00,16480.206158763493,16464.67567732515,16303.224108109165
16823.13253,2017-11-27 20:20:00,16660.36391912516,16650.319893578206,16400.33055497271
16742.16867,2017-11-27 20:30:00,16893.070011020576,16880.081783073678,16467.076431597205
16695.90361,2017-11-27 20:40:00,16770.020441718665,16754.01138672659,16376.922157124984
16308.43373,2017-11-27 20:50:00,16676.490313059257,16642.938921437995,16357.686929640724
16134.93976,2017-11-27 21:00:00,16128.142367912373,16068.705657319717,16118.540312940855
16094.45783,2017-11-27 21:10:00,15982.979297343329,15939.17903137217,15934.245075180586
15961.44578,2017-11-27 21:20:00,15985.822958073497,15972.54407443635,15857.9184903825
15816.86747,2017-11-27 21:30:00,15858.189903732367,15850.147142174763,15739.83955321327
15857.3494,2017-11-27 21:40:00,15736.413865327415,15736.876856723296,15717.353941907339
15695.42169,2017-11-27 21:50:00,15807.825446401434,15795.741927043784,15858.44251969062
15180.72289,2017-11-27 22:00:00,15464.468359966926,15443.509137914894,15595.51866880951
14920.48193,2017-11-27 22:10:00,14868.089568926469,14834.10445359352,14967.540633115828
14428.91566,2017-11-27 22:20:00,14588.058866937738,14552.128770051542,14650.254844991056
14105.06024,2017-11-27 22:30:00,14038.133195429324,13996.18220830159,14242.440406210926
13937.3494,2017-11-27 22:40:00,13745.300865930563,13729.943636183809,13903.277366876899
13544.09639,2017-11-27 22:50:00,13643.046888033632,13651.461510246174,13720.02016261189
13387.95181,2017-11-27 23:00:00,13208.47767671934,13198.673991318281,13398.266947912034
13069.87952,2017-11-27 23:10:00,13105.755501890342,13106.392617474026,13148.903744280055
12763.37349,2017-11-27 23:20:00,12780.071963700071,12761.287683265882,12913.561738594402
12358.55422,2017-11-27 23:30:00,12465.49307330156,12438.92719843414,12606.348497269728
12167.71084,2017-11-27 23:40:00,12051.077984525948,12026.222262319821,12185.207703541972
11907.46988,2017-11-27 23:50:00,11885.89828934316,11857.484352114501,11973.705816848385
11467.95181,2017-11-28 00:00:00,11655.367399846964,11654.829954051822,11750.691440199262
11011.08434,2017-11-28 00:10:00,11195.31547750031,11186.517496378987,11362.329572883515
10918.55422,2017-11-28 00:20:00,10729.043351138498,10717.886660006043,10896.536583722853
10808.6747,2017-11-28 00:30:00,10704.894828912613,10699.659900221144,10818.449399856981
10947.46988,2017-11-28 00:40:00,10656.478225403953,10665.908485927059,10679.660687456038
10901.20482,2017-11-28 00:50:00,10890.546800027703,10916.477753943002,10809.407010290475
10658.31325,2017-11-28 01:00:00,10824.641500016447,10833.742486669136,10749.279930995726
10467.46988,2017-11-28 01:10:00,10525.976990161147,10498.110454945323,10580.136134552311
10282.40964,2017-11-28 01:20:00,10312.308471550772,10279.686146158987,10302.859929351042
10317.10843,2017-11-28 01:30:00,10108.757975610948,10073.598101904565,10091.755536226538
10247.71084,2017-11-28 01:40:00,10190.784060659502,10184.076047323791,10146.602549407004
10201.44578,2017-11-28 01:50:00,10146.149411686381,10149.127574163338,10099.317597653951
10097.3494,2017-11-28 02:00:00,10081.323283879225,10080.5316004645,10060.573400247495
9813.975904,2017-11-28 02:10:00,9966.356606142448,9957.906965876937,9999.717912100406
9819.759036,2017-11-28 02:20:00,9639.762926822637,9614.293444339684,9652.553713705069
9779.277108,2017-11-28 02:30:00,9675.928514191783,9665.964529404144,9686.077091277048
9750.361446,2017-11-28 02:40:00,9650.538033270597,9643.850824285619,9665.591535446894
9640.481928,2017-11-28 02:50:00,9644.541739679571,9644.158998137238,9602.13378161346
9530.60241,2017-11-28 03:00:00,9509.682765624084,9510.547376236907,9484.352183760062
9594.216867,2017-11-28 03:10:00,9385.004267515165,9368.253348233948,9457.06708375169
9640.481928,2017-11-28 03:20:00,9473.251546626489,9466.994611220178,9509.777390665344
9519.036145,2017-11-28 03:30:00,9538.162013761555,9535.009279664686,9480.108255752635
9478.554217,2017-11-28 03:40:00,9404.139323064679,9398.905048866163,9423.295827036258
9461.204819,2017-11-28 03:50:00,9364.404102795943,9354.540121021852,9433.968160455774
9432.289157,2017-11-28 04:00:00,9320.17435045362,9306.392353049094,9373.161273649064
9391.807229,2017-11-28 04:10:00,9292.328592581222,9286.390628747886,9273.521112939417
9397.590361,2017-11-28 04:20:00,9265.909584341927,9267.009146864411,9224.148777552655
9386.024096,2017-11-28 04:30:00,9280.340691871967,9276.703783780387,9230.85237916825
9386.024096,2017-11-28 04:40:00,9278.849081376062,9274.668328995667,9188.359212674548
9449.638554,2017-11-28 04:50:00,9282.197780183773,9279.050937005322,9181.526219569605
9582.650602,2017-11-28 05:00:00,9346.535144824125,9348.075745937418,9286.734476734406
9553.73494,2017-11-28 05:10:00,9498.360510504703,9500.839613640052,9390.393986273233
9704.096386,2017-11-28 05:20:00,9459.073514209784,9456.716148920383,9373.2020416974
9964.337349,2017-11-28 05:30:00,9645.897033967656,9647.341781588037,9455.327758987034
9906.506024,2017-11-28 05:40:00,9923.756596510191,9927.526515259458,9758.332144642609
9773.493976,2017-11-28 05:50:00,9802.388124252993,9793.654828729657,9801.464775655595
9466.987952,2017-11-28 06:00:00,9603.053668269938,9590.05695832087,9606.021464053738
9281.927711,2017-11-28 06:10:00,9210.21237558043,9177.264882459443,9378.048318629988
9183.614458,2017-11-28 06:20:00,8998.422693341663,8973.741708754573,9137.716370195132
8992.771084,2017-11-28 06:30:00,8922.885305844935,8927.985622845303,9028.841959977713
8454.939759,2017-11-28 06:40:00,8702.358291934515,8710.531174370326,8858.725029567291
8067.46988,2017-11-28 06:50:00,8068.780837318731,8063.529226456241,8431.435008802355
7656.86747,2017-11-28 07:00:00,7772.366718801481,7752.275945846097,8236.551107921377
7610.60241,2017-11-28 07:10:00,7375.778531070217,7359.916669254248,8025.085468817537
8079.036145,2017-11-28 07:20:00,7432.348893132701,7445.579069040907,8027.443965518458
7951.807229,2017-11-28 07:30:00,8090.57130256362,8141.066218050657,8139.9913061519665
7674.216867,2017-11-28 07:40:00,7951.545453116187,7969.061262362606,8103.221368494897
7703.13253,2017-11-28 07:50:00,7625.249485131157,7609.633777560799,8024.827210994949
7760.963855,2017-11-28 08:00:00,7680.278350428276,7642.9254382026575,8108.1165615706195
7865.060241,2017-11-28 08:10:00,7749.4458504062695,7711.037742097131,8119.713500568987
8119.518072,2017-11-28 08:20:00,7912.676554564088,7918.061162135116,8210.841156339682
8165.783133,2017-11-28 08:30:00,8230.886787228219,8242.554122855383,8302.631627739784
8426.024096,2017-11-28 08:40:00,8255.448958911024,8244.537326571219,8321.798704375951
8506.987952,2017-11-28 08:50:00,8536.842386101618,8530.095111747596,8546.446130871296
8767.228916,2017-11-28 09:00:00,8616.94478918717,8604.67756666465,8667.233972605736
8981.204819,2017-11-28 09:10:00,8873.995888615678,8861.813401259307,8853.052535544313
9490.120482,2017-11-28 09:20:00,9099.062241753172,9093.241354709498,9113.85818895801
10415.42169,2017-11-28 09:30:00,9672.095727508531,9672.781492059197,9613.015694784239
10496.38554,2017-11-28 09:40:00,10715.336823350244,10748.055794096304,10429.059613703586
10577.3494,2017-11-28 09:50:00,10665.40475469473,10658.570990099799,10579.319154100689
10617.83133,2017-11-28 10:00:00,10672.379785892703,10641.443792022805,10980.832471290685
10681.44578,2017-11-28 10:10:00,10555.179842865335,10492.715570660006,11044.772226416597
10831.80723,2017-11-28 10:20:00,10626.349617592368,10572.491596380642,11206.657793196133
10756.62651,2017-11-28 10:30:00,10840.537746389495,10845.561461101315,11180.81507852428
10675.66265,2017-11-28 10:40:00,10746.627217580753,10745.057877770474,11244.937393229831
9652.048193,2017-11-28 10:50:00,10647.505588742377,10643.320077686796,11269.44957465437
9657.831325,2017-11-28 11:00:00,9350.586141200743,9314.215145891365,9963.067710108118
9733.012048,2017-11-28 11:10:00,9459.134385090952,9455.024747929005,9946.261350442384
9837.108434,2017-11-28 11:20:00,9660.035815121644,9696.981896369474,9929.434871241427
9900.722892,2017-11-28 11:30:00,9862.46301543527,9917.708150133769,10003.465769982831
9987.46988,2017-11-28 11:40:00,10008.883166417536,10081.360489622284,10031.869922040285
10068.43373,2017-11-28 11:50:00,10075.844581999776,10075.690269530161,10162.6542226593
10027.95181,2017-11-28 12:00:00,10185.692031938666,10179.258477423115,10267.160003102497
10189.87952,2017-11-28 12:10:00,10126.96018460723,10115.85963283942,10222.766905010758
10357.59036,2017-11-28 12:20:00,10314.817284112763,10311.68357226767,10424.974250013089
10392.28916,2017-11-28 12:30:00,10486.744045236666,10487.330109783208,10520.597631705565
10548.43373,2017-11-28 12:40:00,10501.563120325747,10500.409111545585,10604.937050607788
10664.09639,2017-11-28 12:50:00,10651.138921245121,10659.229490878612,11034.74695362082
10612.04819,2017-11-28 13:00:00,10776.64876179873,10770.70531872485,11247.062022385373
10716.14458,2017-11-28 13:10:00,10687.04529196381,10676.992759469362,11212.406643689163
10640.96386,2017-11-28 13:20:00,10796.256305865878,10793.876773900305,11262.36511931911
10652.53012,2017-11-28 13:30:00,10674.973263098875,10662.315036464533,11265.24192719807
10560.0,2017-11-28 13:40:00,10663.782026197296,10656.530107655808,11277.6245697195
10594.6988,2017-11-28 13:50:00,10510.55871975675,10503.109278510343,11165.26340825764
10507.95181,2017-11-28 14:00:00,10569.303448886501,10557.141428291417,11290.96846782007
10583.13253,2017-11-28 14:10:00,10470.050646394295,10462.95732573001,10980.286648225687
10617.83133,2017-11-28 14:20:00,10566.96154113097,10560.35156024099,11232.852018631434
10612.04819,2017-11-28 14:30:00,10620.861449684344,10618.55325734137,11264.592811450722
10623.61446,2017-11-28 14:40:00,10604.31231109202,10592.646167076487,11224.358195494495
10658.31325,2017-11-28 14:50:00,10621.80956165435,10612.223975923993,11292.117075823462
10733.49398,2017-11-28 15:00:00,10665.404939254355,10644.33156067322,11267.564713016285
10617.83133,2017-11-28 15:10:00,10754.56074307039,10738.964059752594,11281.793890252162
10542.6506,2017-11-28 15:20:00,10622.357513876328,10603.13124609038,11300.122486472355
10548.43373,2017-11-28 15:30:00,10534.867048478376,10512.485954063864,11190.384317490521
10664.09639,2017-11-28 15:40:00,10539.193351739756,10519.80975537124,11191.475908791512
10600.48193,2017-11-28 15:50:00,10677.916468851265,10667.175299469916,11278.227059916402
10571.56627,2017-11-28 16:00:00,10625.72116514196,10616.17313383324,11257.288291392948
10502.16867,2017-11-28 16:10:00,10602.871615861393,10585.618058462085,11311.869736099923
10502.16867,2017-11-28 16:20:00,10521.56830812735,10496.161109982428,10906.128673074914
10721.92771,2017-11-28 16:30:00,10530.341817449342,10507.048780990715,10903.660755236757
11068.91566,2017-11-28 16:40:00,10833.966899516581,10833.691315331851,11339.386370433154
11745.54217,2017-11-28 16:50:00,11269.988299912962,11280.4284384778,11508.877661277706
13283.85542,2017-11-28 17:00:00,12278.675153936978,12305.359933620352,11942.24494119854
14845.3012,2017-11-28 17:10:00,14129.538855427649,14197.823111360703,13697.1262499415
15915.18072,2017-11-28 17:20:00,15812.191183474984,15881.360017871011,16002.412302929417
16505.06024,2017-11-28 17:30:00,16778.00421324215,16803.29348390252,17022.52602034367
16435.66265,2017-11-28 17:40:00,17120.373767599398,17069.101159334074,17559.38895749723
16586.0241,2017-11-28 17:50:00,16711.07541645433,16579.768882201803,17484.598401148753
16614.93976,2017-11-28 18:00:00,16716.332467768396,16604.48439208144,17627.895442004734
16713.25301,2017-11-28 18:10:00,16694.12005595323,16638.757222067652,17530.620649112992
16828.91566,2017-11-28 18:20:00,16791.970169414308,16789.24390666098,17093.725573943982
16811.56627,2017-11-28 18:30:00,16932.27977888181,16964.869092447272,16725.524613450096
16695.90361,2017-11-28 18:40:00,16881.713472122858,16897.068104119444,16706.55834475579
16800.0,2017-11-28 18:50:00,16738.725417362868,16749.397978643596,16676.184318235362
16973.49398,2017-11-28 19:00:00,16843.735246468015,16844.460147624097,16575.42271375338
17013.9759,2017-11-28 19:10:00,17036.04754110691,17036.79136301147,16762.754170586337
16990.84337,2017-11-28 19:20:00,17074.905930780264,17074.246263094436,16738.73104092988
16828.91566,2017-11-28 19:30:00,17025.96721394838,17013.919339416603,16720.88118337512
16996.62651,2017-11-28 19:40:00,16814.449426026556,16782.107249388733,16489.622057375414
17019.75904,2017-11-28 19:50:00,17008.936885660154,16987.404318597943,16668.126240292142
17083.37349,2017-11-28 20:00:00,17024.35236894138,17011.879331308788,16633.082821913675
17135.42169,2017-11-28 20:10:00,17108.69517095201,17101.44379137367,16717.966662259885
17129.63855,2017-11-28 20:20:00,17176.25936052834,17167.856564180245,16879.051642385628
17158.55422,2017-11-28 20:30:00,17133.417277133,17105.869888132987,16873.122848332725
17158.55422,2017-11-28 20:40:00,17157.598873430048,17138.711268487383,16870.000653625608
17158.55422,2017-11-28 20:50:00,17122.586469057078,17098.640293093493,16729.920203193156
16805.78313,2017-11-28 21:00:00,17086.725253654422,17061.408567403356,16696.453439613495
16661.20482,2017-11-28 21:10:00,16661.861709602792,16626.240459127195,16242.797487036856
16499.27711,2017-11-28 21:20:00,16504.699858558455,16471.461740761435,16265.546106829606
16273.73494,2017-11-28 21:30:00,16334.702374990202,16310.231150033349,16274.240480785269
16308.43373,2017-11-28 21:40:00,16117.76691024056,16100.940978830351,16041.109236199167
15678.07229,2017-11-28 21:50:00,16216.08016282085,16221.738698718029,16071.785608620523
15498.79518,2017-11-28 22:00:00,15309.147192825563,15280.724988054793,15457.857760245823
15215.42169,2017-11-28 22:10:00,15149.276118802802,15128.084458798654,15224.584680473716
15041.92771,2017-11-28 22:20:00,14849.12973393405,14829.040655906903,14982.88613335429
14400.0,2017-11-28 22:30:00,14691.94756726856,14674.696382771439,14731.411682839673
14272.77108,2017-11-28 22:40:00,14012.257533168955,14004.39818390919,14133.530620729836
13948.91566,2017-11-28 22:50:00,13920.416234588401,13895.720024138947,13989.482786731396
13682.89157,2017-11-28 23:00:00,13577.080470354245,13560.641647440501,13725.105935550386
13359.03614,2017-11-28 23:10:00,13330.842199444603,13316.605704402276,13481.701873715403
13064.09639,2017-11-28 23:20:00,13025.860403130227,13021.294095433437,13108.325791533356
12647.71084,2017-11-28 23:30:00,12714.12577120705,12680.816720165245,12909.788595907516
12508.91566,2017-11-28 23:40:00,12292.806388079516,12264.693140161111,12492.705426762088
12404.81928,2017-11-28 23:50:00,12203.138288461556,12183.753986566633,12285.880926239088
12127.22892,2017-11-29 00:00:00,12158.37315083228,12161.988753646205,12146.799647309577
11809.15663,2017-11-29 00:10:00,11867.303610161123,11861.920512289937,11838.18078709991
11375.42169,2017-11-29 00:20:00,11546.397465262606,11533.28999279911,11594.217497175467
10912.77108,2017-11-29 00:30:00,11076.884451532893,11045.013131045842,11181.203758943699
10854.93976,2017-11-29 00:40:00,10612.7465817325,10585.163868576863,10828.391824022523
10612.04819,2017-11-29 00:50:00,10649.651420137807,10652.703397915528,10754.064831216414
10415.42169,2017-11-29 01:00:00,10402.390721228896,10411.690287263706,10459.653967830693
10265.06024,2017-11-29 01:10:00,10241.802511149872,10253.408525368472,10074.211471476436
10108.91566,2017-11-29 01:20:00,10120.21366546403,10122.20534760498,10068.169520147283
9975.903614,2017-11-29 01:30:00,9978.288229666854,9962.720536570101,9998.617407494481
9889.156627,2017-11-29 01:40:00,9868.718439201652,9863.217065500412,9793.714026197198
9790.843373,2017-11-29 01:50:00,9804.860346371785,9795.949767938411,9727.22927941601
9686.746988,2017-11-29 02:00:00,9684.149487008319,9674.843789953911,9658.810761963823
9611.566265,2017-11-29 02:10:00,9576.721346175269,9566.056655298355,9535.898539645563
9559.518072,2017-11-29 02:20:00,9518.754929426817,9508.570661644382,9470.234059894427
9513.253012,2017-11-29 02:30:00,9477.132817916841,9467.795547806087,9447.727086789608
9438.072289,2017-11-29 02:40:00,9441.574912468099,9432.985219777602,9431.72204987362
9391.807229,2017-11-29 02:50:00,9364.601350660378,9354.544304487466,9337.792008970138
9391.807229,2017-11-29 03:00:00,9292.702939653225,9283.432093777785,9240.632582184535
9386.024096,2017-11-29 03:10:00,9311.184094275653,9303.63774433027,9246.314750105666
9316.626506,2017-11-29 03:20:00,9315.148116929768,9308.9714045655,9221.83544436826
9241.445783,2017-11-29 03:30:00,9233.83151158644,9225.272584950711,9167.4158108384
9195.180723,2017-11-29 03:40:00,9149.284657189854,9136.374042753443,9132.695380439225
9212.53012,2017-11-29 03:50:00,9104.989011947398,9092.003652912012,9098.666728653587
9235.662651,2017-11-29 04:00:00,9116.361512506292,9112.04589382689,9088.860840292231
9200.963855,2017-11-29 04:10:00,9151.756243409865,9152.284070575462,9113.82365327529
9189.39759,2017-11-29 04:20:00,9117.682326551798,9114.703459107946,9091.340918122633
9270.361446,2017-11-29 04:30:00,9105.056046348886,9097.938219299664,9072.708887051984
9270.361446,2017-11-29 04:40:00,9203.107166393542,9197.127979321087,9162.842823475028
9490.120482,2017-11-29 04:50:00,9201.952033954363,9196.21781294712,9152.206186746467
9600.0,2017-11-29 05:00:00,9450.055333548033,9456.909144356989,9361.38545633429
9698.313253,2017-11-29 05:10:00,9553.300275486454,9555.059279503526,9397.409917748519
9733.012048,2017-11-29 05:20:00,9646.463292970368,9642.422199876151,9439.920859155089
9929.638554,2017-11-29 05:30:00,9677.889978808907,9671.872983283574,9533.956769737186
10039.51807,2017-11-29 05:40:00,9871.763786348749,9861.564245338428,9770.069487457486
9981.686747,2017-11-29 05:50:00,9962.774244211614,9958.579953718505,9850.631111418166
9796.626506,2017-11-29 06:00:00,9836.910881989717,9826.324354193403,9787.677275157756
9727.228916,2017-11-29 06:10:00,9586.402186802778,9566.579081656386,9590.919549396995
9594.216867,2017-11-29 06:20:00,9492.66180378871,9470.042448260938,9554.263652200803
9357.108434,2017-11-29 06:30:00,9340.45720097255,9329.188647260293,9451.030525198148
8848.192771,2017-11-29 06:40:00,9051.783408769534,9046.642514522335,9200.388908710976
8570.60241,2017-11-29 06:50:00,8456.204430532549,8440.070223990795,8782.46609938778
7917.108434,2017-11-29 07:00:00,8293.152073901816,8273.344801918474,8540.359980158306
7784.096386,2017-11-29 07:10:00,7600.082790037901,7581.096405658704,8204.238402095296
7697.349398,2017-11-29 07:20:00,7590.767270184771,7603.0782917296965,8066.113690108202
7581.686747,2017-11-29 07:30:00,7597.716343277834,7628.858939615144,8018.882144414526
7471.807229,2017-11-29 07:40:00,7522.674971481201,7541.607979988345,8009.969568892501
7338.795181,2017-11-29 07:50:00,7467.286949370469,7488.31889186119,8009.621729760065
7280.963855,2017-11-29 08:00:00,7355.173630289626,7341.500731914026,8097.803833166495
7101.686747,2017-11-29 08:10:00,7326.280984546589,7314.101609823872,8113.969949492744
7200.0,2017-11-29 08:20:00,7156.178071457809,7144.211163838114,8134.363804387897
7327.228916,2017-11-29 08:30:00,7314.249429184963,7312.617594504489,8145.300584815488
7390.843373,2017-11-29 08:40:00,7500.399541656134,7507.743020845646,8186.3232431998185
7587.46988,2017-11-29 08:50:00,7580.816359351607,7584.49661722044,8188.221883513432
7749.39759,2017-11-29 09:00:00,7839.124019129289,7850.492594903664,8251.32138512837
7946.024096,2017-11-29 09:10:00,7995.816041472266,7991.520048427497,8252.76297036091
8050.120482,2017-11-29 09:20:00,8218.8578586601,8218.360139047665,8334.795733907422
8217.831325,2017-11-29 09:30:00,8357.811141901935,8360.230098749205,8441.835943390603
8298.795181,2017-11-29 09:40:00,8523.058137394166,8521.690529564024,8511.026155003621
8356.626506,2017-11-29 09:50:00,8581.0423989244,8580.322573890773,8573.345555782358
8483.855422,2017-11-29 10:00:00,8642.880339869958,8640.657108765328,8649.86699373758
8680.481928,2017-11-29 10:10:00,8748.239788403413,8752.103894155522,8719.836161499208
9050.60241,2017-11-29 10:20:00,8981.623623537407,8991.473718087067,8817.261734061442
9472.771084,2017-11-29 10:30:00,9389.882882404792,9413.545175484716,9143.301322690375
9559.518072,2017-11-29 10:40:00,9827.886516813662,9854.420842022631,9694.059120767208
9808.192771,2017-11-29 10:50:00,9792.091806132878,9792.050122665969,9808.874324917128
9929.638554,2017-11-29 11:00:00,9919.210425354457,9912.484539715539,9937.262276346282
10074.21687,2017-11-29 11:10:00,9995.53374884356,9977.191780916304,10091.215502696456
10276.62651,2017-11-29 11:20:00,10121.983742749146,10110.37969328796,10235.35033115194
10346.0241,2017-11-29 11:30:00,10333.88206035503,10341.298187384007,10383.654323036591
10438.55422,2017-11-29 11:40:00,10366.878839593595,10363.919447757438,10430.805590186052
10346.0241,2017-11-29 11:50:00,10447.706334991688,10450.644452949147,10555.063002886478
10340.24096,2017-11-29 12:00:00,10333.654922841579,10324.447670401565,10385.222324502969
10588.91566,2017-11-29 12:10:00,10326.349284250035,10318.87784389593,10372.556525797987
10675.66265,2017-11-29 12:20:00,10632.96260476102,10644.97309796109,11173.993283328378
10675.66265,2017-11-29 12:30:00,10717.647189086943,10728.806531468434,11304.232442781244
10797.10843,2017-11-29 12:40:00,10709.247082654932,10720.650936255719,11318.036700326506
10785.54217,2017-11-29 12:50:00,10825.190055684032,10825.436453604656,11295.992742460272
10872.28916,2017-11-29 13:00:00,10804.803182750824,10788.5738042308,11317.495111739721
10878.07229,2017-11-29 13:10:00,10908.44417357829,10906.186657856775,11408.355311656205
11074.6988,2017-11-29 13:20:00,10901.749930209367,10899.406693791747,11392.616783064954
11034.21687,2017-11-29 13:30:00,11111.746087384177,11110.840850117533,11423.014636462687
10935.90361,2017-11-29 13:40:00,11032.87387982669,11029.587284129564,11413.836278325247
10906.98795,2017-11-29 13:50:00,10881.431465520278,10866.565542045166,11385.717043240471
10814.45783,2017-11-29 14:00:00,10862.886570045765,10846.570887655682,11359.52815687588
10768.19277,2017-11-29 14:10:00,10752.60650465445,10731.029989332275,11345.601026292408
10739.27711,2017-11-29 14:20:00,10722.06732348214,10717.638705927828,11306.924246157252
10669.87952,2017-11-29 14:30:00,10706.780522345614,10704.959786530691,11307.952981586892
10583.13253,2017-11-29 14:40:00,10637.755832486557,10630.902747796987,11315.31581382735
10814.45783,2017-11-29 14:50:00,10556.5823965073,10551.181669554622,11285.228939175282
10878.07229,2017-11-29 15:00:00,10870.691926070012,10869.629400939277,11405.973485340799
11022.6506,2017-11-29 15:10:00,10935.807840539997,10932.655098023399,11418.591609726891
11271.3253,2017-11-29 15:20:00,11095.347537196645,11091.621018183116,11452.72444920814
11340.72289,2017-11-29 15:30:00,11359.992924956401,11353.524865250201,11521.599104454248
11462.16867,2017-11-29 15:40:00,11390.720693564017,11365.086330356327,11533.540545784022
11560.48193,2017-11-29 15:50:00,11494.125833137145,11474.37202800406,11634.60424101954
11589.39759,2017-11-29 16:00:00,11584.2018385808,11554.368615413165,11636.76197400689
11791.80723,2017-11-29 16:10:00,11583.892399853692,11551.16811909161,11659.833815668318
11797.59036,2017-11-29 16:20:00,11811.078448624434,11793.962177998792,11904.607268482827
11797.59036,2017-11-29 16:30:00,11797.169887092496,11772.951967642595,11929.251734155461
12127.22892,2017-11-29 16:40:00,11800.62424556158,11778.488565144518,11948.97524881229
12890.60241,2017-11-29 16:50:00,12219.400575297695,12213.4703559314,12154.251997422094
14411.56627,2017-11-29 17:00:00,13332.051562553086,13348.84017311183,13044.706777038089
15828.43373,2017-11-29 17:10:00,15162.609490835697,15238.559792981203,15360.292363256733
16823.13253,2017-11-29 17:20:00,16694.820718478455,16769.133272593775,16779.34167803588
17037.10843,2017-11-29 17:30:00,17586.336659286295,17602.601646727177,17906.49617785599
16684.33735,2017-11-29 17:40:00,17483.616452370778,17409.51120578476,17972.245649159766
16933.01205,2017-11-29 17:50:00,16789.77341028923,16644.112774718342,17684.208602914026
17193.25301,2017-11-29 18:00:00,16977.517084454797,16875.878612267974,17957.129849116547
17291.56627,2017-11-29 18:10:00,17269.012741523908,17238.343781089392,17914.124621261068
17366.74699,2017-11-29 18:20:00,17395.767109525867,17423.265904877997,17696.96087149485
17580.72289,2017-11-29 18:30:00,17467.98451230799,17506.140904173793,17428.50861732327
17609.63855,2017-11-29 18:40:00,17649.916568524626,17653.607750797728,17536.56233725591
17540.24096,2017-11-29 18:50:00,17650.862120149934,17651.032369385688,17565.229322551233
17511.3253,2017-11-29 19:00:00,17546.964115278755,17538.12022236234,17299.828498290233
17401.44578,2017-11-29 19:10:00,17495.80262592167,17476.1498090145,17236.94850785108
17054.45783,2017-11-29 19:20:00,17354.854558232968,17324.99115809998,17221.29898602549
17048.6747,2017-11-29 19:30:00,16948.103731745192,16921.967919910803,16722.03092272951
16933.01205,2017-11-29 19:40:00,16995.161235635347,16988.41595065222,16772.85136458454
16701.68675,2017-11-29 19:50:00,16892.69216411633,16887.836630879312,16624.819375913685
16759.51807,2017-11-29 20:00:00,16649.55091786079,16645.342119488432,16558.796272840595
16979.27711,2017-11-29 20:10:00,16776.896948659632,16785.035021247455,16521.843436212177
16927.22892,2017-11-29 20:20:00,17058.765913481482,17059.37983155588,16794.447967366035
16904.09639,2017-11-29 20:30:00,17002.517364422438,17000.971517481703,16740.97641371943
16961.92771,2017-11-29 20:40:00,16972.305139053762,16961.925918237786,16719.984452993896
16990.84337,2017-11-29 20:50:00,17010.56951005083,16981.590318260627,16825.25200176562
16823.13253,2017-11-29 21:00:00,16986.64244002238,16953.760087442504,16725.867350154786
16661.20482,2017-11-29 21:10:00,16785.77578382388,16759.89871311119,16423.637895724863
16533.9759,2017-11-29 21:20:00,16587.115015455627,16555.410793863746,16347.22289390274
16267.95181,2017-11-29 21:30:00,16436.724192030677,16404.592860017776,16283.73982183793
15886.26506,2017-11-29 21:40:00,16155.423372593223,16129.570793163093,16075.114094765893
15209.63855,2017-11-29 21:50:00,15718.064617155096,15696.728934967125,15635.433249543357
14741.20482,2017-11-29 22:00:00,14798.812491435301,14766.60705095942,15011.358928106843
14533.01205,2017-11-29 22:10:00,14325.051447738731,14298.862057892262,14474.369711389816
14290.12048,2017-11-29 22:20:00,14191.376403157728,14193.556110423899,14247.132417724666
13960.48193,2017-11-29 22:30:00,13990.746490249785,14006.486595731732,14089.050828293352
13677.10843,2017-11-29 22:40:00,13706.497570877853,13723.069057265908,13752.113701273967
13231.80723,2017-11-29 22:50:00,13428.169955898304,13417.81311654713,13553.56794612928
12948.43373,2017-11-29 23:00:00,12918.757800324818,12887.3122185598,13079.686797240282
12746.0241,2017-11-29 23:10:00,12652.215391846188,12628.729409423366,12835.206563607158
12497.3494,2017-11-29 23:20:00,12487.486239308131,12473.340466092955,12589.98550949885
12104.09639,2017-11-29 23:30:00,12248.235941558349,12232.2986009249,12331.764357694185
11774.45783,2017-11-29 23:40:00,11854.573889077034,11836.303649535264,11932.847747396176
11600.96386,2017-11-29 23:50:00,11528.557172118755,11500.555889820218,11683.425763435695
11398.55422,2017-11-30 00:00:00,11388.815015725486,11379.937828973454,11564.378330315494
11225.06024,2017-11-30 00:10:00,11205.544598746696,11203.594700515827,11284.86489387135
11103.61446,2017-11-30 00:20:00,11055.070298868923,11057.089550332606,11115.43002419378
10935.90361,2017-11-30 00:30:00,10945.14966673659,10938.181595326028,10975.159202606575
10912.77108,2017-11-30 00:40:00,10791.725798378417,10775.312234614454,10790.76571022131
10710.36145,2017-11-30 00:50:00,10798.945655055591,10788.556192857333,10725.140043889694
10444.33735,2017-11-30 01:00:00,10540.629994370443,10523.19405891223,10549.674801056324
10305.54217,2017-11-30 01:10:00,10247.215999870945,10221.71837366234,10162.180194632921
10137.83133,2017-11-30 01:20:00,10117.184920140913,10095.92411767692,10090.701071418864
10033.73494,2017-11-30 01:30:00,9955.83633652837,9935.339576964157,9997.239459862662
9906.506024,2017-11-30 01:40:00,9885.629189907959,9881.058573155602,9831.516556029865
9831.325301,2017-11-30 01:50:00,9777.31347248434,9771.908540205175,9790.048269870198
9837.108434,2017-11-30 02:00:00,9683.716118167442,9673.719899907579,9652.3137891103
9669.39759,2017-11-30 02:10:00,9715.060048835632,9707.964061003193,9679.962472276848
9571.084337,2017-11-30 02:20:00,9533.370851158485,9516.919913645594,9510.782171378094
9536.385542,2017-11-30 02:30:00,9438.995331527909,9422.03632800539,9463.680567916143
9443.855422,2017-11-30 02:40:00,9416.22181779274,9397.834060859252,9462.124999734928
9432.289157,2017-11-30 02:50:00,9322.307136724696,9304.134497502608,9362.65573235709
9449.638554,2017-11-30 03:00:00,9308.158234811628,9303.865753356222,9315.1086897304
9420.722892,2017-11-30 03:10:00,9345.794709657472,9337.963900085988,9344.080193057122
9414.939759,2017-11-30 03:20:00,9316.810806367186,9305.46309756866,9275.265648946975
9374.457831,2017-11-30 03:30:00,9312.207065155115,9301.290873571068,9281.419558991702
9368.674699,2017-11-30 03:40:00,9261.279924663886,9243.97405338886,9191.941697148246
9362.891566,2017-11-30 03:50:00,9259.007770483378,9242.89355418431,9194.126383015338
9351.325301,2017-11-30 04:00:00,9236.851867872743,9226.37095428484,9192.86811135556
9333.975904,2017-11-30 04:10:00,9224.376203850707,9214.078745446393,9162.415035150472
9380.240964,2017-11-30 04:20:00,9208.324867152423,9199.276488528438,9149.455952652848
9409.156627,2017-11-30 04:30:00,9269.536080139034,9260.92630486523,9180.1196824397
9466.987952,2017-11-30 04:40:00,9301.52074737864,9293.903084822687,9260.349766282192
9466.987952,2017-11-30 04:50:00,9378.535412854038,9372.858842411699,9346.207409063683
9490.120482,2017-11-30 05:00:00,9362.765935085306,9356.46159201278,9345.86676733064
9513.253012,2017-11-30 05:10:00,9383.811234058197,9374.503252490245,9377.978863492195
9600.0,2017-11-30 05:20:00,9409.25889384739,9401.426512185071,9371.67471806735
9802.409639,2017-11-30 05:30:00,9520.372552892974,9517.049346784906,9389.841422300033
9779.277108,2017-11-30 05:40:00,9753.768803835734,9759.715088490098,9556.271363282132
9715.662651,2017-11-30 05:50:00,9693.60682836255,9689.650569046153,9580.894987125213
9501.686747,2017-11-30 06:00:00,9574.01978894616,9562.22665164268,9510.175057114915
9322.409639,2017-11-30 06:10:00,9297.468197293292,9273.100771442143,9393.840317572643
9195.180723,2017-11-30 06:20:00,9083.543538098282,9059.771585246166,9151.62542041566
8963.855422,2017-11-30 06:30:00,8955.832489360264,8951.609188810096,9055.399172312029
8616.86747,2017-11-30 06:40:00,8685.117523682697,8681.84870681529,8769.600271612908
8090.60241,2017-11-30 06:50:00,8304.294694577657,8301.24389944431,8508.684159651892
7419.759036,2017-11-30 07:00:00,7826.335774743498,7806.211524970773,8264.230232209156
7217.349398,2017-11-30 07:10:00,7106.405222922858,7080.759185049459,8012.9721109686725
7119.036145,2017-11-30 07:20:00,7003.1135677525635,7007.314132190841,8012.54743051158
6997.590361,2017-11-30 07:30:00,7008.385533183537,7035.794080830716,8013.914367288912
6951.325301,2017-11-30 07:40:00,6964.136915324383,7000.158616209475,8007.995414343366
6887.710843,2017-11-30 07:50:00,6981.171659755009,7006.774581827853,8021.017023155175
6945.542169,2017-11-30 08:00:00,6941.78444395736,6933.290856371692,8088.857267302232
6997.590361,2017-11-30 08:10:00,7025.6474143963715,7014.383719582151,8108.033445535619
7246.26506,2017-11-30 08:20:00,7110.34874652186,7100.482348985639,8090.161008779814
7327.228916,2017-11-30 08:30:00,7407.618142993893,7401.8893333295255,8126.747102105916
7402.409639,2017-11-30 08:40:00,7486.481460338355,7476.908319061153,8142.831839890501
7581.686747,2017-11-30 08:50:00,7550.332838474527,7533.044724251738,8145.8367345164725
7743.614458,2017-11-30 09:00:00,7760.660495241829,7748.692367960048,8235.336666555168
7888.192771,2017-11-30 09:10:00,7923.227350322673,7909.0595326702805,8236.799239558502
8079.036145,2017-11-30 09:20:00,8079.105058110441,8076.16901939156,8292.320322352107
8188.915663,2017-11-30 09:30:00,8291.140552776866,8290.363619654732,8344.273474301164
8304.578313,2017-11-30 09:40:00,8376.974062346942,8368.840033996888,8397.156960386166
8512.771084,2017-11-30 09:50:00,8476.85330474617,8470.160055629316,8499.912947480821
8790.361446,2017-11-30 10:00:00,8714.6454657909,8711.738956173449,8694.229448508006
8929.156627,2017-11-30 10:10:00,9010.027974728668,9012.362080346544,8927.667583069258
9177.831325,2017-11-30 10:20:00,9148.216849070035,9150.813753586333,9061.476156176917
8986.987952,2017-11-30 10:30:00,9407.987741296118,9409.871471795454,9430.660338376614
8258.313253,2017-11-30 10:40:00,9122.206982796113,9101.172862606,9182.595448256168
8258.313253,2017-11-30 10:50:00,8218.430324048342,8168.612404799251,8708.58821148944
8264.096386,2017-11-30 11:00:00,8173.582157837889,8157.748648580891,8672.56127212465
8321.927711,2017-11-30 11:10:00,8244.403651500332,8254.399951493882,8657.473497364155
8350.843373,2017-11-30 11:20:00,8404.53376666351,8455.515947757038,8704.06681378204
8437.590361,2017-11-30 11:30:00,8495.353323712057,8549.995059806977,8736.552446092981
8373.975904,2017-11-30 11:40:00,8585.90184903665,8591.63910611666,8700.438342962907
8564.819277,2017-11-30 11:50:00,8493.043921567212,8490.058687042561,8675.891595135434
8680.481928,2017-11-30 12:00:00,8739.94176149514,8738.092454603326,8766.163399906307
8692.048193,2017-11-30 12:10:00,8875.242262866634,8876.251516676679,8820.359435034336
8865.542169,2017-11-30 12:20:00,8871.59898959112,8865.714127314905,8878.79818845881
9027.46988,2017-11-30 12:30:00,9059.25860878802,9060.783932887272,9128.190499964237
9154.698795,2017-11-30 12:40:00,9219.283484626365,9216.513479556766,9221.087639734465
9218.313253,2017-11-30 12:50:00,9341.09669811794,9344.124584756797,9393.615916791068
9253.012048,2017-11-30 13:00:00,9417.820804361854,9416.496342044979,9510.80516112704
9172.048193,2017-11-30 13:10:00,9421.217196335567,9408.379259774843,9610.460688199732
9125.783133,2017-11-30 13:20:00,9310.916560350997,9296.367486829186,9499.211217045953
9177.831325,2017-11-30 13:30:00,9250.04387970605,9239.567917309723,9420.424024871834
9091.084337,2017-11-30 13:40:00,9312.373262663677,9312.971850330418,9445.744627340755
9039.036145,2017-11-30 13:50:00,9210.923204450763,9212.04130810129,9387.83831399559
9004.337349,2017-11-30 14:00:00,9184.418988461599,9185.333843207081,9280.442533816054
9027.46988,2017-11-30 14:10:00,9150.959682704655,9148.605866614715,9254.676393906306
9004.337349,2017-11-30 14:20:00,9185.896610299957,9183.32654802761,9247.643776453431
9056.385542,2017-11-30 14:30:00,9167.513627936849,9170.066423895662,9223.333309202006
8645.783133,2017-11-30 14:40:00,9230.38617317217,9230.052376591253,9225.664761674569
8709.39759,2017-11-30 14:50:00,8749.995950942475,8731.67590390948,8987.486941191142
8593.73494,2017-11-30 15:00:00,8881.430519089627,8869.413571129051,9095.405756407989
8605.301205,2017-11-30 15:10:00,8774.26793361191,8768.801030467506,9102.408498698398
8524.337349,2017-11-30 15:20:00,8829.95038037141,8835.415224272023,9193.387079527467
8518.554217,2017-11-30 15:30:00,8774.869061151167,8792.129298240432,9136.235839218192
8385.542169,2017-11-30 15:40:00,8778.699190764672,8772.196429087502,9116.693686770557
8454.939759,2017-11-30 15:50:00,8640.6153785514,8639.211058607767,9139.290253788029
8431.807229,2017-11-30 16:00:00,8756.867482038535,8752.519761763047,9147.83532872383
8478.072289,2017-11-30 16:10:00,8750.716656297804,8750.920617392761,9144.903880450194
8697.831325,2017-11-30 16:20:00,8811.681807106024,8810.905904959072,9109.929502922896
8796.144578,2017-11-30 16:30:00,9077.270014094274,9086.338579814317,9184.118671347278
9039.036145,2017-11-30 16:40:00,9188.411923288912,9190.096024704555,9228.314493760381
9600.0,2017-11-30 16:50:00,9504.101158015059,9516.462746972084,9565.079786747456
11155.66265,2017-11-30 17:00:00,10369.33447778548,10391.904303887979,10380.48105389489
13104.57831,2017-11-30 17:10:00,12218.879104123498,12290.499924717067,11797.12682055544
14908.91566,2017-11-30 17:20:00,14392.513249157704,14504.39593378814,13653.903315219482
15342.6506,2017-11-30 17:30:00,16200.47173922081,16286.7529306407,16105.351770035484
15527.71084,2017-11-30 17:40:00,16237.76843884618,16208.192038768642,16540.97280419042
15706.98795,2017-11-30 17:50:00,16051.265110838181,15918.906159090462,16906.08574106693
15799.51807,2017-11-30 18:00:00,16005.176089199344,15863.932123107483,17094.344821571052
15909.39759,2017-11-30 18:10:00,15999.229978011035,15917.814566906394,17133.51455637981
15961.44578,2017-11-30 18:20:00,16136.702764259857,16149.757816624351,16843.73663526806
16082.89157,2017-11-30 18:30:00,16181.097821245556,16209.708435381239,16507.178500285652
16123.37349,2017-11-30 18:40:00,16296.282375325723,16328.743921984435,16453.812107273865
16071.3253,2017-11-30 18:50:00,16319.248707747962,16351.471747635116,16502.399488216302
16077.10843,2017-11-30 19:00:00,16231.133975155513,16246.136135638217,16259.755234470425
16088.6747,2017-11-30 19:10:00,16224.112241621138,16228.835431227097,16265.316184523008
15967.22892,2017-11-30 19:20:00,16211.460478080708,16203.331593151759,16192.865247787426
15909.39759,2017-11-30 19:30:00,16065.79095119895,16057.85526171741,16116.05111657996
15955.66265,2017-11-30 19:40:00,16006.219008310109,16001.929537822502,16081.493577684567
15944.09639,2017-11-30 19:50:00,16060.521172454872,16056.409804530833,16097.0853807282
16025.06024,2017-11-30 20:00:00,16045.443000837835,16041.98671444321,16097.325543533958
16158.07229,2017-11-30 20:10:00,16165.645954423142,16170.351754741008,16146.689027141749
16129.15663,2017-11-30 20:20:00,16311.348098560451,16311.593397193346,16224.123384329701
16059.75904,2017-11-30 20:30:00,16254.737474568636,16243.264420947915,16199.738943213431
16059.75904,2017-11-30 20:40:00,16163.407692496017,16148.027461738064,16158.071063135278
15996.14458,2017-11-30 20:50:00,16155.646835229227,16137.21713588593,16151.908816955276
15886.26506,2017-11-30 21:00:00,16040.23988484393,16020.728384349113,16036.075397978002
15892.04819,2017-11-30 21:10:00,15912.517931856642,15901.13483432108,15936.302848813955
15741.68675,2017-11-30 21:20:00,15926.896495071032,15919.977091807395,15958.316742307807
15539.27711,2017-11-30 21:30:00,15739.63191415605,15725.517421107354,15825.501416662983
15307.95181,2017-11-30 21:40:00,15502.107364240877,15486.920026541427,15531.268856573584
15065.06024,2017-11-30 21:50:00,15208.866546581987,15188.475226803846,15197.792979891752
14926.26506,2017-11-30 22:00:00,14773.43209039481,14751.876688065682,14817.460168763404
14851.08434,2017-11-30 22:10:00,14654.168413603418,14646.61928433154,14659.147762780485
14573.49398,2017-11-30 22:20:00,14608.451334044967,14607.447792231278,14616.88541816556
14284.33735,2017-11-30 22:30:00,14296.226112673468,14286.195231748283,14327.403496673305
14128.19277,2017-11-30 22:40:00,13985.659108506248,13966.555538430963,14024.518913411186
13885.3012,2017-11-30 22:50:00,13823.332388135768,13799.890927771348,13837.325403743333
13607.71084,2017-11-30 23:00:00,13537.820956280659,13515.492064901766,13695.17872019344
13301.20482,2017-11-30 23:10:00,13262.521763858666,13247.751804558371,13394.334376611296
13081.44578,2017-11-30 23:20:00,12946.750573967503,12925.847502056047,13116.230450195068
12740.24096,2017-11-30 23:30:00,12724.619338602202,12699.944660885823,12913.679786714632
12480.0,2017-11-30 23:40:00,12375.030533963689,12353.629038771665,12412.616321912037
12260.24096,2017-11-30 23:50:00,12136.921903947143,12119.294550769115,12183.03492296305
11887.63505,2017-12-01 00:00:00,11939.901430278189,11936.616909954359,12080.141255995002
11680.19208,2017-12-01 00:10:00,11554.13880409376,11542.004775443427,11542.155681486161
11461.22449,2017-12-01 00:20:00,11378.988595323186,11375.213891862932,11486.97181204932
11236.4946,2017-12-01 00:30:00,11174.692082476322,11166.969784059176,11275.056106299851
11040.57623,2017-12-01 00:40:00,10978.58836551963,10971.770265254754,11057.608875757784
10838.89556,2017-12-01 00:50:00,10804.731054029226,10801.962547721088,10798.028214907225
10614.16567,2017-12-01 01:00:00,10569.120160605446,10556.917192889185,10636.748078605404
10585.35414,2017-12-01 01:10:00,10351.960545251193,10339.950981053295,10411.385574032429
10377.91116,2017-12-01 01:20:00,10366.736440190482,10360.936198080664,10446.523139987808
10251.14046,2017-12-01 01:30:00,10157.851151605313,10147.269618796909,10124.9757338132
10089.79592,2017-12-01 01:40:00,10046.00173786514,10035.372218867124,10130.454877733404
10032.17287,2017-12-01 01:50:00,9889.397885877112,9875.103536658859,9975.848180810795
9939.97599,2017-12-01 02:00:00,9821.652126879668,9807.694841109296,9805.256068001936
9836.254502,2017-12-01 02:10:00,9744.193228181926,9739.181912821794,9780.770086887433
9772.869148,2017-12-01 02:20:00,9644.915894377416,9633.943087119244,9650.380783395849
9657.623049,2017-12-01 02:30:00,9596.52859818736,9586.438550828927,9602.975960086365
9623.04922,2017-12-01 02:40:00,9474.121076554957,9457.65509301921,9498.884056462526
9530.852341,2017-12-01 02:50:00,9458.928226959137,9448.20764731855,9494.619427822428
9478.991597,2017-12-01 03:00:00,9344.03171482007,9335.644592033697,9447.003008926957
9444.417767,2017-12-01 03:10:00,9302.15475804118,9292.75936200779,9399.994295654205
9478.991597,2017-12-01 03:20:00,9280.731428330218,9274.657153680073,9378.471944448578
9415.606242,2017-12-01 03:30:00,9332.467278073349,9325.949698112727,9385.086070949284
9421.368547,2017-12-01 03:40:00,9266.900569201856,9260.056553839993,9312.588262389436
9415.606242,2017-12-01 03:50:00,9281.652388024628,9271.828759183396,9280.861840357235
9455.942377,2017-12-01 04:00:00,9256.116645800008,9246.891887010997,9242.84706206141
9473.229292,2017-12-01 04:10:00,9304.329903620743,9295.1929587676,9318.651249598497
9473.229292,2017-12-01 04:20:00,9329.099800082451,9324.488643380799,9324.280169963784
9525.090036,2017-12-01 04:30:00,9326.262555996884,9317.068053235624,9326.319742116031
9386.794718,2017-12-01 04:40:00,9386.620135648214,9379.035105293086,9354.062912409554
9438.655462,2017-12-01 04:50:00,9218.286132162455,9203.547837522692,9183.134500314922
9461.704682,2017-12-01 05:00:00,9275.01353796802,9269.867574678989,9278.523299755343
9473.229292,2017-12-01 05:10:00,9308.574239843221,9307.14689044076,9319.048543055198
9484.753902,2017-12-01 05:20:00,9327.980287240573,9328.20093042589,9364.169491250097
9778.631453,2017-12-01 05:30:00,9361.5563806055,9369.252478805662,9374.995592003768
9790.156062,2017-12-01 05:40:00,9696.174743799322,9704.641436362417,9529.446888925246
9715.246098,2017-12-01 05:50:00,9679.020452537483,9682.697745556801,9611.699806970715
9496.278511,2017-12-01 06:00:00,9543.769730002601,9538.259697573227,9504.34063340512
9300.360144,2017-12-01 06:10:00,9254.596688070833,9234.455687936479,9369.887186608814
9058.343337,2017-12-01 06:20:00,9010.319266946708,8982.667622440778,9158.99377758351
8706.842737,2017-12-01 06:30:00,8747.10767695512,8740.48260437564,8842.695736737254
8268.907563,2017-12-01 06:40:00,8353.820704274984,8351.974640871726,8483.6365346355
7640.816327,2017-12-01 06:50:00,7872.4914380016635,7871.986244010242,8321.104054320253
6626.65066,2017-12-01 07:00:00,7292.751174130388,7279.196939358015,8011.036526418586
6257.863145,2017-12-01 07:10:00,6189.696297596525,6167.523301545731,8020.62346655982
6200.240096,2017-12-01 07:20:00,5922.682429191453,5932.645896545948,8015.181853164961
6211.764706,2017-12-01 07:30:00,6027.708988700962,6071.51753583475,8002.187066847187
6355.822329,2017-12-01 07:40:00,6192.1239091867155,6258.1963194989075,8013.827574758785
6390.396158,2017-12-01 07:50:00,6461.9009773703365,6526.18352485198,8009.161308640486
6522.929172,2017-12-01 08:00:00,6524.338043498916,6529.737523342301,8087.3996937835855
6638.17527,2017-12-01 08:10:00,6661.389048957577,6645.163440329949,8093.820692429282
6649.69988,2017-12-01 08:20:00,6784.955702833053,6764.437841166395,8124.457214310179
6620.888355,2017-12-01 08:30:00,6772.439907126862,6744.9424283435,8139.320710073297
6678.511405,2017-12-01 08:40:00,6725.192196370863,6701.413057197891,8168.202623561548
6828.331333,2017-12-01 08:50:00,6790.960723750859,6770.866889241912,8168.894868264866
7001.20048,2017-12-01 09:00:00,6991.418499840194,6990.01260814349,8214.202813345159
7202.881152,2017-12-01 09:10:00,7194.346919043588,7206.070361649285,8228.758652936895
7369.987995,2017-12-01 09:20:00,7414.931344959821,7428.11598470898,8243.273908792311
7565.906363,2017-12-01 09:30:00,7574.591530605983,7578.558160186878,8241.63857418219
7692.677071,2017-12-01 09:40:00,7760.933933110435,7758.57935913264,8228.216734507441
7859.783914,2017-12-01 09:50:00,7869.915906914706,7864.071418825963,8279.990090196685
8136.37455,2017-12-01 10:00:00,8061.814303745521,8056.1306875788905,8332.959675430742
8245.858343,2017-12-01 10:10:00,8354.534051794868,8356.447655772941,8415.923137328402
8355.342137,2017-12-01 10:20:00,8450.208701346002,8449.592532467623,8503.80877819254
8476.35054,2017-12-01 10:30:00,8531.813880680771,8530.762303807916,8604.404744870391
8626.170468,2017-12-01 10:40:00,8589.682186636936,8580.677831884068,8636.668648946183
8752.941176,2017-12-01 10:50:00,8728.763086308809,8719.320177361842,8735.506086565663
8781.752701,2017-12-01 11:00:00,8753.026329258637,8755.400688503434,8940.593704883071
8914.285714,2017-12-01 11:10:00,8757.853747155204,8754.757166457604,8981.358900589838
8943.097239,2017-12-01 11:20:00,8892.37068586457,8890.138687184914,9104.831985239536
9023.769508,2017-12-01 11:30:00,8903.019528583553,8897.613751538864,9107.4411750655
9058.343337,2017-12-01 11:40:00,8978.217464773037,8976.284885498293,9172.560077169874
9110.204082,2017-12-01 11:50:00,9010.927147883876,9010.65309921913,9213.046107273329
9127.490996,2017-12-01 12:00:00,9089.29600000101,9082.262701521126,9315.450347789516
9173.589436,2017-12-01 12:10:00,9105.80241613796,9102.773327128978,9329.037618120325
9173.589436,2017-12-01 12:20:00,9158.945341089086,9155.199220142737,9400.292565304024
9127.490996,2017-12-01 12:30:00,9158.9419484849,9156.527259051903,9393.452054485046
9219.687875,2017-12-01 12:40:00,9106.683531849021,9101.529647412219,9346.229702693607
9242.737095,2017-12-01 12:50:00,9219.298618933066,9220.072337523787,9445.278970478808
9352.220888,2017-12-01 13:00:00,9275.505442457354,9273.406254314581,9485.24187301332
9478.991597,2017-12-01 13:10:00,9395.938395171848,9398.257453446287,9530.760803417224
9507.803121,2017-12-01 13:20:00,9532.437435461494,9535.419331558225,9731.101893860172
9381.032413,2017-12-01 13:30:00,9539.234182183378,9531.330494077427,9756.99928689603
9409.843938,2017-12-01 13:40:00,9363.51102240869,9348.4461140715,9582.887013666521
9306.122449,2017-12-01 13:50:00,9385.146157440351,9368.37526667119,9637.484146337225
9213.92557,2017-12-01 14:00:00,9287.380285666422,9268.467277668304,9510.199659361331
9196.638655,2017-12-01 14:10:00,9194.248482982941,9184.47137286309,9454.297216881818
9173.589436,2017-12-01 14:20:00,9195.95113551434,9194.877734032643,9431.04398048688
9213.92557,2017-12-01 14:30:00,9181.360835757998,9176.174700303201,9417.063192075153
9173.589436,2017-12-01 14:40:00,9225.149150162513,9226.91328152529,9506.519684473658
9173.589436,2017-12-01 14:50:00,9194.750527016557,9191.476861601666,9406.472392597263
9069.867947,2017-12-01 15:00:00,9215.938019673593,9202.824493471078,9449.51857286612
9006.482593,2017-12-01 15:10:00,9096.35258116368,9078.49867929917,9259.52896205512
8983.433373,2017-12-01 15:20:00,9030.288790855784,9011.518833336857,9256.849178094964
8879.711885,2017-12-01 15:30:00,9023.451971599745,9013.208813218986,9225.418159276862
8856.662665,2017-12-01 15:40:00,8908.743121621277,8896.309608538972,9195.067389899516
8896.9988,2017-12-01 15:50:00,8910.90860020232,8906.441163348381,9169.840473653521
8879.711885,2017-12-01 16:00:00,8991.450801670897,8983.809070131001,9153.313659643925
8966.146459,2017-12-01 16:10:00,8985.516993605992,8976.478729944789,9164.332484902641
8925.810324,2017-12-01 16:20:00,9104.502323320661,9100.684006547293,9203.675294335975
9110.204082,2017-12-01 16:30:00,9053.59447924674,9039.300826556473,9191.799609010322
9496.278511,2017-12-01 16:40:00,9284.462265138198,9276.584505598152,9400.403357694384
10158.94358,2017-12-01 16:50:00,9768.393422598016,9778.018279669279,9786.494226420305
11858.82353,2017-12-01 17:00:00,10752.852250681535,10777.136709844899,10483.024073783936
13207.20288,2017-12-01 17:10:00,12791.05897564435,12873.691039732861,11944.457389702175
14106.12245,2017-12-01 17:20:00,14259.36075430066,14331.986915079186,13608.922495153594
14348.13926,2017-12-01 17:30:00,15028.3053712868,15049.362334750826,15124.979276195492
14227.13085,2017-12-01 17:40:00,14971.196075973143,14909.903219111844,15719.595632942084
14526.77071,2017-12-01 17:50:00,14548.249768838967,14417.641217935856,15688.528948096806
14670.82833,2017-12-01 18:00:00,14799.937732004606,14725.313675043308,16133.793579234964
14722.68908,2017-12-01 18:10:00,14929.004370891573,14911.467657928759,16057.733231989458
14803.36134,2017-12-01 18:20:00,14983.83236259095,15011.815782006102,15810.854770068825
14930.13205,2017-12-01 18:30:00,15068.215590613312,15105.566595206185,15429.997240676026
14855.22209,2017-12-01 18:40:00,15172.329148717226,15189.893410048939,15604.840815488658
14809.12365,2017-12-01 18:50:00,15059.037640775237,15077.634285416207,15525.590778735037
14872.509,2017-12-01 19:00:00,14988.077563743755,14995.275801033451,15379.802240226525
14884.03361,2017-12-01 19:10:00,15056.285741314432,15057.907698725085,15439.299434542587
14901.32053,2017-12-01 19:20:00,15053.081836866786,15051.24669862845,15398.113453587908
14860.98439,2017-12-01 19:30:00,15077.220642924362,15083.664591233097,15374.113988220357
14901.32053,2017-12-01 19:40:00,15023.903018873069,15023.450489540102,15375.193220911948
14912.84514,2017-12-01 19:50:00,15060.267039844577,15054.655777061998,15376.896257248169
15005.04202,2017-12-01 20:00:00,15064.035861735872,15059.531197054452,15353.169129551901
15131.81273,2017-12-01 20:10:00,15181.950863516246,15182.103194882202,15387.501967909564
15195.19808,2017-12-01 20:20:00,15319.764388646348,15323.119152412744,15470.810570310796
15195.19808,2017-12-01 20:30:00,15367.059579731023,15362.545668548339,15468.895675893356
15149.09964,2017-12-01 20:40:00,15346.499036355111,15337.787840426028,15472.027374297562
15085.71429,2017-12-01 20:50:00,15268.01637828942,15251.058813486532,15414.978080348023
15074.18968,2017-12-01 21:00:00,15152.871537325987,15132.841750591993,15381.749017998178
15056.90276,2017-12-01 21:10:00,15143.300491318794,15131.950522217092,15307.62013610394
15074.18968,2017-12-01 21:20:00,15122.530596181468,15116.755847819164,15273.738235915669
14872.509,2017-12-01 21:30:00,15137.354567389752,15134.333533069299,15252.27459209212
14728.45138,2017-12-01 21:40:00,14880.730327844498,14866.895699446468,15091.581751070926
14601.68067,2017-12-01 21:50:00,14695.205319136727,14674.720064351468,14805.65487477218
14509.48379,2017-12-01 22:00:00,14394.061579496889,14377.956355728018,14451.126736564269
14325.09004,2017-12-01 22:10:00,14309.817146098856,14299.276764408049,14353.262179419089
14140.69628,2017-12-01 22:20:00,14114.292962499805,14110.106256696668,14203.524204171463
14111.88475,2017-12-01 22:30:00,13910.27843853832,13897.265797093136,13999.505692722152
13904.44178,2017-12-01 22:40:00,13903.725146608327,13893.95435007578,14030.913917293516
13581.7527,2017-12-01 22:50:00,13669.224105376872,13654.06098352544,13802.219814024449
13357.02281,2017-12-01 23:00:00,13274.844655786042,13255.173960958818,13433.69885608761
13230.2521,2017-12-01 23:10:00,13038.881711512884,13015.69668926695,13162.196015658863
12896.03842,2017-12-01 23:20:00,12926.646040806378,12904.841400584179,13060.212202132981
12567.58703,2017-12-01 23:30:00,12569.270937385303,12554.33801156947,12679.494437304227
12279.47179,2017-12-01 23:40:00,12230.579457915948,12214.25138709059,12236.840720670514
11922.20888,2017-12-01 23:50:00,11942.880742204805,11919.70136121679,12181.23240772072
11674.42977,2017-12-02 00:00:00,11653.461979473619,11652.170290434977,11764.548126915612
11455.46218,2017-12-02 00:10:00,11441.658890305329,11456.179685267198,11526.904329009738
11305.64226,2017-12-02 00:20:00,11255.35311475162,11269.976759348272,11293.31452699234
10931.09244,2017-12-02 00:30:00,11142.075243255698,11155.745474272664,11190.223587933828
10712.12485,2017-12-02 00:40:00,10756.114974411576,10760.92367550602,10880.355765452883
10631.45258,2017-12-02 00:50:00,10550.007179126778,10548.418026569636,10580.624725410435
10424.0096,2017-12-02 01:00:00,10470.208883489475,10474.330398626726,10494.591894772364
10285.71429,2017-12-02 01:10:00,10278.669081713324,10281.646636486572,10111.829047203322
10153.18127,2017-12-02 01:20:00,10165.262397296403,10176.337943322382,10087.16945008224
10014.88595,2017-12-02 01:30:00,10042.017992525161,10040.557796153273,10060.327760394004
9957.262905,2017-12-02 01:40:00,9906.155287302441,9899.379346599331,9786.578192372392
9859.303721,2017-12-02 01:50:00,9880.42615148775,9882.865107035565,9760.013001647045
9686.434574,2017-12-02 02:00:00,9758.303055351467,9758.161468394046,9631.441759189685
9588.47539,2017-12-02 02:10:00,9573.51912232971,9569.079193860194,9540.28994808571
9513.565426,2017-12-02 02:20:00,9483.517058159214,9479.60081474299,9467.566971020471
9507.803121,2017-12-02 02:30:00,9416.937356064493,9413.862329156975,9438.993588274858
9404.081633,2017-12-02 02:40:00,9439.649711925933,9444.911525502142,9411.380826061388
9340.696279,2017-12-02 02:50:00,9337.171543574255,9340.863731218527,9294.718600988092
9248.4994,2017-12-02 03:00:00,9249.37790508927,9249.720660119201,9165.316923710154
9236.97479,2017-12-02 03:10:00,9154.290744268508,9151.649084504565,9186.664594142805
9236.97479,2017-12-02 03:20:00,9160.925967340323,9160.867727058408,9163.122931948454
9208.163265,2017-12-02 03:30:00,9177.245375803335,9184.869041934282,9138.420726050681
9202.40096,2017-12-02 03:40:00,9154.059684073221,9158.75470624673,9050.81741677911
9173.589436,2017-12-02 03:50:00,9155.949661538232,9160.454288437826,9050.979238802396
9133.253301,2017-12-02 04:00:00,9102.862660474824,9105.132508455397,9050.527576579672
9127.490996,2017-12-02 04:10:00,9059.821669637558,9062.197820175234,9055.031671521656
9092.917167,2017-12-02 04:20:00,9062.240307512337,9067.354443390914,9040.181660326576
9075.630252,2017-12-02 04:30:00,9030.69231951655,9034.264106661609,9030.521352894959
9115.966387,2017-12-02 04:40:00,9012.49288097251,9017.428192100164,9008.499665009076
9150.540216,2017-12-02 04:50:00,9070.332314135601,9077.988883714152,9090.61475307926
9190.876351,2017-12-02 05:00:00,9098.680901218942,9108.393376154481,9064.144450556085
9213.92557,2017-12-02 05:10:00,9145.257247472631,9155.635593068697,9031.200072262696
9231.212485,2017-12-02 05:20:00,9165.90227153784,9172.777640974333,9072.206540966226
9565.42617,2017-12-02 05:30:00,9193.99665794359,9199.581170401168,9130.397962767871
9605.762305,2017-12-02 05:40:00,9579.237084637598,9598.23554936047,9357.842614011628
9496.278511,2017-12-02 05:50:00,9589.589654368254,9601.034099402477,9398.444827543677
9352.220888,2017-12-02 06:00:00,9406.674996789128,9406.66627801535,9332.472006798387
9075.630252,2017-12-02 06:10:00,9201.310730578149,9188.27663644111,9143.555262671478
8931.572629,2017-12-02 06:20:00,8847.02523787033,8820.77658496919,8866.85292548053
8603.121248,2017-12-02 06:30:00,8696.607606174395,8697.876978073058,8766.219414685334
8153.661465,2017-12-02 06:40:00,8326.324887289436,8332.124107458045,8527.775368329822
7485.234094,2017-12-02 06:50:00,7810.462343173862,7811.272190963566,8270.775018980123
6626.65066,2017-12-02 07:00:00,7163.186503387811,7152.1307630356205,8024.224105584755
6182.953181,2017-12-02 07:10:00,6228.285702956546,6206.380936306978,8042.597824834511
6044.657863,2017-12-02 07:20:00,5866.508993785254,5877.41082533724,8027.275480560027
6061.944778,2017-12-02 07:30:00,5880.884495536497,5923.823825883805,8024.324133430802
6108.043217,2017-12-02 07:40:00,6066.201717511856,6132.979183170999,8025.614975655018
6119.567827,2017-12-02 07:50:00,6224.53573129024,6284.2064817944065,8023.196343226482
6275.15006,2017-12-02 08:00:00,6288.111213366212,6304.721116634779,8104.061200723741
6459.543818,2017-12-02 08:10:00,6477.7943196033375,6474.198006122604,8102.624596748585
6569.027611,2017-12-02 08:20:00,6678.491058784648,6668.929919733291,8110.529460313406
6678.511405,2017-12-02 08:30:00,6776.691158155558,6764.749944531719,8121.667169846989
6880.192077,2017-12-02 08:40:00,6875.700600200886,6862.662373665895,8152.00591421427
7035.77431,2017-12-02 08:50:00,7081.298680131067,7069.234687743867,8150.566870960853
7266.266507,2017-12-02 09:00:00,7254.382513225892,7250.39761645514,8196.155119910218
7496.758703,2017-12-02 09:10:00,7500.113238857331,7506.787707696685,8235.134502744431
7704.201681,2017-12-02 09:20:00,7732.836171067098,7740.307109512563,8222.618758796978
7865.546218,2017-12-02 09:30:00,7926.557469621355,7929.490462853897,8227.088844577725
7992.316927,2017-12-02 09:40:00,8067.230470784965,8068.99006618961,8272.661550795718
8199.759904,2017-12-02 09:50:00,8173.19288558436,8169.761260220956,8327.992702990563
8297.719088,2017-12-02 10:00:00,8417.191693431629,8417.713182641744,8389.57078631612
8626.170468,2017-12-02 10:10:00,8495.276796622229,8495.614809538647,8507.98179976985
8810.564226,2017-12-02 10:20:00,8854.114886057656,8865.938005745951,8714.412497219611
8856.662665,2017-12-02 10:30:00,9018.690995600913,9028.509520314381,8987.348384743767
9023.769508,2017-12-02 10:40:00,9005.63075694085,9002.133194704717,9070.648480846627
9029.531813,2017-12-02 10:50:00,9165.704394986104,9164.864499521736,9164.813398084247
9110.204082,2017-12-02 11:00:00,9022.99185019036,9011.160605386329,9204.33709940287
9127.490996,2017-12-02 11:10:00,9107.560729021714,9108.44572570162,9346.652650045578
9179.351741,2017-12-02 11:20:00,9113.45746823613,9117.864111843317,9350.030787597143
9213.92557,2017-12-02 11:30:00,9161.326350165788,9163.10531727395,9455.00895865956
9242.737095,2017-12-02 11:40:00,9196.234551485933,9205.236731506127,9495.232330786479
9288.835534,2017-12-02 11:50:00,9222.913814269326,9227.939318401599,9515.49040228818
9346.458583,2017-12-02 12:00:00,9304.711713887848,9310.897568182763,9536.635341377128
9507.803121,2017-12-02 12:10:00,9364.670518894716,9368.607087016291,9628.50205786957
9513.565426,2017-12-02 12:20:00,9549.749815340127,9559.339541183748,9812.160000166396
9542.376951,2017-12-02 12:30:00,9535.82802818075,9540.633752689871,9820.709285569425
9617.286915,2017-12-02 12:40:00,9558.530554498851,9559.2858078629,9847.618176466636
9582.713085,2017-12-02 12:50:00,9633.34760375246,9634.233628496873,9835.277273045296
9623.04922,2017-12-02 13:00:00,9607.82186418328,9601.708607337241,9871.022853378146
9559.663866,2017-12-02 13:10:00,9657.129627846925,9660.833553982542,9900.913999784976
9611.52461,2017-12-02 13:20:00,9576.114332637608,9575.070064261134,9843.14474341239
9623.04922,2017-12-02 13:30:00,9633.967188861228,9635.693152943886,9859.503864802693
9715.246098,2017-12-02 13:40:00,9651.701691639435,9658.277369420019,9864.144235684387
9651.860744,2017-12-02 13:50:00,9751.182221546273,9757.802665770327,9905.990174387061
9657.623049,2017-12-02 14:00:00,9687.854927808734,9688.411432229495,9880.175063267478
9594.237695,2017-12-02 14:10:00,9676.286829793476,9667.879913941775,9901.510702076797
9692.196879,2017-12-02 14:20:00,9600.299669809796,9590.778817424627,9866.55018809032
9721.008403,2017-12-02 14:30:00,9728.35571688426,9724.679289805343,9886.015150867031
9628.811525,2017-12-02 14:40:00,9760.032045547774,9763.179799699472,9865.240409638547
9571.188475,2017-12-02 14:50:00,9646.55112725437,9640.858835426392,9803.60700301815
9513.565426,2017-12-02 15:00:00,9593.172422893611,9581.5681733837,9815.450899187752
9478.991597,2017-12-02 15:10:00,9525.10458298395,9508.460145672714,9757.334993218956
9519.327731,2017-12-02 15:20:00,9497.365755187915,9489.795904069824,9725.430635461
9444.417767,2017-12-02 15:30:00,9559.597713668038,9561.17675118287,9761.248975797733
9450.180072,2017-12-02 15:40:00,9472.330477711082,9466.785480019862,9708.57902626213
9461.704682,2017-12-02 15:50:00,9491.40930352969,9486.162264832761,9716.793429876323
9438.655462,2017-12-02 16:00:00,9527.470782967841,9516.435826433728,9708.133907415026
9432.893157,2017-12-02 16:10:00,9506.9758559137,9494.23271366176,9689.478063113078
9438.655462,2017-12-02 16:20:00,9510.474706579142,9502.00316219741,9679.00989017954
9928.451381,2017-12-02 16:30:00,9528.93149461626,9516.678483798856,9676.853200612888
10412.48499,2017-12-02 16:40:00,10131.044298026074,10142.716005063237,10040.222301283828
11034.81393,2017-12-02 16:50:00,10709.122527461072,10734.378431005218,10594.805113166469
12740.45618,2017-12-02 17:00:00,11624.582975113848,11653.65868905984,11217.14744139373
14163.7455,2017-12-02 17:10:00,13616.016226062331,13684.327977094425,12608.170252771799
15051.14046,2017-12-02 17:20:00,15116.13884003,15167.816696443548,14736.49233687396
15454.5018,2017-12-02 17:30:00,15866.448451745955,15881.532018195683,15762.81028778287
15523.64946,2017-12-02 17:40:00,15995.45181892177,15939.686623356172,16125.168283182049
15708.04322,2017-12-02 17:50:00,15782.321823875294,15656.967877294699,16466.618482898346
15973.10924,2017-12-02 18:00:00,15865.081043093729,15780.761408210781,16754.28396847847
16140.21609,2017-12-02 18:10:00,16119.86290602235,16096.674485332584,16796.574415132032
16215.12605,2017-12-02 18:20:00,16284.257757644957,16300.891061603228,16572.303111552657
16307.32293,2017-12-02 18:30:00,16342.925662070724,16368.27184883199,16287.158128742163
16347.65906,2017-12-02 18:40:00,16398.02342640645,16410.128429364537,16344.794765776705
16341.89676,2017-12-02 18:50:00,16402.884796719285,16408.593496580677,16370.170594784642
16255.46218,2017-12-02 19:00:00,16374.040367156105,16372.986132556527,16163.811333677399
16313.08523,2017-12-02 19:10:00,16262.964117810136,16254.919457437592,16125.717629547882
16284.27371,2017-12-02 19:20:00,16329.370443638689,16321.060271888573,16136.821091071475
16272.7491,2017-12-02 19:30:00,16294.651275734583,16287.930457479133,16102.240094772751
16336.13445,2017-12-02 19:40:00,16290.284647255861,16287.109095452772,16100.417418816005
16370.70828,2017-12-02 19:50:00,16371.255202733466,16370.739373526785,16129.41585104869
16416.80672,2017-12-02 20:00:00,16395.14167400023,16384.92489126324,16162.235680100448
16509.0036,2017-12-02 20:10:00,16456.19194970774,16450.027963795786,16216.458250884347
16595.43818,2017-12-02 20:20:00,16556.191134578166,16548.35344831296,16304.49942541979
16399.51981,2017-12-02 20:30:00,16637.69730293766,16625.851097099872,16349.402011359276
16445.61825,2017-12-02 20:40:00,16385.40895397485,16363.127907032751,16196.967979235273
16399.51981,2017-12-02 20:50:00,16434.11440802565,16415.055470086794,16242.040037320068
16307.32293,2017-12-02 21:00:00,16352.721976110708,16332.851401560752,16207.473946117954
16353.42137,2017-12-02 21:10:00,16253.073564461793,16238.144365611775,16129.405299643471
16215.12605,2017-12-02 21:20:00,16330.125795057209,16329.744821760223,16164.641955257992
16088.35534,2017-12-02 21:30:00,16150.260465826006,16131.368582217603,16054.926902218649
15978.87155,2017-12-02 21:40:00,16004.869252660874,15988.535009547231,15939.44625062756
15846.33854,2017-12-02 21:50:00,15885.188606301095,15868.319909211605,15872.90888283311
15627.37095,2017-12-02 22:00:00,15584.383306390799,15566.817140576724,15713.237032082794
15512.12485,2017-12-02 22:10:00,15351.449675887165,15340.276745585403,15434.98072516459
15373.82953,2017-12-02 22:20:00,15240.569443606722,15228.925176161396,15266.883740010106
15137.57503,2017-12-02 22:30:00,15110.258911891706,15100.124035682189,15092.368186880438
14832.17287,2017-12-02 22:40:00,14858.769199471739,14846.546153906504,14917.39636397423
14555.58223,2017-12-02 22:50:00,14523.776611865027,14507.85743045759,14463.223678572635
14261.70468,2017-12-02 23:00:00,14198.227505719982,14177.330141429864,14151.24011448818
14071.54862,2017-12-02 23:10:00,13904.850245637785,13888.549860333842,13894.268314598728
13696.9988,2017-12-02 23:20:00,13738.954011696229,13733.218082840867,13761.16308606006
13397.35894,2017-12-02 23:30:00,13345.978348939421,13336.018187435986,13446.585121399961
13149.57983,2017-12-02 23:40:00,13049.452492275292,13036.128945589144,13107.18215696129
12849.93998,2017-12-02 23:50:00,12814.097518694249,12801.364981677245,12942.47510214585
12636.73469,2017-12-03 00:00:00,12480.767063493924,12473.846678951682,12517.57559640727
12486.91477,2017-12-03 00:10:00,12301.452986563625,12304.896070078914,12181.019102223026
12331.33253,2017-12-03 00:20:00,12186.442402488492,12185.623242803258,12195.9370541844
12118.12725,2017-12-03 00:30:00,12041.954507498394,12037.106300106703,12149.936374228844
11657.14286,2017-12-03 00:40:00,11831.648954352895,11823.424442023652,11867.013287991169
11513.08523,2017-12-03 00:50:00,11323.526566409459,11298.241604798844,11469.18928174899
11345.97839,2017-12-03 01:00:00,11170.72376698516,11152.937737106224,11275.9108715591
11173.10924,2017-12-03 01:10:00,11036.560257465911,11027.598935190032,11017.159965241588
11063.62545,2017-12-03 01:20:00,10893.492368382531,10893.060816785655,10827.173854576991
10948.37935,2017-12-03 01:30:00,10823.572047794732,10829.893926336155,10685.502964939908
10913.80552,2017-12-03 01:40:00,10717.915236875226,10705.08518615863,10615.822071074525
10758.22329,2017-12-03 01:50:00,10712.364574012205,10704.03136487563,10630.108839412509
10677.55102,2017-12-03 02:00:00,10513.94556705782,10501.47934797547,10433.578203631132
10579.59184,2017-12-03 02:10:00,10439.707027214668,10423.008027143474,10440.000499890555
10458.58343,2017-12-03 02:20:00,10345.314647292467,10328.184374027682,10422.617652385372
10274.18968,2017-12-03 02:30:00,10225.315472094673,10205.87060355555,10271.974471304977
10193.51741,2017-12-03 02:40:00,10033.787747951035,10019.457570943609,10096.192390813483
10158.94358,2017-12-03 02:50:00,9966.24000283602,9951.399605579336,10030.196317456679
10089.79592,2017-12-03 03:00:00,9926.203097304624,9919.82957419743,10004.302330177226
9905.402161,2017-12-03 03:10:00,9873.859362205269,9870.017297927956,9871.013888784828
9876.590636,2017-12-03 03:20:00,9681.733459584513,9673.116560620092,9629.446127050242
9922.689076,2017-12-03 03:30:00,9668.151102902204,9657.554575475897,9512.553176906951
9847.779112,2017-12-03 03:40:00,9744.936905717215,9740.240603491315,9666.947618957316
9801.680672,2017-12-03 03:50:00,9672.048978891002,9669.441473292856,9544.618441952989
9813.205282,2017-12-03 04:00:00,9611.680261437876,9611.582409866227,9541.17953380652
9738.295318,2017-12-03 04:10:00,9630.5048906762,9621.738405042062,9600.849022887965
9767.106843,2017-12-03 04:20:00,9543.525435155549,9532.428070716382,9543.819903627018
9801.680672,2017-12-03 04:30:00,9593.432594616499,9592.507827737558,9554.892235143183
9761.344538,2017-12-03 04:40:00,9639.361020051088,9636.418348633253,9569.156872416315
9732.533013,2017-12-03 04:50:00,9593.929703628804,9586.603532347272,9539.861996082163
9669.147659,2017-12-03 05:00:00,9552.02842760764,9548.461939710827,9533.45759557937
9761.344538,2017-12-03 05:10:00,9476.64281746163,9467.119766733029,9404.930050558927
9784.393758,2017-12-03 05:20:00,9595.516314893897,9594.142594180592,9494.531307179892
10037.93517,2017-12-03 05:30:00,9651.266648860565,9655.765105468148,9601.330726684924
10112.84514,2017-12-03 05:40:00,9948.627053678116,9960.865447768607,9803.643896753878
10078.27131,2017-12-03 05:50:00,10003.631485454853,10009.389114642538,9866.615652115164
9888.115246,2017-12-03 06:00:00,9907.04649551374,9896.911356847464,9843.59180464016
9640.336134,2017-12-03 06:10:00,9641.686870610974,9619.944624601778,9534.648220128429
9450.180072,2017-12-03 06:20:00,9326.955862930408,9293.108963367153,9379.135127340542
9104.441777,2017-12-03 06:30:00,9111.234762902086,9094.296277162182,9288.888494588185
8637.695078,2017-12-03 06:40:00,8716.667205295134,8706.374261839837,8949.678232855633
7998.079232,2017-12-03 06:50:00,8183.754668288269,8174.727576585581,8526.125850654686
7197.118848,2017-12-03 07:00:00,7574.818894131546,7553.8558229722385,8215.39423896128
6718.847539,2017-12-03 07:10:00,6706.45126979696,6678.524036522367,8086.595762301569
6707.322929,2017-12-03 07:20:00,6295.465142849684,6294.343355565898,8037.684764485511
6718.847539,2017-12-03 07:30:00,6461.2652593778585,6495.743609714824,8038.664343514194
6753.421369,2017-12-03 07:40:00,6624.99276877774,6677.181262441394,8041.444760150743
6736.134454,2017-12-03 07:50:00,6760.067919612991,6803.010867951771,8035.231483136249
6897.478992,2017-12-03 08:00:00,6786.714813210021,6788.600550661544,8095.086084271436
6932.052821,2017-12-03 08:10:00,6981.020500943883,6958.65176575769,8093.471454368895
7018.487395,2017-12-03 08:20:00,7012.157468744932,6987.078603755377,8107.112307930616
7127.971188,2017-12-03 08:30:00,7102.867957168479,7079.453262590148,8121.403519045976
7248.979592,2017-12-03 08:40:00,7224.13876447825,7204.905761093007,8141.15939713417
7421.848739,2017-12-03 08:50:00,7347.338613388927,7327.238205180531,8151.764663841546
7542.857143,2017-12-03 09:00:00,7563.670839376162,7559.143351047398,8187.041735815733
7663.865546,2017-12-03 09:10:00,7685.099033671449,7680.019002778628,8193.604438012546
7761.82473,2017-12-03 09:20:00,7803.911528935931,7796.799492284816,8230.388517781863
7940.456182,2017-12-03 09:30:00,7893.680086139077,7884.673076461226,8240.214232870196
8182.472989,2017-12-03 09:40:00,8077.165091430503,8070.700410649255,8311.76993296194
8332.292917,2017-12-03 09:50:00,8338.567738973243,8340.903514559192,8397.709840274903
8412.965186,2017-12-03 10:00:00,8508.826677842764,8508.739958534787,8542.799668855065
8522.44898,2017-12-03 10:10:00,8577.159556792893,8573.539877073621,8664.278509721182
8637.695078,2017-12-03 10:20:00,8671.434000508596,8663.397324536816,8723.085711037831
8920.048019,2017-12-03 10:30:00,8773.965273531998,8767.58771168921,8780.998506247839
9018.007203,2017-12-03 10:40:00,9090.836504580935,9100.182062646129,9085.119245295724
9058.343337,2017-12-03 10:50:00,9165.941266026546,9173.117478525679,9189.193708186916
9190.876351,2017-12-03 11:00:00,9071.474843043372,9071.509764263172,9271.84344220193
9265.786315,2017-12-03 11:10:00,9192.86775854788,9189.849601365066,9542.221922454442
9363.745498,2017-12-03 11:20:00,9247.647422413022,9239.701138577731,9582.729702460585
9427.130852,2017-12-03 11:30:00,9350.18290513902,9353.498217028136,9632.93084141846
9467.466987,2017-12-03 11:40:00,9404.273635790145,9405.65282656402,9699.746509788505
9588.47539,2017-12-03 11:50:00,9428.642476128889,9423.66525392245,9734.607714914937
9548.139256,2017-12-03 12:00:00,9590.921504128568,9588.765478519217,9855.834659373155
9715.246098,2017-12-03 12:10:00,9530.914511022245,9523.39051108027,9829.69912142218
9784.393758,2017-12-03 12:20:00,9716.973190519548,9717.206220244841,9906.188171435007
9807.442977,2017-12-03 12:30:00,9778.327216157148,9776.327195953443,9949.144939424496
9865.066026,2017-12-03 12:40:00,9791.022828889338,9784.736861942009,9955.244568843904
9842.016807,2017-12-03 12:50:00,9843.194683354377,9840.828782311986,9998.053534062581
10032.17287,2017-12-03 13:00:00,9823.357573645455,9805.608673169912,9984.558303269885
9865.066026,2017-12-03 13:10:00,10049.50322932667,10047.654400879659,10145.427142540764
9813.205282,2017-12-03 13:20:00,9841.957851459383,9832.688985606,10013.389835997023
9818.967587,2017-12-03 13:30:00,9773.830596050266,9762.364344188281,9939.681412713442
9807.442977,2017-12-03 13:40:00,9786.40764059122,9780.618286338982,9960.10447110216
9876.590636,2017-12-03 13:50:00,9767.468906252794,9759.175883732738,9945.815226890383
9842.016807,2017-12-03 14:00:00,9900.942481826332,9910.490499612366,10008.77021187246
9870.828331,2017-12-03 14:10:00,9849.296642929974,9843.104454174252,9976.041528497073
9836.254502,2017-12-03 14:20:00,9887.42064249933,9877.609804293066,10030.479356782442
9772.869148,2017-12-03 14:30:00,9844.539161696779,9832.12814922626,9980.675832614535
9761.344538,2017-12-03 14:40:00,9765.128197511898,9748.38481264039,9940.374656167105
9726.770708,2017-12-03 14:50:00,9762.129890586482,9752.69182943265,9941.721489883861
9749.819928,2017-12-03 15:00:00,9744.853690664546,9729.861262534949,9918.340795753767
9749.819928,2017-12-03 15:10:00,9777.975309112298,9770.55959618053,9940.650052192877
9726.770708,2017-12-03 15:20:00,9785.606549384665,9779.062498860128,9931.608036110716
9686.434574,2017-12-03 15:30:00,9752.423939654975,9741.050698090641,9919.071160996176
9715.246098,2017-12-03 15:40:00,9708.782394290225,9696.267243637956,9874.99929923455
9674.909964,2017-12-03 15:50:00,9747.033904711725,9733.916096000536,9906.497586875133
9605.762305,2017-12-03 16:00:00,9718.848066146591,9702.866373704419,9853.322461794403
9623.04922,2017-12-03 16:10:00,9643.757781824797,9627.063699112554,9813.872138412093
9663.385354,2017-12-03 16:20:00,9672.81006737706,9657.968903059878,9805.200907669167
9755.582233,2017-12-03 16:30:00,9755.001520295762,9743.758869210364,9841.319449243598
10072.509,2017-12-03 16:40:00,9900.903479759567,9899.62976985142,9953.151212645616
10890.7563,2017-12-03 16:50:00,10314.760775103448,10326.654616556978,10202.122490995584
12567.58703,2017-12-03 17:00:00,11504.230785979955,11537.127123037793,11183.01890391687
13915.96639,2017-12-03 17:10:00,13477.350597275792,13557.182629098043,12577.978416662014
14860.98439,2017-12-03 17:20:00,14898.474597609751,14969.747242734189,14451.81662346112
15327.73109,2017-12-03 17:30:00,15712.676250323942,15725.629733392436,15808.297266757183
15489.07563,2017-12-03 17:40:00,15901.842957901888,15832.350591111917,16242.6657537421
15575.5102,2017-12-03 17:50:00,15798.525228295954,15675.32672334817,16557.11361865332
15650.42017,2017-12-03 18:00:00,15760.096281905422,15669.697070175434,16782.067761244954
15696.51861,2017-12-03 18:10:00,15786.27412814294,15743.979630067415,16811.165655932975
15829.05162,2017-12-03 18:20:00,15823.885193556394,15823.82229739802,16464.186821768217
15817.52701,2017-12-03 18:30:00,15977.279673294279,16003.185901224457,16267.100674662097
15857.86315,2017-12-03 18:40:00,15942.340924260008,15968.204783982668,16195.057203334043
15880.91236,2017-12-03 18:50:00,15972.787159901192,15994.00529750611,16244.626340443692
15938.53541,2017-12-03 19:00:00,15977.10842873577,15984.363738362445,16025.77919846685
16048.01921,2017-12-03 19:10:00,16036.228991428285,16034.703731264291,16045.83928119744
16157.503,2017-12-03 19:20:00,16159.932527855632,16161.762096888817,16074.534101076099
16065.30612,2017-12-03 19:30:00,16268.00782328023,16265.088293358769,16144.611984468855
16024.96999,2017-12-03 19:40:00,16140.735672015444,16128.892646609906,16075.313106260188
16059.54382,2017-12-03 19:50:00,16082.36425110211,16065.175609121237,16032.749395972623
16088.35534,2017-12-03 20:00:00,16109.055249663914,16090.884876149385,16046.96194256715
16180.55222,2017-12-03 20:10:00,16153.510419384227,16143.728257846702,16041.287968213555
16122.92917,2017-12-03 20:20:00,16275.91305811361,16279.578661641703,16117.625834270895
15984.63385,2017-12-03 20:30:00,16185.063813462892,16177.015663192382,16089.638847629963
15973.10924,2017-12-03 20:40:00,16013.348700035398,15994.745137330272,16000.250507220815
15829.05162,2017-12-03 20:50:00,16002.214160732832,15986.881471150902,15983.369390433594
15794.47779,2017-12-03 21:00:00,15811.084497734999,15793.376405014204,15878.536240683246
15610.08403,2017-12-03 21:10:00,15800.719105402757,15796.346079411134,15785.808101755116
15321.96879,2017-12-03 21:20:00,15598.321727161427,15590.160327651636,15643.234346995248
15154.86194,2017-12-03 21:30:00,15268.989126774104,15249.810531824245,15243.791838188889
15033.85354,2017-12-03 21:40:00,15109.972091845138,15099.781132928674,14991.23266353608
14809.12365,2017-12-03 21:50:00,15004.61818121725,14996.082165275497,14891.464449505582
14705.40216,2017-12-03 22:00:00,14623.758324732702,14625.584427226717,14669.468082124273
14538.29532,2017-12-03 22:10:00,14548.708855624891,14552.997897288535,14585.065595050326
14382.71309,2017-12-03 22:20:00,14380.561984066435,14374.209758126088,14495.770062954314
14031.21248,2017-12-03 22:30:00,14226.217419298519,14218.366249073744,14289.67136481796
13702.7611,2017-12-03 22:40:00,13833.598043844391,13820.053749809795,13902.304339996013
13333.97359,2017-12-03 22:50:00,13473.66148408167,13452.435646380949,13605.997448347378
12988.23529,2017-12-03 23:00:00,13054.321413495469,13036.094420133908,13248.383983331165
12711.64466,2017-12-03 23:10:00,12717.773450970297,12706.569766135992,12902.698988959408
12394.71789,2017-12-03 23:20:00,12465.49698650642,12468.384574841562,12559.047741243035
12164.22569,2017-12-03 23:30:00,12160.217751386837,12160.316584975903,12230.984711575373
11685.95438,2017-12-03 23:40:00,11960.615788381481,11962.837895931327,11970.571314328594
11490.03601,2017-12-03 23:50:00,11449.955436568864,11438.910043556683,11637.284682058715
11328.69148,2017-12-04 00:00:00,11289.39988477703,11294.773011718158,11450.792150657642
11109.72389,2017-12-04 00:10:00,11173.438087803566,11185.490423159246,11297.770573510346
10942.61705,2017-12-04 00:20:00,10978.072185123567,10987.737937008395,11079.199097835985
10758.22329,2017-12-04 00:30:00,10837.913150855515,10853.05409098277,10889.242599277832
10568.06723,2017-12-04 00:40:00,10637.775618279633,10632.353414946008,10661.384869111096
10470.10804,2017-12-04 00:50:00,10454.266717179293,10449.038462108576,10434.757333221598
10314.52581,2017-12-04 01:00:00,10344.184626546092,10346.428877637969,10365.442298535996
10095.55822,2017-12-04 01:10:00,10192.307386723187,10190.968772163493,10168.718347098613
10055.22209,2017-12-04 01:20:00,9968.152144409118,9964.756840947965,9996.375119290691
10003.36134,2017-12-04 01:30:00,9958.64145550191,9958.913854138314,9880.015652059259
10020.64826,2017-12-04 01:40:00,9930.126354976059,9931.493387673188,9804.448367873933
9934.213685,2017-12-04 01:50:00,9975.073111616184,9982.652289027023,9797.263502879212
9795.918367,2017-12-04 02:00:00,9851.77935909218,9855.160416176059,9747.351315274695
9795.918367,2017-12-04 02:10:00,9687.996685366921,9676.349359314128,9631.87900002523
9657.623049,2017-12-04 02:20:00,9698.622244140213,9691.369390794993,9625.62956094437
9588.47539,2017-12-04 02:30:00,9538.52420930615,9528.46318488952,9593.33948828319
9450.180072,2017-12-04 02:40:00,9478.03867343249,9476.522255910413,9580.197363064426
9404.081633,2017-12-04 02:50:00,9334.13389990748,9331.985398088877,9505.473220244294
9352.220888,2017-12-04 03:00:00,9267.906033253297,9266.969353209368,9374.681764828518
9294.597839,2017-12-04 03:10:00,9226.350802274448,9234.376213151212,9204.714624701903
9260.02401,2017-12-04 03:20:00,9177.328660273117,9181.983910721823,9176.201262610155
9219.687875,2017-12-04 03:30:00,9159.81719110695,9166.424238458925,9175.767486424536
9208.163265,2017-12-04 03:40:00,9119.755293168586,9119.984179354258,9081.376397205186
9190.876351,2017-12-04 03:50:00,9116.362656227946,9118.030927480238,9089.766367221828
9156.302521,2017-12-04 04:00:00,9083.517604430765,9087.95574560722,9071.78743795632
9190.876351,2017-12-04 04:10:00,9045.448965575604,9046.467822707345,9073.02944740021
9236.97479,2017-12-04 04:20:00,9094.973514733327,9098.211057506413,9093.59134752499
9248.4994,2017-12-04 04:30:00,9152.417871425356,9155.75136050192,9149.578119659796
9277.310924,2017-12-04 04:40:00,9162.03150986427,9165.081271138271,9173.17540080809
9311.884754,2017-12-04 04:50:00,9190.101647040052,9191.728092158326,9184.964635168524
9300.360144,2017-12-04 05:00:00,9203.042025710354,9203.116561492743,9152.324103834359
9317.647059,2017-12-04 05:10:00,9186.84506238683,9186.364858311292,9159.50524276946
9323.409364,2017-12-04 05:20:00,9205.91602857794,9207.466233747145,9149.628252568262
9513.565426,2017-12-04 05:30:00,9228.06259231273,9232.007079864703,9214.021660863464
9646.098439,2017-12-04 05:40:00,9452.847748266273,9466.359835934745,9456.657948268965
9628.811525,2017-12-04 05:50:00,9588.8982600507,9604.820480975435,9511.925726846328
9386.794718,2017-12-04 06:00:00,9521.00035523482,9528.3409774563,9436.743379012549
9248.4994,2017-12-04 06:10:00,9191.371914026251,9180.663749837471,9187.701817663003
9144.777911,2017-12-04 06:20:00,9008.835105852826,8990.205856746692,9143.34369618907
8845.138055,2017-12-04 06:30:00,8884.560565013306,8878.80352111751,9054.282551084185
8412.965186,2017-12-04 06:40:00,8533.489290291185,8534.753287961108,8797.295587458439
7877.070828,2017-12-04 06:50:00,8028.2349657407285,8027.89053665939,8454.360783999342
7295.078031,2017-12-04 07:00:00,7526.465402366812,7508.0272642936,8172.583746177374
7047.29892,2017-12-04 07:10:00,6897.481471158304,6880.551660061563,8052.2873216558255
7006.962785,2017-12-04 07:20:00,6738.340702559006,6752.219572787812,8041.4352189188285
6903.241297,2017-12-04 07:30:00,6826.020611830558,6862.602665478575,8030.442813433646
6661.22449,2017-12-04 07:40:00,6809.263541956667,6847.160268396719,8025.319053538124
6701.560624,2017-12-04 07:50:00,6588.955133197074,6606.213994917791,8015.353045274916
6857.142857,2017-12-04 08:00:00,6700.504329866544,6699.67834410302,8085.969982146812
6978.151261,2017-12-04 08:10:00,6913.780634188182,6912.332231653914,8086.331952738983
7127.971188,2017-12-04 08:20:00,7075.243000904105,7081.095295491459,8095.873122869411
7133.733493,2017-12-04 08:30:00,7251.533109556003,7257.267233983424,8107.597640998316
7283.553421,2017-12-04 08:40:00,7225.510018782299,7207.829624742173,8117.4814659746025
7393.037215,2017-12-04 08:50:00,7382.853204049536,7367.356156696154,8127.312782959407
7537.094838,2017-12-04 09:00:00,7514.365519328467,7507.692911207458,8177.281675631853
7761.82473,2017-12-04 09:10:00,7667.167788027855,7666.377951533112,8197.75915286352
7882.833133,2017-12-04 09:20:00,7914.657376937268,7923.289213096257,8169.083703546902
7905.882353,2017-12-04 09:30:00,8019.762891389379,8019.419495707367,8272.099459536304
7975.030012,2017-12-04 09:40:00,8018.045335980323,8013.770884793283,8296.540213657756
8165.186074,2017-12-04 09:50:00,8076.430777435447,8067.821664959893,8343.500358315237
8424.489796,2017-12-04 10:00:00,8302.23642496035,8297.70560371438,8448.721169095588
8574.309724,2017-12-04 10:10:00,8596.22216682575,8606.638496247691,8676.431153828364
8868.187275,2017-12-04 10:20:00,8742.866278678825,8753.175403767491,8739.972699765483
9150.540216,2017-12-04 10:30:00,9053.24907237953,9061.067748252704,9054.299123461891
9306.122449,2017-12-04 10:40:00,9326.737931658834,9327.047431372244,9369.99387849839
9490.516206,2017-12-04 10:50:00,9441.868598072655,9434.523157406917,9534.01906553101
9478.991597,2017-12-04 11:00:00,9509.642935491662,9505.413656849963,9792.010188826123
9588.47539,2017-12-04 11:10:00,9435.25088255755,9414.664265653902,9759.825897942186
9703.721489,2017-12-04 11:20:00,9534.979598683669,9521.205452595608,9867.627538224435
9813.205282,2017-12-04 11:30:00,9649.920570439264,9647.436723761373,9943.764132615072
9957.262905,2017-12-04 11:40:00,9760.630963040876,9762.834684196136,9971.877879362959
9888.115246,2017-12-04 11:50:00,9913.384251522642,9923.873503328974,10090.231105390634
9974.54982,2017-12-04 12:00:00,9826.457806151298,9817.475734458894,10043.418954543664
9974.54982,2017-12-04 12:10:00,9919.86844469633,9913.46551485995,10135.127589872276
9553.901561,2017-12-04 12:20:00,9908.056132726164,9900.242243069999,10146.358004520545
9657.623049,2017-12-04 12:30:00,9399.620253793892,9377.370854834942,9864.487254269898
9674.909964,2017-12-04 12:40:00,9567.313849210957,9568.982720253654,9878.865381943726
9703.721489,2017-12-04 12:50:00,9597.459223089872,9598.938186894446,9885.969373997896
9726.770708,2017-12-04 13:00:00,9702.116119065737,9716.680776366658,9941.747606376304
9738.295318,2017-12-04 13:10:00,9741.920515871792,9761.984846032294,9908.624175456556
9928.451381,2017-12-04 13:20:00,9730.677606495698,9717.44195567298,9955.318935843086
9772.869148,2017-12-04 13:30:00,9954.6939962436,9953.92753472042,10153.832738789206
9859.303721,2017-12-04 13:40:00,9751.953181573714,9738.78076189879,9944.807110598727
9882.352941,2017-12-04 13:50:00,9856.250286906137,9847.935474541879,9985.920935936763
9859.303721,2017-12-04 14:00:00,9904.302861293147,9891.629823693242,10037.093958459182
9997.59904,2017-12-04 14:10:00,9865.604499509709,9848.018850797851,9983.475876592764
10014.88595,2017-12-04 14:20:00,10040.984147346146,10046.2525099914,10134.075271977053
9986.07443,2017-12-04 14:30:00,10031.31786625144,10019.498298420569,10162.452017566877
9922.689076,2017-12-04 14:40:00,9988.44455758352,9977.336138347195,10107.015076473628
10032.17287,2017-12-04 14:50:00,9904.126118806742,9889.401471957237,10100.731331721665
9807.442977,2017-12-04 15:00:00,10051.956790833341,10034.800468043273,10130.433794606866
9882.352941,2017-12-04 15:10:00,9784.541482294073,9767.015545919767,9920.3052347612
9934.213685,2017-12-04 15:20:00,9891.156245458142,9882.037298851772,10030.024437991206
9818.967587,2017-12-04 15:30:00,9951.091715301356,9944.83077812381,10111.056553918015
9824.729892,2017-12-04 15:40:00,9819.461662024834,9804.613653932756,9948.183145335008
9651.860744,2017-12-04 15:50:00,9844.956430705875,9842.954990098911,9975.023761642122
9715.246098,2017-12-04 16:00:00,9645.264336240969,9617.505026008797,9840.365097936901
9686.434574,2017-12-04 16:10:00,9741.426002250388,9726.204412529014,9898.443395619948
9686.434574,2017-12-04 16:20:00,9729.301789275745,9722.275680699426,9852.985293380754
9847.779112,2017-12-04 16:30:00,9750.158539710377,9740.394624380668,9887.147484512265
10349.09964,2017-12-04 16:40:00,9978.364194705697,9981.597558513375,9974.639363035065
11046.33854,2017-12-04 16:50:00,10604.422023276657,10616.542714364004,10611.104518666838
12872.9892,2017-12-04 17:00:00,11642.921696226274,11677.852228741454,11321.743427539983
14400.0,2017-12-04 17:10:00,13781.69720804939,13864.925422549408,13006.054140942251
15333.4934,2017-12-04 17:20:00,15390.760638945329,15462.621931089314,15260.61614745743
15880.91236,2017-12-04 17:30:00,16170.032146055717,16179.115472272124,16336.078983448893
15892.43697,2017-12-04 17:40:00,16455.386389297462,16392.65903982292,16952.451468114345
15915.48619,2017-12-04 17:50:00,16133.503629322646,15993.40161535573,17018.80568725571
15909.72389,2017-12-04 18:00:00,16012.023007467298,15907.716991753201,17146.075127543783
16145.97839,2017-12-04 18:10:00,15955.229225813906,15908.692139406146,16957.248603019125
16163.26531,2017-12-04 18:20:00,16235.449542047669,16243.204940416403,16858.566166224722
16117.16687,2017-12-04 18:30:00,16255.67771066343,16291.510313814118,16370.103987886909
16145.97839,2017-12-04 18:40:00,16183.448649976943,16208.308159619311,16336.672558392522
16169.02761,2017-12-04 18:50:00,16204.220232685473,16221.803421633515,16352.903064845355
16169.02761,2017-12-04 19:00:00,16208.213223690102,16205.050663795497,16188.792713108589
16105.64226,2017-12-04 19:10:00,16222.28549634849,16223.963217138324,16181.247855024834
16019.20768,2017-12-04 19:20:00,16152.041962712105,16146.48082834972,16145.107338260103
15857.86315,2017-12-04 19:30:00,16042.90253838349,16027.39298912834,16064.13857619121
15921.2485,2017-12-04 19:40:00,15859.20920846763,15842.962476891242,15941.162120972262
16024.96999,2017-12-04 19:50:00,15961.007776470315,15957.000675538518,15998.334996666208
16145.97839,2017-12-04 20:00:00,16091.003117062515,16095.316694900526,16047.922280280003
16249.69988,2017-12-04 20:10:00,16245.821550700824,16251.922046850992,16166.062585411635
16238.17527,2017-12-04 20:20:00,16353.80977229574,16355.346575387028,16235.857954028685
16318.84754,2017-12-04 20:30:00,16292.819372627619,16273.084578466765,16163.245695098143
16024.96999,2017-12-04 20:40:00,16366.152433196055,16345.600188781444,16238.230959349554
15955.82233,2017-12-04 20:50:00,15989.718402158247,15956.423160256452,16001.974023808665
15950.06002,2017-12-04 21:00:00,15892.695679403918,15866.269729511272,15914.552803741064
15731.09244,2017-12-04 21:10:00,15901.589366965303,15889.274170442854,15893.036782821535
15661.94478,2017-12-04 21:20:00,15643.79626180661,15629.111855041578,15653.723460742045
15431.45258,2017-12-04 21:30:00,15596.75842221977,15600.243629036106,15585.357306498321
15126.05042,2017-12-04 21:40:00,15334.940703674334,15318.46272637931,15307.817495977872
15033.85354,2017-12-04 21:50:00,14993.662173433639,14972.952748709778,14943.928515638974
14860.98439,2017-12-04 22:00:00,14778.844353602746,14776.697356867877,14784.349385784368
14665.06603,2017-12-04 22:10:00,14610.82675237726,14603.415170823655,14604.91571319881
14463.38535,2017-12-04 22:20:00,14426.779211595604,14427.040085775201,14434.426601200503
14250.18007,2017-12-04 22:30:00,14217.611395257401,14211.831430535334,14262.513126883916
13875.63025,2017-12-04 22:40:00,13984.175032148521,13966.766889378909,14030.74630430434
13599.03962,2017-12-04 22:50:00,13569.750177659655,13550.814642254536,13682.934919422793
13270.58824,2017-12-04 23:00:00,13253.24451954916,13235.741099858891,13423.01823991508
12965.18607,2017-12-04 23:10:00,12920.43721543934,12904.827802252923,13113.937826806061
12579.11164,2017-12-04 23:20:00,12619.183201231639,12607.436229713516,12873.410384899227
12319.80792,2017-12-04 23:30:00,12235.520595058402,12227.836418698731,12371.234176684837
11979.83193,2017-12-04 23:40:00,11988.388036302455,11978.212002477616,12128.819472792744
11732.05282,2017-12-04 23:50:00,11659.972536576344,11650.14967601837,11785.357006210856
11541.89676,2017-12-05 00:00:00,11461.944475407703,11469.779909928873,11568.616602026494
11403.60144,2017-12-05 00:10:00,11310.653708444523,11322.115884108125,11481.665453226446
11259.54382,2017-12-05 00:20:00,11207.481164641702,11214.28505818628,11314.921655662998
11063.62545,2017-12-05 00:30:00,11088.709774605482,11095.894079203274,11130.839547231073
10884.994,2017-12-05 00:40:00,10885.517763804597,10881.328952827562,10888.369705610057
10648.7395,2017-12-05 00:50:00,10711.542938951901,10702.16082795062,10778.919008031213
10510.44418,2017-12-05 01:00:00,10429.009771974605,10417.42788529136,10591.856128223588
10320.28812,2017-12-05 01:10:00,10303.985438643253,10297.958116841299,10416.167470851471
10228.09124,2017-12-05 01:20:00,10128.201103071577,10126.69400493987,10159.13669760601
10084.03361,2017-12-05 01:30:00,10067.148713098153,10069.18107187075,10147.529241245045
10060.98439,2017-12-05 01:40:00,9943.7923927454,9947.235817232646,9973.042636625692
10066.7467,2017-12-05 01:50:00,9948.118279003094,9950.021654179429,9925.23339908426
10112.84514,2017-12-05 02:00:00,9945.641673481885,9952.016793682882,9926.060634757767
9963.02521,2017-12-05 02:10:00,10015.52084224585,10017.642812252054,10000.775382698384
9957.262905,2017-12-05 02:20:00,9834.959853500699,9827.840429252443,9815.734279531338
9899.639856,2017-12-05 02:30:00,9826.912395238203,9813.675890900427,9799.952621866381
9945.738295,2017-12-05 02:40:00,9756.478372882999,9742.529166673063,9742.94298351313
9870.828331,2017-12-05 02:50:00,9821.167793663728,9814.98470251984,9796.475741624388
9853.541417,2017-12-05 03:00:00,9713.242789465807,9714.174589963795,9700.023008963437
9767.106843,2017-12-05 03:10:00,9689.851290276682,9683.070482226623,9656.315317708099
9744.057623,2017-12-05 03:20:00,9592.156229527449,9585.026611540576,9665.33540531303
9703.721489,2017-12-05 03:30:00,9572.327319699274,9564.90914406042,9623.359948755435
9576.95078,2017-12-05 03:40:00,9538.771391597269,9538.066408364866,9558.165650486055
9611.52461,2017-12-05 03:50:00,9397.07511150963,9390.728366945787,9477.836055764526
9536.614646,2017-12-05 04:00:00,9435.155063149305,9437.750636538058,9466.956670828435
9536.614646,2017-12-05 04:10:00,9356.579364277786,9355.06641149586,9452.08797697416
9484.753902,2017-12-05 04:20:00,9375.227169240454,9377.788467476272,9438.19292448966
9565.42617,2017-12-05 04:30:00,9327.410050761498,9330.04673827556,9410.906429782846
9674.909964,2017-12-05 04:40:00,9428.702484447018,9428.076452065674,9452.432533605099
9744.057623,2017-12-05 04:50:00,9563.356204020225,9571.198042996124,9451.639223078222
9738.295318,2017-12-05 05:00:00,9614.77619947971,9619.382151543581,9577.551355841992
9496.278511,2017-12-05 05:10:00,9594.479033555492,9594.521350191308,9570.725013036094
9553.901561,2017-12-05 05:20:00,9287.091967849901,9268.090100633526,9385.842948903286
9663.385354,2017-12-05 05:30:00,9379.060498805578,9371.03571127558,9440.073591515107
9721.008403,2017-12-05 05:40:00,9530.047290404535,9538.372656061983,9448.143898755588
9721.008403,2017-12-05 05:50:00,9604.577403538999,9621.411628526184,9559.840273094565
9571.188475,2017-12-05 06:00:00,9582.509065001625,9600.456140706943,9552.554286240918
9381.032413,2017-12-05 06:10:00,9368.488580937985,9357.86463002474,9466.060671593363
9323.409364,2017-12-05 06:20:00,9132.518034738636,9117.799041330974,9202.636020882093
9081.392557,2017-12-05 06:30:00,9063.848007453536,9058.919970170224,9133.563874808902
8689.555822,2017-12-05 06:40:00,8773.070672137308,8769.288328456892,8904.276082246035
8228.571429,2017-12-05 06:50:00,8311.466683936209,8305.510217689724,8497.806779310366
7663.865546,2017-12-05 07:00:00,7907.646219441629,7890.979568931554,8338.861771013628
7214.405762,2017-12-05 07:10:00,7292.984728686082,7272.109376539502,8013.826236599791
7116.446579,2017-12-05 07:20:00,6879.860367014528,6880.664756772063,7969.506740845655
7081.872749,2017-12-05 07:30:00,6897.603844010031,6925.0883637797,7971.572686700474
6955.102041,2017-12-05 07:40:00,6964.371695022079,7005.40869135749,7938.095831775223
7087.635054,2017-12-05 07:50:00,6898.994276831125,6932.893433124349,7959.909784365355
7156.782713,2017-12-05 08:00:00,7127.742888504068,7149.0228829639,8016.189679464017
7127.971188,2017-12-05 08:10:00,7220.696897086746,7218.719061424366,8016.890289915634
7243.217287,2017-12-05 08:20:00,7191.216959030518,7181.441289839073,8027.696072412134
7416.086435,2017-12-05 08:30:00,7324.636570962606,7317.936848260584,8052.986439019059
7554.381753,2017-12-05 08:40:00,7511.774646219492,7500.047946060764,8099.3054969985715
7663.865546,2017-12-05 08:50:00,7662.053407575155,7660.133863008776,8092.164843138926
7715.726291,2017-12-05 09:00:00,7790.8347385980815,7792.721215300739,8148.806632257213
7836.734694,2017-12-05 09:10:00,7824.176695259315,7816.507401612613,8207.57168612708
8072.989196,2017-12-05 09:20:00,7942.618058947599,7935.57786014412,8270.10510142672
8297.719088,2017-12-05 09:30:00,8197.55209033796,8200.473220744825,8372.103687362072
8482.112845,2017-12-05 09:40:00,8433.911018121282,8443.370713277012,8501.978592586132
8482.112845,2017-12-05 09:50:00,8617.309153010081,8624.959549028441,8640.374431793178
8608.883553,2017-12-05 10:00:00,8603.155178329693,8595.211841566263,8696.334186155847
8678.031212,2017-12-05 10:10:00,8718.909565626022,8707.969544170552,8744.885939219916
8845.138055,2017-12-05 10:20:00,8786.318445382176,8780.09076689719,8783.533994375439
8764.465786,2017-12-05 10:30:00,8984.226664713207,8990.030292665855,9061.801924138128
8908.523409,2017-12-05 10:40:00,8876.836926820162,8881.774448503,9018.851020545915
9035.294118,2017-12-05 10:50:00,9032.303744131783,9033.255077318045,9135.316855383564
9092.917167,2017-12-05 11:00:00,9063.50949932319,9072.648867820033,9233.580875485513
9179.351741,2017-12-05 11:10:00,9113.03233003053,9119.760214853659,9381.686133736719
9104.441777,2017-12-05 11:20:00,9208.884400169634,9222.62570854796,9511.970800444707
9225.45018,2017-12-05 11:30:00,9093.290535946833,9087.239673540073,9384.726441688847
9288.835534,2017-12-05 11:40:00,9235.289384615786,9237.357209513511,9500.844172415385
9352.220888,2017-12-05 11:50:00,9298.627903944172,9306.338752668285,9561.75122421971
9357.983193,2017-12-05 12:00:00,9395.590411566242,9401.848824393122,9576.616029812507
9571.188475,2017-12-05 12:10:00,9395.036889606981,9402.538496345822,9615.224496049954
9934.213685,2017-12-05 12:20:00,9603.261648587679,9604.793769278374,9856.55464213309
9899.639856,2017-12-05 12:30:00,10012.59723183393,10028.74114246992,10131.582497086558
9916.926771,2017-12-05 12:40:00,9925.109817779681,9926.84929678882,10125.105647803046
9813.205282,2017-12-05 12:50:00,9906.630860232393,9897.859939175432,10144.285447513965
9911.164466,2017-12-05 13:00:00,9780.298148470425,9749.568537577994,9974.716695911606
10205.04202,2017-12-05 13:10:00,9884.353455032386,9862.684294833594,10118.128780014978
10285.71429,2017-12-05 13:20:00,10253.934572520277,10269.155171942395,10404.838587871614
10181.9928,2017-12-05 13:30:00,10314.858825496285,10321.983574659425,10505.00647243509
10164.70588,2017-12-05 13:40:00,10168.248160705567,10162.951631981501,10424.911625058126
10205.04202,2017-12-05 13:50:00,10120.114077539074,10097.271299720771,10398.976667329996
10043.69748,2017-12-05 14:00:00,10180.925755694723,10155.736755607022,10406.409662832375
10026.41056,2017-12-05 14:10:00,10007.33030077867,9994.080266636356,10135.251426670504
9997.59904,2017-12-05 14:20:00,10007.308864797124,10002.805677028216,10122.342052611013
10032.17287,2017-12-05 14:30:00,9980.214348485892,9971.726179129357,10110.987624990488
10112.84514,2017-12-05 14:40:00,10030.549601716262,10026.412042759504,10143.938176033655
10095.55822,2017-12-05 14:50:00,10146.654942539331,10153.697830224557,10274.325425212228
9916.926771,2017-12-05 15:00:00,10131.07257324415,10119.815865892964,10305.808828663326
9836.254502,2017-12-05 15:10:00,9916.579284174402,9894.274968124635,10085.324611608867
9813.205282,2017-12-05 15:20:00,9827.070159917705,9801.947228373589,9959.921413807633
9801.680672,2017-12-05 15:30:00,9807.726386987295,9789.419902127138,9980.784958504442
9732.533013,2017-12-05 15:40:00,9819.737278382634,9814.253382168416,9970.62954529461
9617.286915,2017-12-05 15:50:00,9750.65744795946,9747.46959636762,9972.182883796346
9623.04922,2017-12-05 16:00:00,9645.310718738825,9628.193900409706,9813.24726637829
9721.008403,2017-12-05 16:10:00,9666.6475119863,9650.276262523706,9809.980601573598
9859.303721,2017-12-05 16:20:00,9798.856311454056,9789.651039212873,9920.96626798121
9888.115246,2017-12-05 16:30:00,9979.620428756509,9977.820451555588,9977.768879165955
10181.9928,2017-12-05 16:40:00,10035.966260963294,10030.440406755668,10014.529305764521
11017.52701,2017-12-05 16:50:00,10412.423169176653,10410.012780283821,10467.13089802047
12694.35774,2017-12-05 17:00:00,11623.622448181422,11647.902473514627,11247.81906761106
14100.36014,2017-12-05 17:10:00,13602.89009908239,13679.775165829205,12827.173251664464
14976.23049,2017-12-05 17:20:00,15103.142561312074,15182.366513257197,14979.65223645156
15800.2401,2017-12-05 17:30:00,15842.122389502401,15856.420910643785,16061.773702171598
15886.67467,2017-12-05 17:40:00,16455.13678802298,16400.880066018406,16809.481057710767
15961.58463,2017-12-05 17:50:00,16222.50139052904,16103.167503373765,17032.241206256203
15863.62545,2017-12-05 18:00:00,16133.110952386043,16037.618062833812,17175.801362016242
15915.48619,2017-12-05 18:10:00,15942.753613108911,15884.83909786308,16954.843845265088
16163.26531,2017-12-05 18:20:00,15975.4959244963,15950.888770402102,16709.031317979658
16272.7491,2017-12-05 18:30:00,16287.827597237665,16321.635671584056,16449.646468339804
16405.28211,2017-12-05 18:40:00,16399.211367886055,16434.488235969005,16502.264750997158
16232.41297,2017-12-05 18:50:00,16533.6806723839,16566.426422259832,16540.516714882513
16364.94598,2017-12-05 19:00:00,16278.406397523799,16270.525727333556,16260.666209604738
16474.42977,2017-12-05 19:10:00,16412.388954604266,16395.09124670503,16269.615031886697
16313.08523,2017-12-05 19:20:00,16532.32110955715,16524.00748271596,16323.480148804745
16295.79832,2017-12-05 19:30:00,16318.372439941399,16299.109043050761,16162.860599493599
16197.83914,2017-12-05 19:40:00,16311.539662093583,16302.147734438344,16157.630164565291
16318.84754,2017-12-05 19:50:00,16191.876670211617,16165.51502736193,16075.72751075124
16278.5114,2017-12-05 20:00:00,16343.864039722186,16334.07229430302,16202.784071620456
16497.47899,2017-12-05 20:10:00,16318.486945361017,16318.598390829102,16176.623000989635
16313.08523,2017-12-05 20:20:00,16574.145828541947,16571.22870521257,16312.031173084297
16376.47059,2017-12-05 20:30:00,16340.783409052483,16323.682198095463,16205.30679918542
16376.47059,2017-12-05 20:40:00,16387.928907187474,16362.246803684056,16194.450415831901
16387.9952,2017-12-05 20:50:00,16380.46724141737,16361.688912845133,16192.900017741162
16151.7407,2017-12-05 21:00:00,16361.691110229402,16335.799125772994,16163.76354542085
15996.15846,2017-12-05 21:10:00,16078.609208796093,16059.104927906596,15986.465556531008
15886.67467,2017-12-05 21:20:00,15890.27645954458,15857.4257040386,15878.892821377693
15650.42017,2017-12-05 21:30:00,15773.219299032437,15749.073649823278,15800.237452468411
15546.69868,2017-12-05 21:40:00,15509.509060834564,15488.336531298271,15546.619928290522
15321.96879,2017-12-05 21:50:00,15433.196082292285,15426.134359257223,15346.60322174764
15137.57503,2017-12-05 22:00:00,15038.46774722854,15024.904939791151,15091.659595108744
14924.36975,2017-12-05 22:10:00,14853.561282397217,14837.333337097232,14865.946228201952
14941.65666,2017-12-05 22:20:00,14640.880527726731,14628.205858930241,14630.26479481498
14659.30372,2017-12-05 22:30:00,14693.69310138746,14681.963563028618,14612.107835544988
14313.56543,2017-12-05 22:40:00,14375.654050731608,14359.173419225393,14336.588977093515
13990.87635,2017-12-05 22:50:00,13986.990195557033,13957.474051028817,13989.001846299056
13691.23649,2017-12-05 23:00:00,13602.046177369943,13569.309365426101,13722.342133325259
13426.17047,2017-12-05 23:10:00,13288.201154677708,13253.798520946155,13466.889253766185
12993.9976,2017-12-05 23:20:00,13041.399540055845,13028.655197913213,13188.69927750074
12654.02161,2017-12-05 23:30:00,12597.384223142446,12580.74529422067,12824.582540662404
12469.62785,2017-12-05 23:40:00,12258.033991569922,12237.497551593271,12226.234798219697
12204.56182,2017-12-05 23:50:00,12118.051298285553,12103.0500313568,12104.376703819242
11933.73349,2017-12-06 00:00:00,11902.332707286172,11904.683765659172,11905.961571205984
11622.56903,2017-12-06 00:10:00,11658.040221238498,11663.815298317793,11680.855217208486
11541.89676,2017-12-06 00:20:00,11350.006342873556,11340.96304407872,11532.786783301179
11276.83073,2017-12-06 00:30:00,11311.905631773645,11304.467654157375,11424.054495091814
11190.39616,2017-12-06 00:40:00,11051.007935565474,11046.129605633629,11075.125570484739
10833.13325,2017-12-06 00:50:00,11000.989097636657,10999.449024698775,10890.884958378494
10838.89556,2017-12-06 01:00:00,10581.677862760514,10569.408172850839,10615.443101256013
10602.64106,2017-12-06 01:10:00,10628.313004578216,10615.820350114078,10608.92438616736
10550.78031,2017-12-06 01:20:00,10394.514295194067,10387.897401367256,10426.289868627315
10377.91116,2017-12-06 01:30:00,10371.19032912261,10363.77269249051,10455.977439949394
10032.17287,2017-12-06 01:40:00,10213.109358633805,10211.295113836586,10139.839540112815
10032.17287,2017-12-06 01:50:00,9826.916247999965,9801.689514436497,9865.25505578247
10049.45978,2017-12-06 02:00:00,9854.887420794072,9854.215164770565,9861.650823960787
9997.59904,2017-12-06 02:10:00,9907.0203150954,9907.045619507227,9924.093121583617
9755.582233,2017-12-06 02:20:00,9880.981946758857,9888.310090760697,9863.578651688405
9784.393758,2017-12-06 02:30:00,9615.621167871353,9612.666927950151,9640.271445331718
9744.057623,2017-12-06 02:40:00,9663.739824395405,9646.657698178791,9679.531264650459
9715.246098,2017-12-06 02:50:00,9629.804481646192,9619.81949268289,9620.83430520435
9651.860744,2017-12-06 03:00:00,9588.99308586044,9588.85560640555,9590.61755742861
9663.385354,2017-12-06 03:10:00,9529.199680562511,9530.620070062852,9524.002620462788
9709.483794,2017-12-06 03:20:00,9544.494229709722,9532.78923212109,9538.201327647894
9651.860744,2017-12-06 03:30:00,9606.208078414453,9602.037184942617,9585.39149370839
9732.533013,2017-12-06 03:40:00,9533.039672001301,9526.610157221843,9521.878751455368
9617.286915,2017-12-06 03:50:00,9634.378579863063,9630.140070082522,9660.494225911167
9709.483794,2017-12-06 04:00:00,9462.638809303033,9449.807940484729,9467.801929000392
9697.959184,2017-12-06 04:10:00,9576.781552158403,9569.15039347703,9565.068776575652
9807.442977,2017-12-06 04:20:00,9562.652074773723,9559.029867743699,9527.728045441943
9663.385354,2017-12-06 04:30:00,9691.248636027052,9686.338629814662,9654.220762091274
9640.336134,2017-12-06 04:40:00,9523.608340527859,9517.533338163092,9509.216637106398
9738.295318,2017-12-06 04:50:00,9494.149440928457,9477.400013555667,9488.385842491238
9715.246098,2017-12-06 05:00:00,9602.922136894169,9600.534869579402,9583.178354896203
9767.106843,2017-12-06 05:10:00,9559.377845544304,9553.654076401586,9569.588834818325
9692.196879,2017-12-06 05:20:00,9633.974734808684,9639.990919419553,9605.746803467164
9997.59904,2017-12-06 05:30:00,9543.9675706549,9535.96880142194,9507.25579606044
10118.60744,2017-12-06 05:40:00,9904.856492292814,9906.446137987135,9869.662269459734
10084.03361,2017-12-06 05:50:00,10028.752402737475,10034.854213788993,9961.013826882394
9795.918367,2017-12-06 06:00:00,9935.288702763992,9930.459875543358,9917.571413319512
9646.098439,2017-12-06 06:10:00,9557.24867868617,9536.181127467982,9609.887394197278
9600.0,2017-12-06 06:20:00,9363.402788052827,9328.942169774677,9477.619971616212
9386.794718,2017-12-06 06:30:00,9323.952964539152,9316.502834780116,9455.750124276481
8983.433373,2017-12-06 06:40:00,9082.031376296674,9085.53085044375,9198.555558756121
8499.39976,2017-12-06 06:50:00,8617.531028722526,8617.567379568054,8853.077785180121
7836.734694,2017-12-06 07:00:00,8183.371502489714,8161.589911745625,8450.241464736766
7364.22569,2017-12-06 07:10:00,7445.600968206252,7416.348403107246,8165.4808168366835
7352.70108,2017-12-06 07:20:00,7008.962886252419,7004.690447578092,8054.660492670768
7145.258103,2017-12-06 07:30:00,7145.208862915431,7177.189172397264,8027.037771496661
6989.67587,2017-12-06 07:40:00,7009.026827104108,7046.706168402801,8023.013091518938
7174.069628,2017-12-06 07:50:00,6931.051656320149,6965.440500896668,8019.314482159152
7277.791116,2017-12-06 08:00:00,7225.366495973292,7246.587063394727,8052.432871119273
7450.660264,2017-12-06 08:10:00,7356.904248490193,7355.76772486244,8077.047552841125
7335.414166,2017-12-06 08:20:00,7576.023984001682,7583.987854316712,8075.485398831082
7565.906363,2017-12-06 08:30:00,7419.741292438537,7404.403492379621,8088.906810893731
7709.963986,2017-12-06 08:40:00,7670.988472471288,7649.640452562264,8099.795547590215
7629.291717,2017-12-06 08:50:00,7824.34534448484,7814.922682772338,8078.61764231221
7928.931573,2017-12-06 09:00:00,7723.88449285501,7711.928256756288,8128.167609510163
8021.128451,2017-12-06 09:10:00,8079.288798499714,8089.975083252715,8263.684183407175
8384.153661,2017-12-06 09:20:00,8152.778300504036,8145.548841930677,8344.757886620842
8620.408163,2017-12-06 09:30:00,8563.66847373568,8576.319973518883,8553.47149439027
8591.596639,2017-12-06 09:40:00,8803.959718871627,8820.589341166065,8709.727357873093
8637.695078,2017-12-06 09:50:00,8693.507396806683,8677.751208150217,8696.76499672707
8879.711885,2017-12-06 10:00:00,8745.124118728336,8733.022995175543,8769.318644396022
9208.163265,2017-12-06 10:10:00,8994.178917513995,8980.622814355238,9110.495999404817
9173.589436,2017-12-06 10:20:00,9370.25608309012,9382.221436085925,9526.749032608193
9167.827131,2017-12-06 10:30:00,9292.043323063717,9301.55765601098,9517.096556834264
9144.777911,2017-12-06 10:40:00,9250.692167709261,9242.53888731123,9516.78697972918
9357.983193,2017-12-06 10:50:00,9196.183858886703,9177.034323205382,9487.186299745355
9565.42617,2017-12-06 11:00:00,9337.77435042218,9333.2775390848,9617.780614798994
9225.45018,2017-12-06 11:10:00,9587.417150052042,9608.989377623799,9861.855615009677
9283.073229,2017-12-06 11:20:00,9151.82627772867,9145.588470098088,9548.091015984513
9265.786315,2017-12-06 11:30:00,9224.84335696423,9217.793273628777,9581.82774804145
9461.704682,2017-12-06 11:40:00,9200.145288674,9187.857784635657,9593.497782572258
9432.893157,2017-12-06 11:50:00,9447.645966375163,9459.122311554966,9760.443903273706
9450.180072,2017-12-06 12:00:00,9461.078954662746,9484.496682221274,9721.53521723519
9663.385354,2017-12-06 12:10:00,9469.140558215611,9464.422628289285,9721.124211507462
9824.729892,2017-12-06 12:20:00,9719.724216908795,9724.193321975492,9883.30741874574
9991.836735,2017-12-06 12:30:00,9878.76746146273,9878.218976405951,9952.271332334327
9859.303721,2017-12-06 12:40:00,10054.303149382802,10064.180842756708,10146.269900194853
10026.41056,2017-12-06 12:50:00,9848.630940814373,9835.084183144609,10033.303205907667
10072.509,2017-12-06 13:00:00,10054.045789018133,10033.680481277675,10178.354136050573
10297.2389,2017-12-06 13:10:00,10104.920267739071,10094.411708279487,10185.271144022983
10262.66507,2017-12-06 13:20:00,10364.757167869524,10367.485335623245,10482.527859882792
10037.93517,2017-12-06 13:30:00,10296.255942383268,10299.630632186549,10457.209245260205
10037.93517,2017-12-06 13:40:00,9996.365033275204,9970.591341823892,10141.956253470282
10066.7467,2017-12-06 13:50:00,10004.264567913338,9989.421348937858,10135.234433165046
10233.85354,2017-12-06 14:00:00,10063.16778967626,10049.254353974204,10195.14811660302
9991.836735,2017-12-06 14:10:00,10287.83157101828,10299.578852428232,10380.847907848489
9986.07443,2017-12-06 14:20:00,10001.761279686616,10001.637341573123,10084.443509510837
9916.926771,2017-12-06 14:30:00,9994.998317965223,9979.90547257314,10101.72342595074
10066.7467,2017-12-06 14:40:00,9920.234686260255,9905.461818945498,10051.685704550266
10135.89436,2017-12-06 14:50:00,10112.103999058545,10108.105648257837,10190.886238117513
9928.451381,2017-12-06 15:00:00,10222.43574100258,10231.085911718324,10289.946286780068
9847.779112,2017-12-06 15:10:00,9957.199839571014,9936.101789928938,10114.945513030241
9870.828331,2017-12-06 15:20:00,9864.931894658386,9842.79127483371,9980.838467909713
10043.69748,2017-12-06 15:30:00,9892.642380359295,9870.448321869533,10038.47318531465
9922.689076,2017-12-06 15:40:00,10112.743226822076,10111.960641314852,10223.362816847488
9876.590636,2017-12-06 15:50:00,9968.891453449056,9969.16955872481,10156.438265117185
9859.303721,2017-12-06 16:00:00,9931.632510982152,9911.880974233942,10020.553265706993
9980.312125,2017-12-06 16:10:00,9912.605158592542,9888.127378846017,9997.068013797869
10072.509,2017-12-06 16:20:00,10064.403677852039,10047.37929235938,10119.357089486288
9986.07443,2017-12-06 16:30:00,10188.108884829824,10188.520454911322,10222.169923453637
10354.86194,2017-12-06 16:40:00,10098.525228411108,10085.403902816475,10062.968379094604
11063.62545,2017-12-06 16:50:00,10582.202060791926,10583.308542598566,10614.627722012428
12832.65306,2017-12-06 17:00:00,11643.867537645756,11666.446199852719,11320.588131297287
14088.83553,2017-12-06 17:10:00,13745.008649439456,13831.772515351682,13057.182328729865
15321.96879,2017-12-06 17:20:00,15070.668172841411,15152.201672087218,14837.84295883988
15817.52701,2017-12-06 17:30:00,16251.241186866806,16277.382502165628,16426.760247789167
16036.4946,2017-12-06 17:40:00,16465.214389581986,16409.659342023828,16835.71171924706
16174.78992,2017-12-06 17:50:00,16389.61042438358,16266.37976470013,17170.256888673735
16140.21609,2017-12-06 18:00:00,16370.80725916401,16278.817570952055,17328.109906934606
16145.97839,2017-12-06 18:10:00,16227.241964253766,16159.410430024436,17264.863825324468
16088.35534,2017-12-06 18:20:00,16232.697181801039,16222.527503897056,17020.115598864075
16266.98679,2017-12-06 18:30:00,16162.834700377192,16174.227854921995,16394.237059716877
16353.42137,2017-12-06 18:40:00,16385.799523410882,16414.98258278274,16480.055978577428
16186.31453,2017-12-06 18:50:00,16476.037747900333,16509.369840004776,16479.552211417948
16174.78992,2017-12-06 19:00:00,16260.648944811957,16265.602770474858,16224.467119307474
16180.55222,2017-12-06 19:10:00,16247.660683318709,16243.814228190442,16192.226330813346
16387.9952,2017-12-06 19:20:00,16235.201070817526,16216.350893075516,16170.467032034818
16330.37215,2017-12-06 19:30:00,16487.703425363274,16487.386565789246,16243.999773163981
16145.97839,2017-12-06 19:40:00,16414.39317530592,16415.38634507991,16215.202266822605
16145.97839,2017-12-06 19:50:00,16188.574464522935,16167.943115413967,16103.40595276913
16324.60984,2017-12-06 20:00:00,16175.558684414473,16153.189670207565,16093.788805419183
16693.39736,2017-12-06 20:10:00,16404.094280870606,16391.214406200783,16255.128055311556
16647.29892,2017-12-06 20:20:00,16837.81169845071,16855.00607657219,16413.631502806682
16630.012,2017-12-06 20:30:00,16757.02861147903,16759.083195100342,16433.67960360221
16647.29892,2017-12-06 20:40:00,16685.782021106545,16661.21207447389,16403.11751402366
16722.20888,2017-12-06 20:50:00,16668.859587491363,16633.42929537888,16430.216711639234
16532.05282,2017-12-06 21:00:00,16704.01904355115,16672.152383907127,16345.852369842974
16341.89676,2017-12-06 21:10:00,16475.771400807716,16458.251712640016,16269.741317840764
16094.11765,2017-12-06 21:20:00,16248.360059444996,16221.855153104361,16136.832088681525
16048.01921,2017-12-06 21:30:00,15955.44135560345,15924.977614521289,15878.850621618903
16024.96999,2017-12-06 21:40:00,15930.086427111552,15913.677221846534,15836.679900582147
15754.14166,2017-12-06 21:50:00,15942.72456240739,15946.225783337359,15828.01319941559
15368.06723,2017-12-06 22:00:00,15485.374992327777,15479.197845054103,15546.280005114339
15143.33733,2017-12-06 22:10:00,15050.0680022051,15028.382685145592,15084.795988670558
15039.61585,2017-12-06 22:20:00,14827.845619253178,14800.129165148786,14889.713894186776
14613.20528,2017-12-06 22:30:00,14752.484456428934,14739.33463079842,14741.228078658083
14325.09004,2017-12-06 22:40:00,14293.629411568541,14285.6966428591,14257.566808962094
13985.11405,2017-12-06 22:50:00,14009.702697960052,13999.555231707282,14034.57219977577
13714.28571,2017-12-06 23:00:00,13619.939721551578,13597.312974674942,13739.53356689647
13541.41657,2017-12-06 23:10:00,13360.352555602052,13341.761284759417,13546.814496127055
13028.57143,2017-12-06 23:20:00,13223.675622550316,13224.537047890793,13301.024282011627
12677.07083,2017-12-06 23:30:00,12663.247994194637,12642.691546206992,12914.263199014209
12388.95558,2017-12-06 23:40:00,12320.848891591255,12299.866040032557,12321.261760371961
12302.52101,2017-12-06 23:50:00,12051.805582789697,12030.965577908719,12127.155901550215
12048.97959,2017-12-07 00:00:00,12034.551604217148,12040.334172657203,12137.767614035949
11709.0036,2017-12-07 00:10:00,11807.212692221128,11823.029704288121,11889.890737722502
11484.27371,2017-12-07 00:20:00,11461.881651017326,11455.414143227898,11613.211458016845
11432.41297,2017-12-07 00:30:00,11243.381863881696,11231.04322795898,11386.303666000098
11369.02761,2017-12-07 00:40:00,11237.169077889326,11228.045492863946,11322.58921205972
11063.62545,2017-12-07 00:50:00,11204.349985334848,11209.108932978612,11176.763735476972
10804.32173,2017-12-07 01:00:00,10851.518280232569,10847.664934226308,10881.691575345494
10608.40336,2017-12-07 01:10:00,10568.76296933434,10548.629109325666,10585.051250797824
10740.93637,2017-12-07 01:20:00,10377.325501879859,10355.51204727446,10478.73861701618
10533.4934,2017-12-07 01:30:00,10585.212426122784,10586.89628159632,10468.90196577751
10285.71429,2017-12-07 01:40:00,10368.341645226736,10373.885668892792,10430.04373047867
10164.70588,2017-12-07 01:50:00,10109.464571435721,10099.149310131488,10129.73886526281
10130.13205,2017-12-07 02:00:00,9968.33021790053,9953.37152714859,10093.469835194228
10187.7551,2017-12-07 02:10:00,9950.606664829684,9934.587528148615,10001.621538560508
9991.836735,2017-12-07 02:20:00,10056.912467587645,10067.60233921694,10113.808511742078
9842.016807,2017-12-07 02:30:00,9848.337391108344,9846.508707954768,9828.465358147341
9772.869148,2017-12-07 02:40:00,9686.635050332152,9670.434752570209,9672.320675801784
9859.303721,2017-12-07 02:50:00,9622.76929259814,9606.230229149583,9675.329762668343
9778.631453,2017-12-07 03:00:00,9719.705027307784,9717.012369956574,9672.11842342629
9611.52461,2017-12-07 03:10:00,9650.138005236538,9657.389376879566,9645.758584078598
9565.42617,2017-12-07 03:20:00,9466.534235665487,9458.87652956028,9490.46884972059
9611.52461,2017-12-07 03:30:00,9421.874630338796,9409.509568980182,9485.194256063663
9703.721489,2017-12-07 03:40:00,9492.376946724851,9484.128898859868,9494.904345081093
9530.852341,2017-12-07 03:50:00,9617.733165339174,9625.358858854985,9553.844388094505
9496.278511,2017-12-07 04:00:00,9397.975305738677,9398.502186962529,9450.403485347855
9490.516206,2017-12-07 04:10:00,9358.89790343241,9348.773984051983,9421.079610173476
9634.57383,2017-12-07 04:20:00,9360.772427302541,9351.123270991931,9372.866268457256
9565.42617,2017-12-07 04:30:00,9535.888249563159,9538.135280231993,9505.359624315597
9502.040816,2017-12-07 04:40:00,9462.770714323211,9470.518548582568,9416.324919458344
9600.0,2017-12-07 04:50:00,9388.110905648664,9381.168504137677,9395.896052833752
9738.295318,2017-12-07 05:00:00,9486.457629670962,9483.653407902304,9410.331329953471
9911.164466,2017-12-07 05:10:00,9638.123342017325,9638.536851490477,9569.826469588948
9795.918367,2017-12-07 05:20:00,9834.039269315195,9848.507826626641,9742.811817900832
9991.836735,2017-12-07 05:30:00,9687.28668737837,9685.34149294484,9651.389222561525
10112.84514,2017-12-07 05:40:00,9901.619390494701,9895.802078395907,9832.194131196964
10291.47659,2017-12-07 05:50:00,10015.409129328858,10011.994679978148,9932.867574461903
10124.36975,2017-12-07 06:00:00,10176.335617355937,10180.466830882,10045.199409461999
9715.246098,2017-12-07 06:10:00,9942.390673557562,9940.388500352763,9915.229487225104
9674.909964,2017-12-07 06:20:00,9423.73090026091,9388.544315320421,9511.88160842926
9467.466987,2017-12-07 06:30:00,9384.698908815826,9366.896372630645,9436.669454011537
9357.983193,2017-12-07 06:40:00,9143.099555446988,9134.86752900988,9341.309829289701
8718.367347,2017-12-07 06:50:00,9044.267767458967,9060.551508502233,9155.107054673703
8078.751501,2017-12-07 07:00:00,8420.948221488194,8414.69512657477,8547.53449223402
7583.193277,2017-12-07 07:10:00,7688.284110029568,7653.216626685016,8185.198528837615
7721.488595,2017-12-07 07:20:00,7214.07076803312,7199.71832640452,7985.345361009582
7635.054022,2017-12-07 07:30:00,7507.47749781271,7530.161537517082,7954.318312557626
7237.454982,2017-12-07 07:40:00,7521.443044838454,7572.409159929262,7927.040543312964
7162.545018,2017-12-07 07:50:00,7137.28798031183,7157.125516402664,7910.0223744121195
7346.938776,2017-12-07 08:00:00,7121.565137818083,7119.155083727717,7987.5621996360005
7404.561825,2017-12-07 08:10:00,7372.144282706266,7357.824270749137,8025.287857116843
7508.283313,2017-12-07 08:20:00,7469.522823488749,7475.464762949619,8022.278567725831
7490.996399,2017-12-07 08:30:00,7627.236984098203,7641.486799583878,8056.636624400238
7606.242497,2017-12-07 08:40:00,7586.152477239455,7567.650733760385,8064.250448164109
8084.513806,2017-12-07 08:50:00,7691.195530973027,7666.883318038934,8083.661306579581
8274.669868,2017-12-07 09:00:00,8274.905552501477,8281.371663874264,8293.332964770243
8205.522209,2017-12-07 09:10:00,8455.094525942373,8462.027574912892,8379.974905536783
8240.096038,2017-12-07 09:20:00,8342.079350102726,8336.451072773933,8416.70536399649
8286.194478,2017-12-07 09:30:00,8345.190746132637,8323.566995501855,8458.447605719753
8574.309724,2017-12-07 09:40:00,8356.252364240963,8327.259467869162,8507.241593477747
8574.309724,2017-12-07 09:50:00,8699.381850752527,8705.923044910862,8741.501869833948
8631.932773,2017-12-07 10:00:00,8721.58747905854,8732.544849479247,8756.496826476037
8856.662665,2017-12-07 10:10:00,8777.316276752568,8777.816589525803,8791.785778874393
8966.146459,2017-12-07 10:20:00,9014.399561520166,9015.989717665398,9097.628244269796
9294.597839,2017-12-07 10:30:00,9098.588783410518,9093.221706448665,9140.820629617121
9369.507803,2017-12-07 10:40:00,9465.41585684862,9481.69567323443,9565.30207873744
9323.409364,2017-12-07 10:50:00,9510.9769149938,9509.946251869245,9641.465873586163
8361.104442,2017-12-07 11:00:00,9315.10949649434,9299.195602332024,9594.874827907628
8654.981993,2017-12-07 11:10:00,8124.95272481649,8074.459059430816,8779.682690515385
8574.309724,2017-12-07 11:20:00,8523.615571197875,8506.626639546652,8921.167193155214
8608.883553,2017-12-07 11:30:00,8486.860081339964,8503.744244742746,8886.598364777203
8672.268908,2017-12-07 11:40:00,8604.474458360022,8646.713777388977,8882.681493868222
8787.515006,2017-12-07 11:50:00,8737.126395850635,8795.656208397917,8889.831045927533
9006.482593,2017-12-07 12:00:00,8863.923986452015,8852.303896035144,9020.359550982319
8827.85114,2017-12-07 12:10:00,9136.518784242066,9149.105782732822,9213.803055440796
8908.523409,2017-12-07 12:20:00,8905.882343236215,8896.115213811518,9126.500027733495
8862.42497,2017-12-07 12:30:00,8994.437642797733,8982.846399325637,9172.914336823262
9162.064826,2017-12-07 12:40:00,8917.917176336454,8901.52627949307,9180.840758865814
9064.105642,2017-12-07 12:50:00,9276.085346232663,9278.092520920098,9477.706227383245
8948.859544,2017-12-07 13:00:00,9190.830452078004,9203.861618699368,9248.06743206104
8896.9988,2017-12-07 13:10:00,9049.90132800162,9040.85575529932,9207.795920778935
8989.195678,2017-12-07 13:20:00,8988.660590832109,8982.798363829392,9181.416149086854
9208.163265,2017-12-07 13:30:00,9080.3456771005,9072.242462860271,9202.884781920873
8879.711885,2017-12-07 13:40:00,9360.578472349584,9384.59979329658,9459.673244418524
9023.769508,2017-12-07 13:50:00,8959.584236016593,8960.322079527969,9171.700671527544
8931.572629,2017-12-07 14:00:00,9168.233151318997,9164.427404826121,9249.507766824994
9196.638655,2017-12-07 14:10:00,9034.635082482157,9020.816132120975,9176.041024536113
8966.146459,2017-12-07 14:20:00,9354.440516990519,9357.939224319758,9450.61180885415
8925.810324,2017-12-07 14:30:00,9084.994794950737,9094.267932442379,9203.154167727322
8891.236495,2017-12-07 14:40:00,9032.190130169642,9014.944804278963,9172.218482605642
8948.859544,2017-12-07 14:50:00,9006.61175088405,9001.032227266604,9185.48984999899
8839.37575,2017-12-07 15:00:00,9085.818729090692,9073.381373942442,9174.085896075405
8678.031212,2017-12-07 15:10:00,8975.850213596928,8982.770691899419,9159.406539527336
8672.268908,2017-12-07 15:20:00,8789.862561910764,8778.1867207346,8941.3734161225
8660.744298,2017-12-07 15:30:00,8809.430049155308,8800.755512668626,8949.971548712385
8649.219688,2017-12-07 15:40:00,8803.11833196624,8798.957105498943,8911.259294736878
8678.031212,2017-12-07 15:50:00,8807.790037736,8812.888133817602,8895.572594799281
8499.39976,2017-12-07 16:00:00,8873.730556227563,8874.348135154276,8882.225531903197
8522.44898,2017-12-07 16:10:00,8666.960751311062,8649.177583819317,8786.842206947018
9617.286915,2017-12-07 16:20:00,8715.63086666695,8705.209324580552,8806.508345685113
10055.22209,2017-12-07 16:30:00,10008.190526901795,10045.445161508625,9806.07343194854
10326.05042,2017-12-07 16:40:00,10470.307110947495,10503.49380133092,10158.585113640915
11190.39616,2017-12-07 16:50:00,10736.217272395454,10752.767146190356,10526.97113997294
12930.61224,2017-12-07 17:00:00,11877.539857138123,11876.304769842534,11202.689771238773
14486.43457,2017-12-07 17:10:00,13816.793797074297,13829.718598232756,13024.586225275343
15327.73109,2017-12-07 17:20:00,15503.86215964772,15575.411835691393,15514.852547382698
15759.90396,2017-12-07 17:30:00,16201.991778945452,16228.682838011362,16392.094064575616
15955.82233,2017-12-07 17:40:00,16347.581620870966,16282.859657192677,16866.493321454123
16042.2569,2017-12-07 17:50:00,16269.729654715164,16150.77148813877,17163.340753990993
16416.80672,2017-12-07 18:00:00,16205.021988741095,16119.349498294978,17276.19253878262
16462.90516,2017-12-07 18:10:00,16588.486371951305,16575.95581654775,17332.213044119293
16376.47059,2017-12-07 18:20:00,16591.86021765836,16599.87451598416,17163.356590136627
16434.09364,2017-12-07 18:30:00,16463.813898163564,16476.158302474767,16503.141077188862
16497.47899,2017-12-07 18:40:00,16514.641991010118,16529.386574063075,16541.162225638705
16716.44658,2017-12-07 18:50:00,16550.376885064274,16556.122717649643,16590.73288929527
16739.4958,2017-12-07 19:00:00,16810.062598447144,16832.315315982032,16473.19511131431
16526.29052,2017-12-07 19:10:00,16819.636932761518,16829.867487742704,16467.12275994611
16439.85594,2017-12-07 19:20:00,16544.221173543334,16526.353544070425,16390.505016351555
16203.60144,2017-12-07 19:30:00,16433.57879401257,16410.070829736982,16301.022693484516
16434.09364,2017-12-07 19:40:00,16145.01054450002,16116.392076668273,16133.649546133396
16347.65906,2017-12-07 19:50:00,16466.091521754843,16473.59436431796,16289.959942562507
16532.05282,2017-12-07 20:00:00,16381.634281870189,16391.215031856063,16209.677175674324
16555.10204,2017-12-07 20:10:00,16634.76762717109,16643.423052902326,16383.046586882678
16704.92197,2017-12-07 20:20:00,16645.85709402377,16647.3824854541,16408.2531438124
16514.76591,2017-12-07 20:30:00,16788.723368517964,16771.708530979045,16553.78475668834
16272.7491,2017-12-07 20:40:00,16551.157124327015,16534.27104848117,16371.366471599644
16255.46218,2017-12-07 20:50:00,16251.692261823639,16214.771793183783,16190.859485565554
16186.31453,2017-12-07 21:00:00,16216.901870417394,16195.49806569553,16130.901900991259
16117.16687,2017-12-07 21:10:00,16143.874318621729,16129.359724298223,16031.187705739112
15978.87155,2017-12-07 21:20:00,16089.837261699435,16094.941799662702,15941.926434821524
15794.47779,2017-12-07 21:30:00,15945.436943997498,15943.806196353782,15861.370520974126
15419.92797,2017-12-07 21:40:00,15739.664566979698,15720.603388056128,15771.918530729916
15333.4934,2017-12-07 21:50:00,15307.019980871035,15283.88562267129,15275.227302810437
15097.2389,2017-12-07 22:00:00,15077.882332061501,15066.365957619402,15114.16111228571
14786.07443,2017-12-07 22:10:00,14838.344825407561,14831.74927813989,14811.581908193157
14739.97599,2017-12-07 22:20:00,14527.420340272201,14521.529230596185,14590.718928124525
14555.58223,2017-12-07 22:30:00,14518.21255412346,14522.552692420739,14520.637963391137
14382.71309,2017-12-07 22:40:00,14321.560030951096,14310.608452968438,14346.23769746924
13973.58944,2017-12-07 22:50:00,14149.577862611872,14143.662073735271,14111.967931948604
13650.90036,2017-12-07 23:00:00,13658.204923299156,13637.723274047903,13790.955065416138
13345.4982,2017-12-07 23:10:00,13313.166667994417,13279.432371169942,13523.773127179851
13120.76831,2017-12-07 23:20:00,12994.085464060861,12971.536889054536,13071.913851315956
12988.23529,2017-12-07 23:30:00,12789.77168476309,12776.318304499237,13017.830731678887
12348.61945,2017-12-07 23:40:00,12708.029841829219,12710.44197786634,12820.196511773067
12072.02881,2017-12-07 23:50:00,12004.130544465572,11979.675296131689,12170.901584477464
11853.06122,2017-12-08 00:00:00,11726.564261349453,11713.327382683048,11844.222844437852
11864.58583,2017-12-08 00:10:00,11532.745725240686,11522.804902565396,11621.611547835519
11616.80672,2017-12-08 00:20:00,11626.659623036705,11633.000137335835,11671.380358978085
11357.503,2017-12-08 00:30:00,11410.328665786237,11426.789736943545,11506.44908187289
11167.34694,2017-12-08 00:40:00,11142.79196951673,11125.190173571656,11289.921926925168
11086.67467,2017-12-08 00:50:00,10941.53802562144,10917.148037683859,11096.499993623958
10902.28091,2017-12-08 01:00:00,10843.963810260184,10822.26565299595,10901.987314939315
10556.54262,2017-12-08 01:10:00,10669.45128971768,10662.283592662065,10695.597875489859
10274.18968,2017-12-08 01:20:00,10314.04914578333,10297.606723713056,10434.583432660316
10176.23049,2017-12-08 01:30:00,10017.814484983792,9994.243954503814,10134.074559869956
10216.56663,2017-12-08 01:40:00,9944.428480277133,9929.635108699746,10080.419758709313
10043.69748,2017-12-08 01:50:00,10055.587051752325,10061.347945608682,10081.121788166072
9893.877551,2017-12-08 02:00:00,9866.666049395573,9873.48503721299,9899.110750778338
9865.066026,2017-12-08 02:10:00,9725.077862079066,9715.776395994164,9711.498737683181
9974.54982,2017-12-08 02:20:00,9699.11848814984,9678.993690127783,9653.541693735679
9945.738295,2017-12-08 02:30:00,9843.975603334013,9830.172516770526,9808.426600763103
9628.811525,2017-12-08 02:40:00,9825.859557971715,9820.189882400624,9785.510119690976
9548.139256,2017-12-08 02:50:00,9456.824049758936,9430.661282538185,9479.524170335979
9542.376951,2017-12-08 03:00:00,9342.23607090941,9313.094209099461,9425.292968917058
9692.196879,2017-12-08 03:10:00,9349.939107950271,9327.925036521843,9444.72252890848
9594.237695,2017-12-08 03:20:00,9562.677547853173,9566.19389020131,9535.593160355218
9467.466987,2017-12-08 03:30:00,9468.296207966501,9472.84301217048,9425.43250432426
9559.663866,2017-12-08 03:40:00,9321.55893250593,9300.770430730108,9392.941937486024
9588.47539,2017-12-08 03:50:00,9423.385420445367,9402.979680747612,9407.822690246261
9565.42617,2017-12-08 04:00:00,9433.616505421649,9417.077704938114,9443.937878846775
9444.417767,2017-12-08 04:10:00,9417.558917709848,9413.014928126991,9404.096521569392
9369.507803,2017-12-08 04:20:00,9283.715609155803,9269.438511586228,9330.998904861171
9553.901561,2017-12-08 04:30:00,9185.068195379226,9160.538695760577,9174.468648241571
9640.336134,2017-12-08 04:40:00,9416.609603993249,9411.800806364012,9380.353704825118
9617.286915,2017-12-08 04:50:00,9529.663199378832,9532.243980330199,9430.483718522497
9588.47539,2017-12-08 05:00:00,9488.070606661764,9489.030350562498,9414.343897993602
9571.188475,2017-12-08 05:10:00,9447.651512562574,9434.589811112291,9408.605790037242
9709.483794,2017-12-08 05:20:00,9400.68400720771,9376.18258909586,9356.64039231472
10009.12365,2017-12-08 05:30:00,9586.828448374552,9581.29557938431,9515.42178242599
10049.45978,2017-12-08 05:40:00,9944.486093333027,9955.160645925967,9846.995280605373
10003.36134,2017-12-08 05:50:00,9968.416794518107,9969.848196805942,9875.001892734721
9899.639856,2017-12-08 06:00:00,9855.743096563527,9842.691551747062,9838.488415520986
9813.205282,2017-12-08 06:10:00,9674.81168821701,9643.763868810041,9702.304074265892
9553.901561,2017-12-08 06:20:00,9560.157163056545,9529.635386516642,9655.105898495736
9288.835534,2017-12-08 06:30:00,9258.12531932845,9239.943377774365,9380.85198837003
8971.908764,2017-12-08 06:40:00,8964.777146029326,8950.434233909491,9116.975151077546
8643.457383,2017-12-08 06:50:00,8594.773558104689,8580.454929757841,8754.127392421778
7992.316927,2017-12-08 07:00:00,8354.171240570873,8337.914916394404,8552.71037806584
7421.848739,2017-12-08 07:10:00,7628.320967219202,7609.257298650105,8191.380034052407
7289.315726,2017-12-08 07:20:00,7068.569966091876,7051.101006914814,8023.86481863104
7191.356543,2017-12-08 07:30:00,7039.567653009883,7044.22010949865,8017.688213511238
7266.266507,2017-12-08 07:40:00,7023.339204135416,7043.1098342133155,7990.533314096516
7156.782713,2017-12-08 07:50:00,7222.2936725443815,7259.522429799748,8001.685365970836
7127.971188,2017-12-08 08:00:00,7164.428160507563,7173.6439546816255,8091.036350074361
7266.266507,2017-12-08 08:10:00,7149.4689585313845,7126.4770751210945,8087.579745518957
7565.906363,2017-12-08 08:20:00,7326.928290512717,7306.616085989723,8084.344294175621
7744.537815,2017-12-08 08:30:00,7674.198895405287,7659.548216586396,8121.993592042257
7675.390156,2017-12-08 08:40:00,7870.269449941057,7863.41631007982,8143.442308757043
7704.201681,2017-12-08 08:50:00,7762.464466732135,7734.759990185414,8158.049425378293
8072.989196,2017-12-08 09:00:00,7789.236654443124,7752.762063850725,8215.711942527962
8793.277311,2017-12-08 09:10:00,8194.02467415475,8173.416233820046,8341.491180191113
9231.212485,2017-12-08 09:20:00,9019.040834851896,9036.251602356251,8857.099836889067
9265.786315,2017-12-08 09:30:00,9461.911311637265,9483.86000296925,9304.392513213426
9421.368547,2017-12-08 09:40:00,9392.482315797837,9372.855891939953,9414.357813910481
9778.631453,2017-12-08 09:50:00,9458.5257921448,9407.771876873237,9522.54500544439
9162.064826,2017-12-08 10:00:00,9824.923789826244,9777.530168759182,9767.326983364786
9133.253301,2017-12-08 10:10:00,9065.19397541038,9015.36524423542,9506.526740221567
9248.4994,2017-12-08 10:20:00,9055.630719556471,9033.303379666479,9479.961511436997
9404.081633,2017-12-08 10:30:00,9220.981129756037,9209.227703196366,9603.900772625218
9559.663866,2017-12-08 10:40:00,9426.125663413448,9435.836166745697,9725.93382268589
9548.139256,2017-12-08 10:50:00,9650.512537209604,9699.409449215189,9867.914717690446
9450.180072,2017-12-08 11:00:00,9446.066530986129,9439.93395046797,9845.333282342914
9502.040816,2017-12-08 11:10:00,9306.928288083662,9280.31948573334,9738.53574915647
9611.52461,2017-12-08 11:20:00,9353.698837790824,9328.13638875906,9782.906544635356
9674.909964,2017-12-08 11:30:00,9483.575047786884,9469.756035563452,9838.68765573481
9588.47539,2017-12-08 11:40:00,9566.528457866118,9563.931751440574,9857.990312684693
9703.721489,2017-12-08 11:50:00,9459.037048534174,9447.123019269042,9843.597664806486
9778.631453,2017-12-08 12:00:00,9625.96622822358,9611.868066044768,9890.410876132419
10084.03361,2017-12-08 12:10:00,9695.415887870804,9681.802277307637,9952.916065579979
9980.312125,2017-12-08 12:20:00,10053.334504054295,10054.93010085594,10257.48883240769
9939.97599,2017-12-08 12:30:00,9902.431118957113,9893.044396545643,10125.161916503032
9963.02521,2017-12-08 12:40:00,9834.605748318554,9807.941095971797,10095.72696467097
10107.08283,2017-12-08 12:50:00,9846.859352505231,9822.289398528577,10087.966757164293
10308.76351,2017-12-08 13:00:00,10032.06168048342,10010.586223001865,10264.63654311174
10181.9928,2017-12-08 13:10:00,10280.010781517094,10285.992442646599,10566.486500825673
10124.36975,2017-12-08 13:20:00,10106.462651623802,10092.152834899793,10386.989317951644
10020.64826,2017-12-08 13:30:00,10025.791765335249,10000.540845849937,10268.940867396299
10147.41897,2017-12-08 13:40:00,9874.664519364662,9841.554990347162,10125.388794523873
9963.02521,2017-12-08 13:50:00,10044.912566345418,10028.381303708209,10374.405142664076
9813.205282,2017-12-08 14:00:00,9871.688437577523,9862.049022628618,10104.928562431138
9761.344538,2017-12-08 14:10:00,9716.121502219867,9696.691896618262,9955.45222638512
9755.582233,2017-12-08 14:20:00,9663.936192657507,9646.440623182898,9956.942734532182
9939.97599,2017-12-08 14:30:00,9671.967865549203,9654.169916501995,9948.935516891055
9767.106843,2017-12-08 14:40:00,9927.763872605323,9935.455444045485,10110.44679161819
9795.918367,2017-12-08 14:50:00,9725.953173800459,9714.316719674069,9936.979465722276
9669.147659,2017-12-08 15:00:00,9775.632460599365,9750.4478014469,9950.554198250438
9916.926771,2017-12-08 15:10:00,9610.83630556098,9576.648550803322,9878.157861538424
9663.385354,2017-12-08 15:20:00,9910.95419428502,9888.963675213625,10102.500939243186
9490.516206,2017-12-08 15:30:00,9619.529531733548,9601.666024119648,9864.800792040636
9398.319328,2017-12-08 15:40:00,9415.004884022335,9380.956810269785,9828.367894250783
9519.327731,2017-12-08 15:50:00,9328.75211756509,9302.385152254006,9714.433116905144
9548.139256,2017-12-08 16:00:00,9499.095265559923,9472.321323877142,9810.623198576528
9478.991597,2017-12-08 16:10:00,9576.013659276257,9577.733873790923,9813.93559577416
9467.466987,2017-12-08 16:20:00,9558.905867602733,9548.463299925741,9756.891643875153
9657.623049,2017-12-08 16:30:00,9566.217176421998,9544.962848975558,9776.633422070718
10245.37815,2017-12-08 16:40:00,9806.275962907874,9788.086740539271,9949.163523173756
10884.994,2017-12-08 16:50:00,10550.964102196913,10567.244526946699,10457.531475200802
12354.38175,2017-12-08 17:00:00,11516.973856448334,11549.498665960255,11151.561435677213
14077.31092,2017-12-08 17:10:00,13237.513660652545,13298.955058135409,12400.539084111313
15241.29652,2017-12-08 17:20:00,15104.333568239621,15171.284497424798,14839.43923973609
15713.80552,2017-12-08 17:30:00,16165.673488722916,16185.027436894323,16364.914892467998
15587.03481,2017-12-08 17:40:00,16368.771046777561,16320.245492598826,16794.62932632087
15771.42857,2017-12-08 17:50:00,15879.527702498972,15742.818515674371,16820.811950606112
15829.05162,2017-12-08 18:00:00,15929.504206651101,15807.6502829988,17112.91118686891
16151.7407,2017-12-08 18:10:00,15938.189466492093,15884.25544568957,17013.991462541137
16163.26531,2017-12-08 18:20:00,16312.341863005271,16329.256741712627,17077.582518466515
16117.16687,2017-12-08 18:30:00,16313.402783645184,16349.63447430124,16456.288267833694
16157.503,2017-12-08 18:40:00,16215.412145505532,16223.708357461675,16389.967969079702
16313.08523,2017-12-08 18:50:00,16250.852629694129,16260.22993129053,16460.09108468893
16411.04442,2017-12-08 19:00:00,16405.7247189411,16403.97947865089,16317.369617522518
16197.83914,2017-12-08 19:10:00,16507.38540276147,16513.913023244262,16326.63206367573
16076.83073,2017-12-08 19:20:00,16235.401235293737,16220.510902875538,16167.821542752748
16048.01921,2017-12-08 19:30:00,16069.692191259597,16040.95885113042,16048.595133286353
16169.02761,2017-12-08 19:40:00,16050.639707387309,16027.107912717345,16068.79229582002
16071.06843,2017-12-08 19:50:00,16213.72010976497,16210.336111876266,16162.428137160712
16111.40456,2017-12-08 20:00:00,16117.351019523652,16121.45206494347,16080.14003885741
16382.23289,2017-12-08 20:10:00,16181.25192558967,16174.313283412894,16147.308023261628
16549.33974,2017-12-08 20:20:00,16501.01394768834,16496.66368198346,16320.829113329295
16704.92197,2017-12-08 20:30:00,16658.68965052483,16650.608907137503,16490.299010980198
16543.57743,2017-12-08 20:40:00,16801.86181309651,16797.280292696825,16447.526595316547
16278.5114,2017-12-08 20:50:00,16559.358071738076,16525.155922674116,16390.783763362873
16071.06843,2017-12-08 21:00:00,16183.396071240257,16127.395186082285,16124.404180543825
16203.60144,2017-12-08 21:10:00,15944.293482038907,15901.527509212287,15921.842380271743
15950.06002,2017-12-08 21:20:00,16129.174862672025,16114.583686677559,16035.055665117117
15800.2401,2017-12-08 21:30:00,15859.17985676237,15857.58259537584,15771.409120621465
15615.84634,2017-12-08 21:40:00,15703.820973261376,15698.04605964632,15673.253802490966
15540.93637,2017-12-08 21:50:00,15505.312100488536,15486.635887065568,15550.683900816373
15293.15726,2017-12-08 22:00:00,15267.120063908524,15244.485763103694,15348.666545805849
14935.89436,2017-12-08 22:10:00,15004.34509533492,14994.759000339478,15079.697191587444
14665.06603,2017-12-08 22:20:00,14618.612126220118,14594.264829626252,14655.138499745091
14463.38535,2017-12-08 22:30:00,14338.780343023414,14313.696998809774,14399.441142032854
14244.41777,2017-12-08 22:40:00,14151.332651020286,14130.83278262504,14280.491565209166
13875.63025,2017-12-08 22:50:00,13943.352087023108,13936.203895057872,13960.53499837477
13449.21969,2017-12-08 23:00:00,13523.708408415903,13512.457213036898,13680.077691105274
13155.34214,2017-12-08 23:10:00,13069.161760701321,13042.878258789964,13196.032488421513
12982.47299,2017-12-08 23:20:00,12782.91674388081,12758.589434450467,12975.134816102767
12775.03001,2017-12-08 23:30:00,12659.153178676013,12647.890670716648,12822.992609071947
12244.89796,2017-12-08 23:40:00,12465.972123304835,12461.937428155714,12587.339700702783
12008.64346,2017-12-08 23:50:00,11896.267056999648,11874.793523616525,12017.649550210634
11899.15966,2017-12-09 00:00:00,11765.047665158509,11760.73694613342,11882.943438721419
11801.20048,2017-12-09 00:10:00,11710.398787773058,11713.436299882931,11712.96931807878
11576.47059,2017-12-09 00:20:00,11656.98152452775,11672.432369811493,11679.868043420456
11374.78992,2017-12-09 00:30:00,11448.182777764665,11465.818727737766,11547.425032090207
11207.68307,2017-12-09 00:40:00,11239.33557991986,11230.676985058995,11334.403241172815
11322.92917,2017-12-09 00:50:00,11073.052708576486,11059.754529491522,11143.662888499162
11219.20768,2017-12-09 01:00:00,11210.405034997699,11214.695467885165,11178.679612564463
11080.91236,2017-12-09 01:10:00,11100.80951808295,11106.374034602759,10992.672271138712
11006.0024,2017-12-09 01:20:00,10948.501019376716,10942.696315561176,10847.136550719473
10913.80552,2017-12-09 01:30:00,10868.770481116653,10854.67481596499,10726.554587546985
10925.33013,2017-12-09 01:40:00,10767.376340903636,10746.944724476554,10653.218175475173
10608.40336,2017-12-09 01:50:00,10803.498025241963,10802.332045875104,10574.386676980484
10493.15726,2017-12-09 02:00:00,10404.350423705311,10393.783732871907,10428.847650939852
10343.33733,2017-12-09 02:10:00,10299.317599487087,10288.208262513708,10342.540839714382
10314.52581,2017-12-09 02:20:00,10159.832604521996,10152.871326008664,10118.464403101258
10239.61585,2017-12-09 02:30:00,10162.72509808542,10164.281828427234,10132.55023165757
9974.54982,2017-12-09 02:40:00,10103.940546765774,10118.30969947969,10098.28744463439
9807.442977,2017-12-09 02:50:00,9808.661346526482,9799.845703957906,9766.986653648642
9767.106843,2017-12-09 03:00:00,9615.378645034189,9608.972442417686,9615.55176478155
9911.164466,2017-12-09 03:10:00,9609.518164745037,9606.59591516397,9634.831365343902
9703.721489,2017-12-09 03:20:00,9816.769544386929,9831.26676318171,9753.78656559232
9617.286915,2017-12-09 03:30:00,9589.946600508676,9600.068511617596,9542.26485297456
9594.237695,2017-12-09 03:40:00,9510.612331363798,9506.393277686348,9485.192113334138
9651.860744,2017-12-09 03:50:00,9491.82797667474,9482.466366626326,9459.533514837636
9680.672269,2017-12-09 04:00:00,9548.014989741874,9545.676000077357,9501.957603179007
9519.327731,2017-12-09 04:10:00,9599.445820497815,9614.494312735209,9477.971806288026
9507.803121,2017-12-09 04:20:00,9405.449858393858,9401.512147647853,9418.499078182587
9513.565426,2017-12-09 04:30:00,9405.5753557833,9399.202761720604,9403.939183217151
9669.147659,2017-12-09 04:40:00,9421.107740185722,9417.180348107386,9432.007902188278
9588.47539,2017-12-09 04:50:00,9618.243298877618,9629.304218749938,9480.86310066185
9600.0,2017-12-09 05:00:00,9511.13689187554,9523.91085367588,9389.249454123306
9628.811525,2017-12-09 05:10:00,9518.368282365553,9518.612086694997,9417.774906959427
9778.631453,2017-12-09 05:20:00,9550.127613733868,9550.248640596757,9404.13357208689
10014.88595,2017-12-09 05:30:00,9738.178302517903,9743.896835060244,9572.305788083311
10101.32053,2017-12-09 05:40:00,10015.897169107799,10039.4083614329,9857.538041526226
10026.41056,2017-12-09 05:50:00,10082.405086548522,10093.391764596461,9947.269216924986
9893.877551,2017-12-09 06:00:00,9940.001724811682,9937.792132432744,9835.422943853091
9830.492197,2017-12-09 06:10:00,9740.7666521239,9724.327950399882,9637.881632929126
9646.098439,2017-12-09 06:20:00,9647.577113917607,9633.912008333984,9573.655985571391
9294.597839,2017-12-09 06:30:00,9429.311292106275,9427.30505475476,9426.277328703396
8908.523409,2017-12-09 06:40:00,9026.339585481492,9026.336775344385,9134.973730568685
8574.309724,2017-12-09 06:50:00,8587.47482158693,8584.892744006884,8717.998100962654
8021.128451,2017-12-09 07:00:00,8342.837867596065,8337.978876592555,8425.797601716604
7393.037215,2017-12-09 07:10:00,7736.344662155463,7735.0381043316265,8134.45532631726
7145.258103,2017-12-09 07:20:00,7103.781468422349,7107.361958491298,7961.11402277618
7076.110444,2017-12-09 07:30:00,6940.136276487705,6957.1873152212265,7953.138374007302
7202.881152,2017-12-09 07:40:00,6982.783231303281,7015.204669507002,7931.8106023795235
7191.356543,2017-12-09 07:50:00,7238.996814473283,7291.084478105464,7911.657142918488
7352.70108,2017-12-09 08:00:00,7296.944147145037,7333.446132241441,7997.572692733042
7496.758703,2017-12-09 08:10:00,7503.93640228084,7509.947105243084,8000.708563009976
7346.938776,2017-12-09 08:20:00,7669.130901986207,7662.217822947776,8020.649712969795
7450.660264,2017-12-09 08:30:00,7466.2603531952245,7441.442995879677,8037.794716189944
7594.717887,2017-12-09 08:40:00,7580.711521947223,7567.131445020246,8048.9414875216
7957.743097,2017-12-09 08:50:00,7742.0185822728945,7730.1767189998645,8072.2500768706295
7946.218487,2017-12-09 09:00:00,8197.406436414578,8210.706844138684,8273.369130977575
8061.464586,2017-12-09 09:10:00,8187.818359747014,8205.993561041972,8319.842791212026
8257.382953,2017-12-09 09:20:00,8296.6235196115,8297.606511224862,8354.317903062685
8562.785114,2017-12-09 09:30:00,8486.711267841263,8486.334664225104,8518.950166904486
8689.555822,2017-12-09 09:40:00,8814.244015519069,8818.943474666708,8752.621593588783
8608.883553,2017-12-09 09:50:00,8946.408443489767,8966.064451883554,8782.89467531711
8787.515006,2017-12-09 10:00:00,8786.605089296268,8779.444021615132,8794.673041690025
8977.671068,2017-12-09 10:10:00,8962.24560636467,8954.444306144609,8985.004539030206
9277.310924,2017-12-09 10:20:00,9160.20874689553,9160.303300808395,9182.334075513641
9196.638655,2017-12-09 10:30:00,9505.866526012136,9527.943919271243,9606.17033351518
9236.97479,2017-12-09 10:40:00,9377.644215756452,9390.039751518309,9561.543920362215
9294.597839,2017-12-09 10:50:00,9376.093609034486,9366.942378405309,9609.625381805383
9513.565426,2017-12-09 11:00:00,9291.639760728478,9283.916411118636,9616.6062488655
9651.860744,2017-12-09 11:10:00,9541.981594705088,9546.180689129433,9796.24219155932
9553.901561,2017-12-09 11:20:00,9699.976693346944,9721.682564316416,9877.768194811639
9571.188475,2017-12-09 11:30:00,9550.498966477535,9549.821966300198,9840.771486332396
9686.434574,2017-12-09 11:40:00,9544.930123627277,9537.868691525924,9854.335708217543
9951.5006,2017-12-09 11:50:00,9671.84145735731,9666.98260506443,9900.407349312174
9784.393758,2017-12-09 12:00:00,10018.797254069294,10031.699869987566,10084.335897212122
10078.27131,2017-12-09 12:10:00,9816.41665410424,9824.42431062227,9945.498958966049
10124.36975,2017-12-09 12:20:00,10136.91006816118,10141.872666548932,10218.47048342715
10337.57503,2017-12-09 12:30:00,10148.68983865823,10143.804408261636,10279.612710149177
10343.33733,2017-12-09 12:40:00,10377.79846012772,10378.060961114681,10554.053460902765
10158.94358,2017-12-09 12:50:00,10368.346860259946,10376.369137983664,10538.256649197692
10153.18127,2017-12-09 13:00:00,10144.07415465538,10116.550243590418,10375.563686269723
10170.46819,2017-12-09 13:10:00,10136.795946942359,10124.442915672495,10390.700917400132
10406.72269,2017-12-09 13:20:00,10154.955387887752,10146.12363612571,10385.625328094102
10251.14046,2017-12-09 13:30:00,10454.913599994266,10473.854563227067,10640.174514221022
10274.18968,2017-12-09 13:40:00,10266.225971631398,10277.083569524955,10437.532528026959
10216.56663,2017-12-09 13:50:00,10274.102618521501,10268.678432847097,10522.959868712245
10441.29652,2017-12-09 14:00:00,10214.239129523688,10199.36578027734,10402.528551842435
10366.38655,2017-12-09 14:10:00,10480.608866172537,10472.750754284254,10703.843101556064
10141.65666,2017-12-09 14:20:00,10389.870116477017,10392.383684220757,10559.411469067083
10101.32053,2017-12-09 14:30:00,10119.309706294505,10099.424702240012,10257.86416728128
10256.90276,2017-12-09 14:40:00,10071.712861540771,10054.364461181058,10262.054668183551
10412.48499,2017-12-09 14:50:00,10266.713087296754,10256.07300064914,10426.726201101308
10222.32893,2017-12-09 15:00:00,10487.153455069852,10497.714155945885,10537.43798356786
10095.55822,2017-12-09 15:10:00,10267.581066204493,10265.419738091365,10379.258799577306
10037.93517,2017-12-09 15:20:00,10091.340191286221,10064.64680788579,10259.593660936456
10084.03361,2017-12-09 15:30:00,10012.885346716812,9981.92632075934,10117.086254639078
10055.22209,2017-12-09 15:40:00,10083.595591358546,10069.64043511657,10234.279431741103
9767.106843,2017-12-09 15:50:00,10085.588017047896,10090.320065138796,10134.548914219798
9928.451381,2017-12-09 16:00:00,9767.998917985202,9748.193079923652,9899.40887087632
9968.787515,2017-12-09 16:10:00,9979.111345366762,9965.757295194093,10040.753565172827
10176.23049,2017-12-09 16:20:00,10057.945160776058,10048.979912310735,10112.85056006593
10279.95198,2017-12-09 16:30:00,10333.473294692421,10340.812048755424,10466.194728972901
10781.27251,2017-12-09 16:40:00,10483.109370524151,10491.918356542617,10533.65997930681
11490.03601,2017-12-09 16:50:00,11077.547705345643,11078.838437270177,11209.660806567852
13310.92437,2017-12-09 17:00:00,12104.369952021585,12128.354401780834,11716.540788318804
14538.29532,2017-12-09 17:10:00,14249.690875382998,14325.237802615615,13563.839295628883
15177.91116,2017-12-09 17:20:00,15529.56638234655,15598.00379328824,15560.289181422035
15788.71549,2017-12-09 17:30:00,15986.337547698458,15982.695965066987,16475.293195636732
15944.29772,2017-12-09 17:40:00,16381.272968700629,16322.335092823287,16850.77186878535
16232.41297,2017-12-09 17:50:00,16273.480245660172,16158.547733152782,17091.580099523195
16411.04442,2017-12-09 18:00:00,16493.352114310695,16434.287347294117,17379.285032379405
16278.5114,2017-12-09 18:10:00,16637.699170135664,16621.51438134225,17324.679938497186
16393.7575,2017-12-09 18:20:00,16408.798765336513,16395.109776437832,17049.189031324626
16595.43818,2017-12-09 18:30:00,16528.75377521439,16545.15324653242,16604.230874292323
16480.19208,2017-12-09 18:40:00,16741.692251711767,16761.449251716655,16684.1596333218
16261.22449,2017-12-09 18:50:00,16600.51913907927,16621.50859426803,16561.302964075632
16249.69988,2017-12-09 19:00:00,16339.182413656508,16347.140053355766,16237.485741772056
16416.80672,2017-12-09 19:10:00,16306.101365054814,16296.022993384157,16201.15739761926
16566.62665,2017-12-09 19:20:00,16509.830945547816,16512.71262428612,16301.757397840442
16157.503,2017-12-09 19:30:00,16699.260415841392,16721.028607464737,16372.153289348751
15961.58463,2017-12-09 19:40:00,16215.6222046266,16211.95193160508,16093.473789114965
15909.72389,2017-12-09 19:50:00,15976.519873673444,15951.516899778599,15902.311698758129
16134.45378,2017-12-09 20:00:00,15926.449259117995,15903.678714656095,15895.407550477104
16145.97839,2017-12-09 20:10:00,16251.638184091727,16263.295853197098,16098.090663113913
15938.53541,2017-12-09 20:20:00,16315.871220345962,16348.764290435847,16130.011658486663
16082.59304,2017-12-09 20:30:00,16068.326375375946,16064.474897289134,16013.413731323646
16324.60984,2017-12-09 20:40:00,16222.196239842122,16210.72988423243,16112.224521014025
16203.60144,2017-12-09 20:50:00,16477.425211288963,16468.463953328293,16285.924575923778
15932.77311,2017-12-09 21:00:00,16290.416601158126,16284.10758667841,16133.984462162924
15811.76471,2017-12-09 21:10:00,15969.991512466946,15952.479041251388,15910.613570825524
15840.57623,2017-12-09 21:20:00,15803.420670932943,15765.455072886474,15806.287626516085
15800.2401,2017-12-09 21:30:00,15850.452761313249,15832.151066959888,15782.737242025845
15765.66627,2017-12-09 21:40:00,15828.962598293007,15836.178421666931,15680.177308544842
15402.64106,2017-12-09 21:50:00,15812.776577497063,15819.520183724733,15713.821215832042
15298.91957,2017-12-09 22:00:00,15211.72415197898,15190.799020580587,15304.152408021984
15056.90276,2017-12-09 22:10:00,15089.216966578431,15064.453972391904,15141.266682921014
14958.94358,2017-12-09 22:20:00,14825.025425478887,14808.378508090378,14745.574171499502
14676.59064,2017-12-09 22:30:00,14749.021721442883,14743.251721144403,14675.441504085255
14486.43457,2017-12-09 22:40:00,14459.242706594545,14458.539244435931,14435.619526555838
14313.56543,2017-12-09 22:50:00,14252.87868942431,14237.700568202923,14195.371636443064
14100.36014,2017-12-09 23:00:00,14044.309297823937,14035.606523574725,14000.359970540501
13852.58103,2017-12-09 23:10:00,13820.435006643127,13804.865164982406,13752.613232467218
13351.2605,2017-12-09 23:20:00,13575.441441545592,13564.60043659448,13633.792044560636
12965.18607,2017-12-09 23:30:00,13020.956052383672,12993.003477426018,13122.703601020092
12636.73469,2017-12-09 23:40:00,12600.155047029499,12570.624519488578,12823.275852911751
12561.82473,2017-12-09 23:50:00,12289.381247316156,12271.352345243915,12248.910521983787
12256.42257,2017-12-10 00:00:00,12263.936756831841,12274.217682998948,12172.0892960672
11824.2497,2017-12-10 00:10:00,11992.467039919995,12008.344230152408,12042.488897668945
11697.47899,2017-12-10 00:20:00,11536.022969727977,11529.109262716474,11563.393650197599
11674.42977,2017-12-10 00:30:00,11448.814112929951,11441.147188823863,11573.818753199088
11443.93758,2017-12-10 00:40:00,11474.48038557508,11467.623170944862,11561.94590928246
11046.33854,2017-12-10 00:50:00,11272.756675664004,11276.152301480171,11303.294482885043
10850.42017,2017-12-10 01:00:00,10811.401251985906,10802.15826739818,10944.633642226534
10810.08403,2017-12-10 01:10:00,10613.583113357101,10588.6804531296,10779.389679154263
10925.33013,2017-12-10 01:20:00,10617.785795663014,10607.38786502426,10606.681271598192
10602.64106,2017-12-10 01:30:00,10815.535970051526,10831.553169216517,10658.991119187347
10481.63265,2017-12-10 01:40:00,10470.70980900242,10474.181868041243,10462.944400477678
10452.82113,2017-12-10 01:50:00,10333.353012525677,10315.498712927712,10292.222530961197
10297.2389,2017-12-10 02:00:00,10280.080353288055,10260.615349795073,10266.078137054677
10274.18968,2017-12-10 02:10:00,10112.341776570538,10095.58135549126,10126.619254656964
10066.7467,2017-12-10 02:20:00,10137.170706956393,10144.017038590137,10093.881483086661
10032.17287,2017-12-10 02:30:00,9905.28097251584,9890.984180445332,9914.95955977242
9945.738295,2017-12-10 02:40:00,9872.273592661775,9859.094724192413,9778.394058778136
10003.36134,2017-12-10 02:50:00,9790.819271541415,9784.768602030834,9721.974363231988
9588.47539,2017-12-10 03:00:00,9852.72650872447,9850.686033134425,9752.80499989774
9519.327731,2017-12-10 03:10:00,9389.586064253268,9378.765945952586,9453.527370975358
9519.327731,2017-12-10 03:20:00,9325.13287285767,9308.14683644098,9429.96761839601
9703.721489,2017-12-10 03:30:00,9355.99595038976,9351.184037150168,9403.925614910211
9507.803121,2017-12-10 03:40:00,9607.158976965844,9615.43779408768,9513.317153655436
9363.745498,2017-12-10 03:50:00,9404.244801376071,9416.984878135998,9340.115037075731
9381.032413,2017-12-10 04:00:00,9210.056226302862,9194.814206241981,9184.916634589921
9478.991597,2017-12-10 04:10:00,9228.947811939765,9213.084100709537,9152.900648801638
9617.286915,2017-12-10 04:20:00,9353.53062491864,9346.302585822034,9308.38312788981
9352.220888,2017-12-10 04:30:00,9543.868019637643,9561.019126716554,9381.49620092425
9283.073229,2017-12-10 04:40:00,9227.333969333005,9219.696261350713,9132.034074043848
9375.270108,2017-12-10 04:50:00,9136.893515611073,9116.601311061011,9121.360871764968
9588.47539,2017-12-10 05:00:00,9239.440999178398,9231.479314480745,9135.380282084034
9530.852341,2017-12-10 05:10:00,9503.289431416386,9513.327952743046,9337.191709774248
9404.081633,2017-12-10 05:20:00,9451.802264087859,9470.665381117553,9317.436149481531
9559.663866,2017-12-10 05:30:00,9300.595324452082,9292.692382540237,9231.225202489133
9853.541417,2017-12-10 05:40:00,9478.851590365477,9471.079809047093,9378.93034191378
9807.442977,2017-12-10 05:50:00,9808.507932384862,9814.49813645464,9589.451019953915
9623.04922,2017-12-10 06:00:00,9723.280892280462,9735.933287976284,9544.313387079374
9340.696279,2017-12-10 06:10:00,9476.43431948638,9469.904596404655,9391.249194933182
9196.638655,2017-12-10 06:20:00,9104.5527115538,9071.287181907233,9113.06808873934
9179.351741,2017-12-10 06:30:00,8928.331187739273,8905.28644240213,9031.988081074987
8706.842737,2017-12-10 06:40:00,8937.347920059772,8947.8578175475,9008.597009515228
7986.554622,2017-12-10 06:50:00,8396.720576004802,8399.752381793494,8503.725615984176
7225.930372,2017-12-10 07:00:00,7689.681610184483,7670.131262920786,8159.391773223327
6569.027611,2017-12-10 07:10:00,6830.492490043971,6795.682538049103,7957.417080386615
6551.740696,2017-12-10 07:20:00,6176.035202002286,6157.787605187657,7964.57934658838
6263.62545,2017-12-10 07:30:00,6350.550905298029,6395.409603045955,7942.355635385506
6280.912365,2017-12-10 07:40:00,6177.0922939745105,6232.435596624777,7940.622127777688
6378.871549,2017-12-10 07:50:00,6319.145919348621,6369.525473712285,7947.040721632423
6586.314526,2017-12-10 08:00:00,6518.7984509691,6547.685652858727,8029.922572203106
6684.273709,2017-12-10 08:10:00,6779.8107208955025,6779.155124062712,8051.536738799792
6666.986795,2017-12-10 08:20:00,6890.1914243485935,6892.575087961888,8061.166038594287
6891.716687,2017-12-10 08:30:00,6838.003596606513,6811.351601560185,8068.397619661155
7162.545018,2017-12-10 08:40:00,7079.105523389737,7056.72856602074,8103.011554967821
7508.283313,2017-12-10 08:50:00,7381.44171017796,7369.883030317058,8114.163075468162
7508.283313,2017-12-10 09:00:00,7775.577736221194,7782.542743556198,8161.656728294536
7623.529412,2017-12-10 09:10:00,7734.910489074115,7733.659350558008,8157.555295288713
7859.783914,2017-12-10 09:20:00,7825.681379747593,7809.383218770239,8170.564199081182
8245.858343,2017-12-10 09:30:00,8073.12915738461,8064.082731164419,8274.957492991049
8326.530612,2017-12-10 09:40:00,8492.423341609723,8499.188920063212,8473.65853388972
8459.063625,2017-12-10 09:50:00,8542.832786579293,8556.488445517944,8529.422220307346
8528.211285,2017-12-10 10:00:00,8656.725862734003,8652.4515453888,8646.29133103122
8931.572629,2017-12-10 10:10:00,8687.178220029942,8671.92856644534,8700.613342246621
9242.737095,2017-12-10 10:20:00,9138.360720548793,9139.027705263705,9067.51468341866
9260.02401,2017-12-10 10:30:00,9461.594958490676,9480.817119170053,9509.224521988082
9323.409364,2017-12-10 10:40:00,9417.431492147847,9418.293345227952,9582.565157683113
9409.843938,2017-12-10 10:50:00,9438.550063392937,9428.299515620554,9578.685640691512
9749.819928,2017-12-10 11:00:00,9394.300635220292,9375.06357823512,9715.67873931396
9738.295318,2017-12-10 11:10:00,9781.3476540076,9788.75519153899,9989.388018293166
9651.860744,2017-12-10 11:20:00,9734.452231098338,9746.55377393269,10011.236578972379
9669.147659,2017-12-10 11:30:00,9598.698245886811,9594.022688006731,9936.24590170718
9767.106843,2017-12-10 11:40:00,9601.106902459705,9592.140535105878,9924.204704195865
10118.60744,2017-12-10 11:50:00,9719.063693556425,9712.915949377944,10001.174965522354
10078.27131,2017-12-10 12:00:00,10167.069651900827,10192.792758503714,10302.542975269258
10233.85354,2017-12-10 12:10:00,10112.04771091916,10124.999338377063,10236.079780735156
10308.76351,2017-12-10 12:20:00,10259.6963066539,10259.752258842336,10425.152392162208
10521.96879,2017-12-10 12:30:00,10316.605661378206,10306.068772904797,10508.648777346782
10452.82113,2017-12-10 12:40:00,10531.87861763293,10521.31961945143,10988.343494088154
10366.38655,2017-12-10 12:50:00,10423.73094086003,10421.60991440175,10746.706384261373
10268.42737,2017-12-10 13:00:00,10327.751060768758,10305.494172390932,10587.413246480814
10343.33733,2017-12-10 13:10:00,10204.252489168317,10184.28858902608,10444.020059140568
10498.91957,2017-12-10 13:20:00,10309.148477871262,10299.289525174565,10468.635901311789
10331.81273,2017-12-10 13:30:00,10502.520360198978,10516.165179669959,10770.848660383715
10372.14886,2017-12-10 13:40:00,10303.86713459493,10305.139593295105,10441.40872581058
10527.73109,2017-12-10 13:50:00,10346.058116207187,10341.115117859226,10560.299020800732
10671.78872,2017-12-10 14:00:00,10557.545788698637,10547.566572046142,11114.452194005993
10781.27251,2017-12-10 14:10:00,10710.09055134271,10704.619926110474,11346.16141203
10579.59184,2017-12-10 14:20:00,10817.227137664438,10820.561390851915,11318.912521337807
10556.54262,2017-12-10 14:30:00,10540.993019558537,10512.915698301518,11238.59953381
10424.0096,2017-12-10 14:40:00,10504.82208151331,10473.80778968261,11204.986298804288
10654.5018,2017-12-10 14:50:00,10359.35934672772,10334.020734568921,10650.2279313954
10412.48499,2017-12-10 15:00:00,10667.554579450949,10662.624021795458,11340.836106348062
10297.2389,2017-12-10 15:10:00,10392.197129637116,10388.106565418015,10641.60551227037
10222.32893,2017-12-10 15:20:00,10255.212101300349,10235.751493523021,10557.772931930935
10268.42737,2017-12-10 15:30:00,10183.562077106568,10167.432128706036,10467.96701219594
10187.7551,2017-12-10 15:40:00,10247.943723860117,10229.446961490383,10525.44685301244
9916.926771,2017-12-10 15:50:00,10175.616220359585,10177.207183830487,10439.403745729445
9997.59904,2017-12-10 16:00:00,9893.848025685418,9871.125842819642,10064.207792628618
10037.93517,2017-12-10 16:10:00,10017.705977660953,9999.369832801902,10087.421362903184
10331.81273,2017-12-10 16:20:00,10092.991884567376,10079.31972342707,10127.695193817206
10303.0012,2017-12-10 16:30:00,10469.308908776093,10477.153881169426,10549.807722390608
10712.12485,2017-12-10 16:40:00,10461.410854354828,10463.824367873949,10524.184603796783
11449.69988,2017-12-10 16:50:00,10957.244257678842,10952.12458184305,11155.442267424862
13155.34214,2017-12-10 17:00:00,12039.203205810143,12057.612016912357,11527.953500884661
14526.77071,2017-12-10 17:10:00,14034.16090858866,14100.12188699336,13476.964599919198
15189.43577,2017-12-10 17:20:00,15488.585010058709,15565.336092107753,15547.973694086731
15350.78031,2017-12-10 17:30:00,15977.86009425375,15976.953684353184,16465.10038047298
15610.08403,2017-12-10 17:40:00,15840.938006891272,15759.616411097668,16661.9181826007
15834.81393,2017-12-10 17:50:00,15897.275464016295,15775.989843223686,16800.000295184804
15679.23169,2017-12-10 18:00:00,16053.396801154478,15982.879466317316,17120.64156394464
15667.70708,2017-12-10 18:10:00,15820.93848237387,15797.448461935188,16787.688929369433
15967.34694,2017-12-10 18:20:00,15800.721953576622,15805.086702699991,16498.43425712764
16082.59304,2017-12-10 18:30:00,16145.950914337809,16165.585636977452,16288.401609445047
16128.69148,2017-12-10 18:40:00,16256.716281266345,16285.602770165558,16412.395169931067
15938.53541,2017-12-10 18:50:00,16288.9488429927,16322.741089593761,16433.28110301006
16019.20768,2017-12-10 19:00:00,16019.028124998687,16010.00708818706,16065.083784137401
16065.30612,2017-12-10 19:10:00,16098.427547003566,16075.91313314459,16118.751933859598
16290.03601,2017-12-10 19:20:00,16165.14479354626,16158.22303220856,16142.480896957162
16053.78151,2017-12-10 19:30:00,16411.356125403207,16418.594175977392,16257.880402719185
15846.33854,2017-12-10 19:40:00,16111.888816181949,16106.758091489195,16035.995286042367
15950.06002,2017-12-10 19:50:00,15845.886742298368,15815.815187350503,15854.637193397826
16036.4946,2017-12-10 20:00:00,15982.033527704689,15965.718722367626,15991.865347779496
16082.59304,2017-12-10 20:10:00,16101.085090373084,16094.850731846029,16083.470415514677
15990.39616,2017-12-10 20:20:00,16173.611379703007,16187.84965672991,16085.900000629803
15903.96158,2017-12-10 20:30:00,16069.055265728404,16063.371882246422,16048.556181325894
15944.29772,2017-12-10 20:40:00,15959.418503912419,15933.676847547162,16039.361880355347
16007.68307,2017-12-10 20:50:00,16001.79349535118,15985.594358077287,16012.113594260747
15696.51861,2017-12-10 21:00:00,16044.383627008656,16035.048571478306,15962.675920461797
15592.79712,2017-12-10 21:10:00,15676.495180229384,15660.202626934997,15674.440156933539
15604.32173,2017-12-10 21:20:00,15568.318951212217,15547.742724300377,15626.790811110208
15829.05162,2017-12-10 21:30:00,15597.310080717398,15580.675265231359,15608.769578001495
15719.56783,2017-12-10 21:40:00,15885.52358026782,15890.221546236142,15833.820165459098
15350.78031,2017-12-10 21:50:00,15750.999598732666,15757.47038561534,15682.589491347933
15160.62425,2017-12-10 22:00:00,15134.89322031099,15107.770993353035,15316.426628063366
14935.89436,2017-12-10 22:10:00,14901.700904930418,14865.151537917556,15023.297480700638
15033.85354,2017-12-10 22:20:00,14655.39665520296,14622.529402116714,14694.732456264535
14463.38535,2017-12-10 22:30:00,14826.188333512015,14833.619526633527,14753.056502745509
14065.78631,2017-12-10 22:40:00,14183.336303540718,14177.929659615138,14292.729663070555
13910.20408,2017-12-10 22:50:00,13751.674257368733,13727.771927683789,13845.707048395749
13633.61345,2017-12-10 23:00:00,13591.1921343818,13577.38755604071,13729.63004731454
13414.64586,2017-12-10 23:10:00,13315.897229995979,13301.925509362092,13462.086607325406
13011.28451,2017-12-10 23:20:00,13136.095605665418,13153.111130530178,13151.236645336943
12665.54622,2017-12-10 23:30:00,12701.698615227968,12687.931160534925,12862.513387059054
12481.15246,2017-12-10 23:40:00,12332.955509018524,12304.807582718968,12396.16204705993
12135.41417,2017-12-10 23:50:00,12196.537810884616,12184.56708518689,12198.642154754762
11639.85594,2017-12-11 00:00:00,11846.124392101887,11846.326439637702,11893.91861908399
11063.62545,2017-12-11 00:10:00,11324.76137903353,11323.911229788087,11494.482233655515
11069.38776,2017-12-11 00:20:00,10722.700569256915,10706.992413031712,11009.792841474218
11040.57623,2017-12-11 00:30:00,10839.630141649233,10845.175202280698,10994.2702488243
10844.65786,2017-12-11 00:40:00,10896.42965204723,10925.48984429191,10956.323649064136
10602.64106,2017-12-11 00:50:00,10725.937964175002,10751.151037017138,10839.148411511898
10447.05882,2017-12-11 01:00:00,10444.167453021437,10448.516482369538,10543.715594827188
10429.77191,2017-12-11 01:10:00,10277.523895345003,10250.017915701454,10297.58001819544
10475.87035,2017-12-11 01:20:00,10309.093687593442,10300.3746253165,10220.592091773444
10199.27971,2017-12-11 01:30:00,10392.170935661681,10399.350104895868,10358.986901481858
10014.88595,2017-12-11 01:40:00,10082.763740471904,10076.34181156513,10125.38399656169
9957.262905,2017-12-11 01:50:00,9880.620957803367,9862.956698650847,9842.305795568298
10101.32053,2017-12-11 02:00:00,9796.890271731514,9782.199546868767,9801.399819451919
10078.27131,2017-12-11 02:10:00,9999.773943653156,10004.879761029337,9982.580575236592
9836.254502,2017-12-11 02:20:00,9991.97123153651,10007.549797171589,9936.769560119174
9853.541417,2017-12-11 02:30:00,9705.768445839529,9696.415061489435,9671.916463713555
9899.639856,2017-12-11 02:40:00,9725.31507002833,9709.274731340427,9683.217527532332
9991.836735,2017-12-11 02:50:00,9785.879513943106,9771.99555355497,9733.004529743923
9686.434574,2017-12-11 03:00:00,9862.622602725636,9868.37727603121,9836.697492107352
9680.672269,2017-12-11 03:10:00,9505.467674858606,9500.28345428668,9533.010285250846
9576.95078,2017-12-11 03:20:00,9499.60636548536,9481.1060007241,9557.902957327704
9669.147659,2017-12-11 03:30:00,9397.22179769669,9383.086299313982,9480.377462428838
9617.286915,2017-12-11 03:40:00,9521.677665248659,9522.696489745107,9527.120335231217
9530.852341,2017-12-11 03:50:00,9481.214412334752,9493.822635972363,9505.284592374834
9432.893157,2017-12-11 04:00:00,9357.885437151737,9349.934053682318,9438.715693473396
9496.278511,2017-12-11 04:10:00,9253.986832200599,9246.329704121938,9324.986396624096
9525.090036,2017-12-11 04:20:00,9345.13405199147,9339.240240722058,9414.309449170632
9409.843938,2017-12-11 04:30:00,9380.895018043804,9385.020861470122,9428.338319316816
9386.794718,2017-12-11 04:40:00,9249.938886417567,9248.04826167486,9303.355188083015
9697.959184,2017-12-11 04:50:00,9233.226924869825,9227.267262521993,9235.77373985321
9882.352941,2017-12-11 05:00:00,9598.037794838478,9604.675764752432,9463.363614465978
9859.303721,2017-12-11 05:10:00,9797.56272252438,9810.84318073068,9688.57011504542
9761.344538,2017-12-11 05:20:00,9738.727771875558,9744.543916278371,9611.636314201274
9888.115246,2017-12-11 05:30:00,9598.28881614017,9581.900387320473,9604.204744356903
10043.69748,2017-12-11 05:40:00,9737.44126766486,9716.67230437593,9649.613416211514
10135.89436,2017-12-11 05:50:00,9913.890761238616,9914.646531563878,9858.119729020014
9974.54982,2017-12-11 06:00:00,9996.072408182376,10009.92010884996,9939.270673821035
9842.016807,2017-12-11 06:10:00,9766.17759139173,9763.244506813928,9781.334018012305
9882.352941,2017-12-11 06:20:00,9578.245372594218,9557.528130637233,9640.004579005485
8505.162065,2017-12-11 06:30:00,9625.519822237287,9615.724971606936,9692.654758921248
7802.160864,2017-12-11 06:40:00,7958.2093054193465,7910.27121157542,8342.710375364779
9254.261705,2017-12-11 06:50:00,7195.224585024818,7164.529058823411,8087.631598642402
5935.17407,2017-12-11 07:00:00,9161.842654556476,9223.077297613472,9065.820542220436
7681.152461,2017-12-11 07:10:00,5199.201905597001,5139.35871173837,8004.742039835958
8003.841537,2017-12-11 07:20:00,7573.524282782086,7682.90809263405,7955.713838549222
7859.783914,2017-12-11 07:30:00,7976.586181758912,8024.35465913123,8030.420849957541
7767.587035,2017-12-11 07:40:00,7777.2175653888735,7767.147063610373,7993.924495461221
7854.021609,2017-12-11 07:50:00,7819.345108865293,7936.488559012589,7936.5662595217755
8199.759904,2017-12-11 08:00:00,7728.68739523433,7585.696421838153,8070.1351590543145
8522.44898,2017-12-11 08:10:00,8200.569022580152,8178.432045525393,8253.355022222397
8672.268908,2017-12-11 08:20:00,8568.830052974326,8575.40812523491,8523.283015328354
8787.515006,2017-12-11 08:30:00,8702.485205447558,8699.578213050749,8594.330544449444
8960.384154,2017-12-11 08:40:00,8782.416401196038,8761.337990848753,8819.618082248908
9104.441777,2017-12-11 08:50:00,8943.836671269788,8903.808737438683,8984.052594019795
9104.441777,2017-12-11 09:00:00,9086.887944972626,9077.268075013328,9282.44186244053
9421.368547,2017-12-11 09:10:00,9061.344542916953,9046.612740416802,9337.896914035688
9594.237695,2017-12-11 09:20:00,9423.042377716702,9418.604046938832,9691.782523308786
9928.451381,2017-12-11 09:30:00,9608.337930879174,9605.665611130193,9806.227228262209
9784.393758,2017-12-11 09:40:00,9964.619942875954,9972.031890202803,9942.221087204494
9853.541417,2017-12-11 09:50:00,9739.105797980763,9729.33697345627,9890.032874392597
9963.02521,2017-12-11 10:00:00,9802.596128686457,9775.816817411032,9928.15740045806
10251.14046,2017-12-11 10:10:00,9935.672764386909,9922.124784044547,10001.841905080195
10481.63265,2017-12-11 10:20:00,10276.066556175458,10276.928934341558,10398.425732339365
10470.10804,2017-12-11 10:30:00,10530.369047458174,10553.425272524673,10778.947196735078
10596.87875,2017-12-11 10:40:00,10461.771409389155,10456.767326614648,10759.632166854364
10908.04322,2017-12-11 10:50:00,10572.31118336687,10560.717665190918,11196.44889209855
11178.87155,2017-12-11 11:00:00,10818.42575294982,10814.39872026147,11275.666108338024
11271.06843,2017-12-11 11:10:00,11098.026667421866,11105.083632677763,11419.083887378936
11956.78271,2017-12-11 11:20:00,11152.2710018822,11158.483863408583,11421.839613908985
12233.37335,2017-12-11 11:30:00,11897.83367670517,11908.412352247393,11996.842929542487
12492.67707,2017-12-11 11:40:00,12128.866453789487,12125.972985569846,12223.143344295899
12458.10324,2017-12-11 11:50:00,12366.446502247181,12361.975418749193,12468.086739779641
12331.33253,2017-12-11 12:00:00,12259.732807599923,12234.283277422912,12435.951311848195
12504.20168,2017-12-11 12:10:00,12039.559364283483,11983.299759328085,12367.294526900174
12648.2593,2017-12-11 12:20:00,12247.806499559763,12230.313789878117,12521.018550535098
12769.26771,2017-12-11 12:30:00,12423.972299199133,12423.933375661523,12634.484013775233
12630.97239,2017-12-11 12:40:00,12558.944088155215,12575.008284331107,12739.895480193874
12596.39856,2017-12-11 12:50:00,12362.209382180135,12359.544655045138,12607.458712967797
12688.59544,2017-12-11 13:00:00,12322.196280213644,12296.737642157863,12558.895627280297
13437.69508,2017-12-11 13:10:00,12436.504773580591,12422.527464117182,12605.04485733817
11830.012,2017-12-11 13:20:00,13331.748416232154,13353.019921555366,13320.77355013303
12429.29172,2017-12-11 13:30:00,11359.332197658365,11307.265400207747,11885.302587332604
12175.7503,2017-12-11 13:40:00,12131.503173815796,12111.800585413945,12447.516590512218
12216.08643,2017-12-11 13:50:00,11850.054345959172,11823.162711768106,12177.49294910538
12089.31573,2017-12-11 14:00:00,11982.320932265,11974.711510880754,12205.332311546737
12348.61945,2017-12-11 14:10:00,11950.916137152404,12017.976374319845,12083.23407620022
12187.27491,2017-12-11 14:20:00,12193.197483342845,12152.745884133059,12391.664975010859
12002.88115,2017-12-11 14:30:00,12025.527938098232,12018.512931728928,12232.373974379925
11974.06963,2017-12-11 14:40:00,11796.458901052716,11765.994073594957,12087.85493252173
11933.73349,2017-12-11 14:50:00,11795.355651457108,11773.82544156718,12100.170670878018
11830.012,2017-12-11 15:00:00,11761.379073731054,11727.388781760947,12031.273979053825
11570.70828,2017-12-11 15:10:00,11667.556771305106,11651.737731769543,11938.973337606092
11501.56062,2017-12-11 15:20:00,11378.32779294311,11361.425907595523,11685.39259812044
11363.26531,2017-12-11 15:30:00,11328.522599134165,11304.417158938839,11642.035526529622
11432.41297,2017-12-11 15:40:00,11194.77793554216,11177.129424422907,11520.109828421007
11294.11765,2017-12-11 15:50:00,11300.598319583023,11295.214671302685,11559.524287962615
11196.15846,2017-12-11 16:00:00,11192.764883477332,11183.207687603903,11448.642916021081
11334.45378,2017-12-11 16:10:00,11098.23613971476,11073.420354228718,11410.369649176637
11559.18367,2017-12-11 16:20:00,11305.066483680474,11291.513424498782,11499.731121450155
11645.61825,2017-12-11 16:30:00,11570.212106993513,11558.42774013564,11660.860205237606
11680.19208,2017-12-11 16:40:00,11696.743001969156,11693.334314868564,11753.31975136679
12533.01321,2017-12-11 16:50:00,11760.372640291367,11745.829140302989,11689.626614079176
14140.69628,2017-12-11 17:00:00,12993.582005438559,13000.639882567055,12721.295415938057
16048.01921,2017-12-11 17:10:00,14889.024020376615,14951.976410660327,14957.850715874312
16664.58583,2017-12-11 17:20:00,16978.95148795868,17075.262155237127,16847.742045465642
17188.95558,2017-12-11 17:30:00,17380.193065818665,17399.88974918921,17544.538875438404
17430.97239,2017-12-11 17:40:00,17631.444531297133,17548.49239113192,18017.41717367013
17454.02161,2017-12-11 17:50:00,17611.046265354722,17474.98610239281,18313.956535079953
17229.29172,2017-12-11 18:00:00,17447.269976029278,17325.988323522026,18344.735634669407
17212.0048,2017-12-11 18:10:00,17144.03031020114,17097.092270972684,17899.804690841724
17165.90636,2017-12-11 18:20:00,17123.61716097812,17100.504480523003,17450.015022675347
17286.91477,2017-12-11 18:30:00,17096.828328930475,17105.235511331422,16905.746333150615
17505.88235,2017-12-11 18:40:00,17267.252902789936,17302.89695681491,17138.866956413294
17240.81633,2017-12-11 18:50:00,17524.285672152233,17567.68100471209,17244.09594150244
17137.09484,2017-12-11 19:00:00,17180.610182823548,17178.824889875592,16926.90605918908
16013.44538,2017-12-11 19:10:00,17060.382916150113,17040.890212519476,16687.776378926203
16030.73229,2017-12-11 19:20:00,15730.679828020073,15666.213412389423,15787.736144387987
16088.35534,2017-12-11 19:30:00,15826.37780987905,15798.720391316128,15756.179449580044
15794.47779,2017-12-11 19:40:00,15998.402978789867,16022.40996596069,15824.74605489244
15817.52701,2017-12-11 19:50:00,15739.188983727574,15763.311929714107,15545.44297583921
15869.38776,2017-12-11 20:00:00,15866.502937267454,15918.079159226623,15670.84247384681
16330.37215,2017-12-11 20:10:00,15929.59782942474,15911.762488315919,15893.60938473702
16215.12605,2017-12-11 20:20:00,16476.51922314087,16481.666028173342,16215.44090662916
16128.69148,2017-12-11 20:30:00,16320.877414858141,16318.651060162554,16125.454707122852
15967.34694,2017-12-11 20:40:00,16186.71397520193,16149.265507453305,16035.083875566348
15909.72389,2017-12-11 20:50:00,15975.357954218194,15924.64228652094,15909.833119187935
15857.86315,2017-12-11 21:00:00,15857.386614800773,15800.775930707623,15846.224448258909
15558.22329,2017-12-11 21:10:00,15833.102851261257,15821.693304902428,15822.238400932676
15442.97719,2017-12-11 21:20:00,15502.568852536955,15481.371925829797,15490.188075477385
15287.39496,2017-12-11 21:30:00,15417.778104311075,15401.922284362328,15339.452817004965
15327.73109,2017-12-11 21:40:00,15262.03725920376,15244.621277583043,15198.549737289306
15005.04202,2017-12-11 21:50:00,15329.238790951038,15322.757146102253,15264.577698862446
14359.66387,2017-12-11 22:00:00,14815.100331066595,14808.302980910199,14820.058036994777
14267.46699,2017-12-11 22:10:00,14062.964374101679,14022.390733883265,14282.710550152908
14083.07323,2017-12-11 22:20:00,14034.949091482838,14012.425993906068,14180.157752707268
13806.48259,2017-12-11 22:30:00,13854.32674856937,13838.018259209624,13932.767164704363
13385.83433,2017-12-11 22:40:00,13596.97714760734,13603.446902841246,13642.620484402962
12970.94838,2017-12-11 22:50:00,13171.104605976996,13169.941631814516,13368.087325398677
12590.63625,2017-12-11 23:00:00,12685.419476262006,12649.326280756139,12877.855857150953
12492.67707,2017-12-11 23:10:00,12311.931632818576,12289.33495073259,12445.663013195517
12290.9964,2017-12-11 23:20:00,12274.482448378109,12271.705481460696,12324.724355751941
11997.11885,2017-12-11 23:30:00,12105.580128508678,12108.327517151014,12169.17051737339
11680.19208,2017-12-11 23:40:00,11817.197558810605,11806.164699504163,11939.994812806563
11443.93758,2017-12-11 23:50:00,11487.259991286202,11461.58570089807,11684.126212627936
11213.44538,2017-12-12 00:00:00,11250.980147595521,11231.976953084471,11410.010988670798
10712.12485,2017-12-12 00:10:00,11014.715154178633,11004.391263009287,11165.777065184555
10510.44418,2017-12-12 00:20:00,10493.941042907427,10480.097983269083,10596.434901223316
10337.57503,2017-12-12 00:30:00,10345.547644167147,10338.813684453495,10368.578346514523
10400.96038,2017-12-12 00:40:00,10207.889372379472,10204.811468939344,10131.189238317142
10084.03361,2017-12-12 00:50:00,10343.73853504127,10355.827428955601,10138.132963991597
9795.918367,2017-12-12 01:00:00,9978.669196609058,9986.61309724358,10049.074297587482
9767.106843,2017-12-12 01:10:00,9673.097888280594,9653.049734869384,9724.907680487668
9790.156062,2017-12-12 01:20:00,9693.750430343433,9679.451070366744,9648.384190293093
9784.393758,2017-12-12 01:30:00,9740.25954109551,9729.6463749385,9680.457853694968
9398.319328,2017-12-12 01:40:00,9771.374614609489,9780.91856823043,9638.423573868897
9311.884754,2017-12-12 01:50:00,9326.617320277695,9309.043446240179,9372.641720872025
9288.835534,2017-12-12 02:00:00,9217.704991681996,9192.04381477054,9298.521430860537
9421.368547,2017-12-12 02:10:00,9222.14129890862,9208.707031412621,9266.43415787602
9248.4994,2017-12-12 02:20:00,9401.39833840905,9407.227044392475,9349.097096431753
9023.769508,2017-12-12 02:30:00,9225.60205989675,9234.611570197601,9161.667659940671
8914.285714,2017-12-12 02:40:00,8962.978377542158,8941.028430812956,9022.94129275094
9035.294118,2017-12-12 02:50:00,8857.210734834785,8835.971225668258,8963.106284541183
9052.581032,2017-12-12 03:00:00,8974.338608626475,8967.901274145393,9018.216853204101
8810.564226,2017-12-12 03:10:00,9026.393401881307,9039.269341850186,9045.189054341112
8770.228091,2017-12-12 03:20:00,8745.721800857635,8742.045880066737,8900.244815838143
8793.277311,2017-12-12 03:30:00,8718.227296512121,8704.387635203742,8850.054526541675
9012.244898,2017-12-12 03:40:00,8746.760590807475,8732.07139560532,8889.206218811096
8833.613445,2017-12-12 03:50:00,9019.992731853657,9027.819495933865,8980.129074847606
8764.465786,2017-12-12 04:00:00,8784.89794137877,8790.0407221403,8896.42726476383
8747.178872,2017-12-12 04:10:00,8701.03024580583,8686.55034834053,8833.321533162352
8971.908764,2017-12-12 04:20:00,8684.346761050972,8668.28958728148,8815.3354290537
9029.531813,2017-12-12 04:30:00,8942.687819484456,8938.180932128345,8918.991115056666
8787.515006,2017-12-12 04:40:00,9017.097100595407,9030.357353687532,8979.026299834739
8839.37575,2017-12-12 04:50:00,8729.332920070305,8717.337331785755,8859.702462513354
8966.146459,2017-12-12 05:00:00,8786.680678785791,8775.256119672915,8892.032966405348
9208.163265,2017-12-12 05:10:00,8926.331627917329,8917.86584392167,8904.816998477238
9058.343337,2017-12-12 05:20:00,9210.144790919065,9225.790475651878,9106.11644193705
9087.154862,2017-12-12 05:30:00,9030.097481947672,9040.04524007704,8995.348569172716
9450.180072,2017-12-12 05:40:00,9051.250493174975,9039.42024414946,9069.38404336709
9484.753902,2017-12-12 05:50:00,9466.382782573359,9467.3974758,9438.868040305639
9398.319328,2017-12-12 06:00:00,9455.49261822841,9454.409739284856,9432.883366499782
9081.392557,2017-12-12 06:10:00,9325.324808499536,9328.523358235449,9278.306262908302
8885.47419,2017-12-12 06:20:00,8918.170295880751,8888.880935912075,9002.084355223564
8729.891957,2017-12-12 06:30:00,8610.800212786147,8569.774591173196,8844.469370217003
8689.555822,2017-12-12 06:40:00,8428.836321378845,8417.922521903332,8721.346616217781
8303.481393,2017-12-12 06:50:00,8502.775204829075,8516.514912581839,8608.629397561468
7900.120048,2017-12-12 07:00:00,8033.87609733424,8025.059449199607,8400.479189146647
7393.037215,2017-12-12 07:10:00,7685.374450446843,7665.481858187211,8157.35230247246
7312.364946,2017-12-12 07:20:00,7167.23241973973,7143.660720600959,8079.549823137034
7266.266507,2017-12-12 07:30:00,7155.679565117138,7151.655433582531,8082.391479694703
6926.290516,2017-12-12 07:40:00,7203.326589604516,7226.8928540611105,8075.170299490958
6897.478992,2017-12-12 07:50:00,6880.256434849145,6891.478648632534,8098.773464705191
7018.487395,2017-12-12 08:00:00,6949.834492436037,6960.928798322224,8140.1360732334715
7346.938776,2017-12-12 08:10:00,7142.941293355201,7140.644253088021,8198.042879811464
7329.651861,2017-12-12 08:20:00,7561.009559292652,7575.394706721281,8200.52609024704
7381.512605,2017-12-12 08:30:00,7543.797697496,7554.5472222311,8213.399764577312
7508.283313,2017-12-12 08:40:00,7579.321200430526,7561.263581099312,8226.698015316879
7727.2509,2017-12-12 08:50:00,7705.601801278297,7682.277937441604,8214.895651158016
7761.82473,2017-12-12 09:00:00,7948.741072414821,7932.250023637607,8286.808841206555
7761.82473,2017-12-12 09:10:00,7988.002773996894,7989.347123962436,8330.099365684675
7830.972389,2017-12-12 09:20:00,7968.595636370497,7959.804415285742,8349.010639309128
7911.644658,2017-12-12 09:30:00,8050.009603887167,8040.293113997786,8409.37939715271
8320.768307,2017-12-12 09:40:00,8117.901827716709,8112.637695327181,8380.89798063916
8251.620648,2017-12-12 09:50:00,8597.658632660354,8619.31683246991,8595.587833867046
8251.620648,2017-12-12 10:00:00,8505.689597866483,8512.530493934346,8552.672777120064
8430.252101,2017-12-12 10:10:00,8492.066558356555,8486.609657106992,8568.790857316619
8574.309724,2017-12-12 10:20:00,8690.544725209504,8687.388561262806,8718.277468578743
8781.752701,2017-12-12 10:30:00,8820.033018905926,8813.422191561194,8798.027633374872
8781.752701,2017-12-12 10:40:00,9065.191882961193,9086.71643927611,8955.069647233404
9081.392557,2017-12-12 10:50:00,9039.095131298389,9042.963190892266,9090.50503631262
9092.917167,2017-12-12 11:00:00,9273.62399547223,9280.25717325239,9393.982209883125
9490.516206,2017-12-12 11:10:00,9246.825744035345,9249.243582224819,9489.309040245666
9352.220888,2017-12-12 11:20:00,9714.052603338954,9730.988281133157,9870.335932648286
9363.745498,2017-12-12 11:30:00,9516.572871824847,9524.293624226018,9755.91327438365
9415.606242,2017-12-12 11:40:00,9502.574273640279,9494.709352704585,9769.88755729638
9674.909964,2017-12-12 11:50:00,9558.00354315068,9565.045593836037,9849.59306643647
9790.156062,2017-12-12 12:00:00,9863.439803428051,9870.493681769734,9977.60219037054
9657.623049,2017-12-12 12:10:00,10008.619089443455,10041.44923949047,10021.652253051894
9767.106843,2017-12-12 12:20:00,9822.525892866008,9829.981789797563,10001.635855239478
9600.0,2017-12-12 12:30:00,9941.17652218082,9945.811745865794,10032.479952802443
9905.402161,2017-12-12 12:40:00,9709.358123266586,9700.954564366937,9981.24638492743
9853.541417,2017-12-12 12:50:00,10080.639552809615,10100.44670770234,10086.678053362468
9795.918367,2017-12-12 13:00:00,10047.549960935974,10067.654496060406,10035.87845504888
9876.590636,2017-12-12 13:10:00,10002.260551191732,10007.573964687215,10049.13401910414
10032.17287,2017-12-12 13:20:00,10015.39214185144,10024.106893233122,10033.73535468501
9968.787515,2017-12-12 13:30:00,10200.882579818317,10200.193149778552,10206.494628062397
9888.115246,2017-12-12 13:40:00,10112.710203469793,10124.591819899008,10148.04146471138
9761.344538,2017-12-12 13:50:00,10012.506933586752,10013.849188352699,10061.183981340135
9807.442977,2017-12-12 14:00:00,9878.566115949623,9864.906313749703,10045.729947761689
9957.262905,2017-12-12 14:10:00,9960.562327438995,9959.365640232429,10068.957238129098
9899.639856,2017-12-12 14:20:00,10145.831731328286,10164.581450244801,10147.773709812447
9657.623049,2017-12-12 14:30:00,10067.252350590365,10080.13602310062,10086.357494888844
9634.57383,2017-12-12 14:40:00,9771.585855547462,9767.399166911006,10022.174307681084
9772.869148,2017-12-12 14:50:00,9750.187052882582,9740.218317953892,10036.765070628015
9790.156062,2017-12-12 15:00:00,9941.762570693823,9940.40174785599,10054.583708127506
9519.327731,2017-12-12 15:10:00,9964.703536390476,9976.771017179755,10041.284203952457
9386.794718,2017-12-12 15:20:00,9646.01503693644,9645.381934759185,9987.83970606279
9415.606242,2017-12-12 15:30:00,9488.420448708577,9470.815088900163,9886.379510620374
9646.098439,2017-12-12 15:40:00,9539.294086439297,9527.96848343332,9968.206541293654
9467.466987,2017-12-12 15:50:00,9831.939206378094,9847.470075576999,10013.088268288633
9369.507803,2017-12-12 16:00:00,9650.281481012484,9659.669292203227,9900.115045445185
9536.614646,2017-12-12 16:10:00,9540.67828394084,9529.118246715523,9863.606430520165
9329.171669,2017-12-12 16:20:00,9752.766174930222,9741.340694006547,9963.791771539025
9254.261705,2017-12-12 16:30:00,9503.679130867815,9485.381535306286,9820.914403930612
9571.188475,2017-12-12 16:40:00,9456.86800428011,9460.470657558315,9720.251927534928
10014.88595,2017-12-12 16:50:00,9906.952950608793,9921.009650567164,9912.690408469223
11933.73349,2017-12-12 17:00:00,10671.575546301108,10696.08178634036,10418.980798342753
13668.18727,2017-12-12 17:10:00,13019.742658788793,13136.388106651571,12469.099388469009
14215.60624,2017-12-12 17:20:00,14888.40257497113,15003.081535879268,14349.262735919454
14832.17287,2017-12-12 17:30:00,15211.649925153994,15235.389687541594,15430.07638756356
15068.42737,2017-12-12 17:40:00,15606.51157351504,15557.234949093594,16154.139048798803
15229.77191,2017-12-12 17:50:00,15540.225679439123,15406.313885208263,16716.1187257817
15442.97719,2017-12-12 18:00:00,15550.648946530948,15459.723300798138,16754.998899404032
15396.87875,2017-12-12 18:10:00,15746.04736901103,15732.069321293222,16649.030636215986
15431.45258,2017-12-12 18:20:00,15622.175639592728,15611.401256023311,16412.296825814043
15500.60024,2017-12-12 18:30:00,15651.900185531606,15668.339083054285,15964.499695012193
15725.33013,2017-12-12 18:40:00,15727.107079495694,15750.942164944308,16088.91697603757
15563.98559,2017-12-12 18:50:00,15957.53822855023,15988.91766278853,16324.701067831742
15454.5018,2017-12-12 19:00:00,15740.325280463314,15756.13340682824,15931.150780283147
15506.36255,2017-12-12 19:10:00,15536.493106018332,15524.070626217508,15732.100330896606
15610.08403,2017-12-12 19:20:00,15603.061123568992,15591.149590897232,15781.83226765432
15771.42857,2017-12-12 19:30:00,15725.473473818876,15717.537311161572,15934.616004222691
15523.64946,2017-12-12 19:40:00,15910.281963868241,15923.008524719957,15921.8481505153
15270.10804,2017-12-12 19:50:00,15599.055187683154,15585.73148503632,15742.234103343328
15362.30492,2017-12-12 20:00:00,15275.375667891816,15240.379458640973,15376.529931880357
15759.90396,2017-12-12 20:10:00,15428.687234378674,15409.184459341996,15553.032761221571
15644.65786,2017-12-12 20:20:00,15912.513933627277,15920.684960698525,15945.677223472168
15466.02641,2017-12-12 20:30:00,15774.74646018891,15788.123722243146,15819.054025029298
15575.5102,2017-12-12 20:40:00,15539.810234198052,15524.714698562231,15612.024990680711
15817.52701,2017-12-12 20:50:00,15645.504352741704,15613.851518786043,15814.0776520933
15587.03481,2017-12-12 21:00:00,15885.834127989694,15862.320416993112,16009.568469633208
15200.96038,2017-12-12 21:10:00,15601.5519873216,15591.430734692853,15711.522578778438
15206.72269,2017-12-12 21:20:00,15136.567205714206,15104.858544680623,15172.852993881439
15016.56663,2017-12-12 21:30:00,15154.309540088343,15116.87291152877,15168.20442351427
14993.51741,2017-12-12 21:40:00,14957.927288687088,14931.927821064106,15038.26933025232
15777.19088,2017-12-12 21:50:00,14972.786744911864,14981.993810748503,14983.246832883757
15431.45258,2017-12-12 22:00:00,15745.994185879346,15784.324543934174,15684.416808749565
15275.87035,2017-12-12 22:10:00,15272.31486186924,15253.460154444916,15299.847106880923
15154.86194,2017-12-12 22:20:00,15062.77633160862,15033.131075383997,15111.190071725392
14866.7467,2017-12-12 22:30:00,14866.68348489034,14811.92499388995,15009.134098909759
14313.56543,2017-12-12 22:40:00,14480.070584132316,14405.226390250464,14542.285286284248
13904.44178,2017-12-12 22:50:00,13883.903621444799,13859.826718618146,13913.794284081901
13685.47419,2017-12-12 23:00:00,13413.611902395058,13379.452478941685,13743.602269188434
13645.13806,2017-12-12 23:10:00,13243.896443428763,13228.435759778278,13507.207602191886
13149.57983,2017-12-12 23:20:00,13288.08827870051,13298.449363956832,13375.45701503341
12780.79232,2017-12-12 23:30:00,12765.80057943586,12768.469426443098,12992.294784850017
12486.91477,2017-12-12 23:40:00,12384.889757946608,12364.790873254042,12505.334185170761
12319.80792,2017-12-12 23:50:00,12091.987284609015,12055.339258508116,12194.784469913713
12181.51261,2017-12-13 00:00:00,11981.839918760012,11971.692380341869,12110.32845339813
11709.0036,2017-12-13 00:10:00,11881.241756457355,11894.105861637167,11916.686944271447
11472.7491,2017-12-13 00:20:00,11374.970643119426,11361.195358022782,11518.28030446521
11317.16687,2017-12-13 00:30:00,11159.190405416382,11139.92892499192,11290.804126794932
11317.16687,2017-12-13 00:40:00,11045.24300068045,11029.979869326373,11096.851230749586
11011.76471,2017-12-13 00:50:00,11098.16972325457,11097.811598866203,11013.826791115122
10740.93637,2017-12-13 01:00:00,10746.439378991457,10748.040949902392,10737.231863732226
10642.97719,2017-12-13 01:10:00,10467.424772574563,10445.13110128399,10536.266902736008
10602.64106,2017-12-13 01:20:00,10403.86627298042,10384.746369645574,10474.873167029988
10527.73109,2017-12-13 01:30:00,10398.292633587575,10386.313259046685,10423.335852368016
10193.51741,2017-12-13 01:40:00,10340.689149186739,10344.336073580915,10397.23832436349
10135.89436,2017-12-13 01:50:00,9968.683717861419,9953.032691350585,10107.96324665979
10072.509,2017-12-13 02:00:00,9904.538421302641,9886.135579114482,9985.821369951444
10222.32893,2017-12-13 02:10:00,9872.577138224064,9861.686530640272,9936.198491044981
9974.54982,2017-12-13 02:20:00,10077.526741349335,10081.969560386184,10092.95377423713
9818.967587,2017-12-13 02:30:00,9795.739544322954,9791.248487217787,9805.751058435842
9778.631453,2017-12-13 02:40:00,9616.005094249917,9588.886581383518,9645.740001986573
9818.967587,2017-12-13 02:50:00,9598.813124457272,9577.555978716682,9644.942503925971
9795.918367,2017-12-13 03:00:00,9633.68725882886,9620.236020518492,9648.506600245044
9565.42617,2017-12-13 03:10:00,9628.920122897212,9634.13977321423,9624.904393480065
9588.47539,2017-12-13 03:20:00,9360.684310465018,9343.707748038454,9493.962147080963
9565.42617,2017-12-13 03:30:00,9407.286381114416,9388.015084219336,9508.895512915933
9790.156062,2017-12-13 03:40:00,9404.057212751562,9389.380797467875,9507.008536672658
9594.237695,2017-12-13 03:50:00,9679.887622165737,9682.073162774443,9634.307462266652
9392.557023,2017-12-13 04:00:00,9420.624182632553,9415.437056538025,9481.855847711642
9288.835534,2017-12-13 04:10:00,9173.610184231233,9144.21756723516,9238.522532961135
9421.368547,2017-12-13 04:20:00,9076.411470628336,9053.712897952264,9169.121706440037
9461.704682,2017-12-13 04:30:00,9254.627154853511,9243.293739146638,9282.332153748852
9323.409364,2017-12-13 04:40:00,9324.313474345567,9337.14269181641,9373.80963209231
9363.745498,2017-12-13 04:50:00,9177.8087882448,9175.679928781683,9161.002979945377
9467.466987,2017-12-13 05:00:00,9223.870307249425,9214.885416136734,9185.480783518473
9726.770708,2017-12-13 05:10:00,9350.454242944134,9339.589477813655,9366.689444448588
9582.713085,2017-12-13 05:20:00,9645.036981870093,9650.91737317312,9502.835632372135
9669.147659,2017-12-13 05:30:00,9458.884171216745,9455.725001622806,9402.096116828065
10026.41056,2017-12-13 05:40:00,9559.74313870903,9545.13430427575,9441.315594668098
10084.03361,2017-12-13 05:50:00,9961.983231799633,9958.090868544079,9840.499754081322
9997.59904,2017-12-13 06:00:00,9974.646199700926,9968.372458565722,9921.687696569656
9680.672269,2017-12-13 06:10:00,9832.38394859065,9829.773159525688,9815.11463918384
9444.417767,2017-12-13 06:20:00,9410.835591272298,9374.362445016961,9499.88744139879
9306.122449,2017-12-13 06:30:00,9093.115885213627,9048.924669696578,9358.136342515538
9150.540216,2017-12-13 06:40:00,8963.761712477084,8952.195404189508,9158.281154598506
8902.761104,2017-12-13 06:50:00,8850.318175677996,8857.973736113288,9035.006272098106
8228.571429,2017-12-13 07:00:00,8657.0109594692,8659.230080781528,8817.089259284023
7675.390156,2017-12-13 07:10:00,7916.525814609766,7892.701667995067,8407.365092401782
7508.283313,2017-12-13 07:20:00,7345.2811016351225,7318.39969758304,8104.988459809383
7525.570228,2017-12-13 07:30:00,7261.7174323916115,7260.349991346953,8053.825912703327
7179.831933,2017-12-13 07:40:00,7386.715049327269,7413.28188335628,8033.847133329956
7064.585834,2017-12-13 07:50:00,7080.897678575482,7111.8046928663625,8025.850379274356
7110.684274,2017-12-13 08:00:00,7040.518248153749,7050.8640379148765,8108.353867274206
7404.561825,2017-12-13 08:10:00,7158.164992820832,7152.631088429891,8119.429302363308
7588.955582,2017-12-13 08:20:00,7537.082793164072,7543.261561350122,8115.735169989893
7537.094838,2017-12-13 08:30:00,7770.252241133716,7789.163618610164,8128.523240692809
7116.446579,2017-12-13 08:40:00,7678.755580878413,7663.97533179534,8144.558629691714
7289.315726,2017-12-13 08:50:00,7154.726156175724,7107.3081973834,8170.9297359571665
7635.054022,2017-12-13 09:00:00,7382.343676735754,7349.203578462633,8215.644861863067
7554.381753,2017-12-13 09:10:00,7815.390899763761,7822.114828775942,8223.87974851029
7612.004802,2017-12-13 09:20:00,7728.039128195362,7744.729220940726,8239.718470604621
7721.488595,2017-12-13 09:30:00,7804.192513746311,7820.390013403647,8231.104316785217
7894.357743,2017-12-13 09:40:00,7903.020488566557,7887.391913149784,8235.401187349442
8211.284514,2017-12-13 09:50:00,8077.368912948174,8068.207740353035,8289.666915669735
8119.087635,2017-12-13 10:00:00,8466.525288572093,8484.841468784938,8444.538140465715
8119.087635,2017-12-13 10:10:00,8318.933381555038,8311.441078239017,8452.313024582434
8931.572629,2017-12-13 10:20:00,8294.64639233588,8278.129781032474,8463.334233332009
9732.533013,2017-12-13 10:30:00,9231.941343455293,9246.156549671194,9019.064632145748
9744.057623,2017-12-13 10:40:00,10095.055007858786,10130.041461917468,9669.235979104717
9772.869148,2017-12-13 10:50:00,10018.777704116934,10037.70361886978,9765.5460636786
9853.541417,2017-12-13 11:00:00,9835.022162423984,9808.904742195165,9759.123935443626
9997.59904,2017-12-13 11:10:00,9832.675140644042,9769.53105312265,9865.715998011356
10349.09964,2017-12-13 11:20:00,9972.399303048085,9942.386769003337,10131.752314801352
9202.40096,2017-12-13 11:30:00,10401.18717397951,10429.460481531749,10510.258352881494
8608.883553,2017-12-13 11:40:00,8999.609908220544,8969.44016016153,9517.46408901984
8989.195678,2017-12-13 11:50:00,8343.029875022403,8307.471331653871,8986.072503432413
9231.212485,2017-12-13 12:00:00,8925.649829660784,8940.616645395996,9298.22354722889
9352.220888,2017-12-13 12:10:00,9293.867942663637,9352.987851697959,9553.654142958487
9260.02401,2017-12-13 12:20:00,9545.944553049034,9656.300317717538,9600.074905732425
9115.966387,2017-12-13 12:30:00,9400.12965526531,9420.595894197702,9640.131983854953
9329.171669,2017-12-13 12:40:00,9175.704011670285,9136.276233188082,9434.362540401238
9617.286915,2017-12-13 12:50:00,9431.330183066082,9421.384519552448,9604.663882520801
9409.843938,2017-12-13 13:00:00,9799.535691013345,9810.922577234216,9871.004943386903
9357.983193,2017-12-13 13:10:00,9555.001676379361,9559.88429808223,9903.78447777796
9369.507803,2017-12-13 13:20:00,9453.084964561518,9441.163094829046,9650.019075959686
9444.417767,2017-12-13 13:30:00,9450.250062864601,9431.438676596204,9731.820797946848
9427.130852,2017-12-13 13:40:00,9538.22432853665,9538.658824898615,9699.578632936826
9248.4994,2017-12-13 13:50:00,9534.741797661827,9555.59400265888,9675.758455451924
10815.84634,2017-12-13 14:00:00,9345.961881358817,9340.573943005256,9584.054317651919
10873.46939,2017-12-13 14:10:00,11205.874344612832,11264.071280123411,11052.153851267964
11023.28932,2017-12-13 14:20:00,11151.259799745758,11177.093324776215,11118.820802782131
10936.85474,2017-12-13 14:30:00,11199.187868058238,11199.318091856294,11220.067463095269
10971.42857,2017-12-13 14:40:00,10970.224997248417,10923.791190812415,11256.999598812328
10965.66627,2017-12-13 14:50:00,10885.604880407765,10783.379068303955,11246.10254855046
11098.19928,2017-12-13 15:00:00,10953.874490460712,10943.341151526101,11336.738199209292
11006.0024,2017-12-13 15:10:00,11086.408387633466,11080.781097310988,11394.542299580437
10867.70708,2017-12-13 15:20:00,10968.451344601624,10966.040364612787,11362.408374471946
10562.30492,2017-12-13 15:30:00,10796.511789925815,10780.913060409515,11279.771377159252
9323.409364,2017-12-13 15:40:00,10453.847165404546,10434.249238663433,11046.868344600589
9450.180072,2017-12-13 15:50:00,8987.532575045961,8933.729770479125,9547.80391245774
9329.171669,2017-12-13 16:00:00,9284.398154014198,9276.250371865974,9604.988229801193
9208.163265,2017-12-13 16:10:00,9271.630306965824,9292.438371049,9481.57792858619
8971.908764,2017-12-13 16:20:00,9240.293855127758,9285.149642681903,9400.065864013593
9306.122449,2017-12-13 16:30:00,9060.35822575419,9109.7339547068,9194.537880970289
9548.139256,2017-12-13 16:40:00,9483.231467994074,9471.058971622631,9490.448714102675
10216.56663,2017-12-13 16:50:00,9825.655158964742,9839.289469990214,9775.441150863806
11933.73349,2017-12-13 17:00:00,10866.721591987385,10898.395249058169,10451.401660811973
13310.92437,2017-12-13 17:10:00,12931.223864466388,13013.635828699666,11963.528912977314
14157.98319,2017-12-13 17:20:00,14348.617273567426,14402.908509013041,13610.190058789134
14296.27851,2017-12-13 17:30:00,15083.777938869533,15099.665930328663,15015.095613323196
14613.20528,2017-12-13 17:40:00,14915.270259562049,14844.70097074449,15400.583698881093
14705.40216,2017-12-13 17:50:00,15012.574755633843,14891.915430115894,15832.092595747863
15016.56663,2017-12-13 18:00:00,14992.110527193687,14911.719832389168,16190.42499677818
15056.90276,2017-12-13 18:10:00,15302.099205073402,15285.743587432265,16128.397868256781
14837.93517,2017-12-13 18:20:00,15314.362405098189,15333.320905307546,15645.99219436639
14947.41897,2017-12-13 18:30:00,15008.713934373522,15006.69979564565,15419.271130076188
14987.7551,2017-12-13 18:40:00,15149.678603611092,15166.421182996359,15519.320334184258
15183.67347,2017-12-13 18:50:00,15167.837126080012,15180.050752017492,15531.287061773748
15091.47659,2017-12-13 19:00:00,15395.91609467513,15421.482753063292,15481.73150774991
15045.37815,2017-12-13 19:10:00,15255.813379155716,15265.860838566408,15438.121858057375
15056.90276,2017-12-13 19:20:00,15181.794861774799,15163.660337434678,15332.668037655028
15212.48499,2017-12-13 19:30:00,15201.863487310806,15188.405887705027,15384.804902326157
15149.09964,2017-12-13 19:40:00,15362.447758287362,15351.416139667255,15505.987866501308
15085.71429,2017-12-13 19:50:00,15277.959306004697,15274.117511205091,15299.327102266785
15252.82113,2017-12-13 20:00:00,15186.846942545992,15169.230626303564,15313.88205379881
15356.54262,2017-12-13 20:10:00,15411.219059894154,15398.968288799964,15577.481777823446
15598.55942,2017-12-13 20:20:00,15509.417535169747,15497.923482639793,15642.841402838298
15408.40336,2017-12-13 20:30:00,15774.759290625894,15778.348549442742,15917.894357424437
15339.2557,2017-12-13 20:40:00,15515.090386303771,15495.545085139955,15655.990457475507
15270.10804,2017-12-13 20:50:00,15418.5876721056,15383.042534697624,15574.997473631192
15442.97719,2017-12-13 21:00:00,15299.127735639617,15267.023045280836,15438.719579487102
15298.91957,2017-12-13 21:10:00,15486.941454042855,15467.763504461207,15633.907436844795
15033.85354,2017-12-13 21:20:00,15332.858838515278,15327.632245938063,15420.86928958118
14872.509,2017-12-13 21:30:00,15007.958434515895,14980.347588440873,15044.183538020563
14716.92677,2017-12-13 21:40:00,14835.845459698907,14806.481449442985,14867.391523655357
14809.12365,2017-12-13 21:50:00,14713.199016525621,14687.437221151244,14893.921221913904
14440.33613,2017-12-13 22:00:00,14692.699910699826,14699.164938625136,14722.390180909144
14192.55702,2017-12-13 22:10:00,14278.93212386551,14272.762256424196,14332.43599972982
13904.44178,2017-12-13 22:20:00,14012.841267101725,13992.398468294834,14074.216830041783
13639.37575,2017-12-13 22:30:00,13695.767760362001,13670.884856726465,13795.634677839664
13282.11285,2017-12-13 22:40:00,13398.94522970727,13371.755125959338,13506.828270308957
12867.22689,2017-12-13 22:50:00,13034.358347223071,13027.650630101656,13145.061069012625
12561.82473,2017-12-13 23:00:00,12567.248247763539,12547.701316988278,12789.129474901387
12371.66867,2017-12-13 23:10:00,12294.954118044723,12281.849409762397,12350.14719884273
12279.47179,2017-12-13 23:20:00,12135.965755694157,12130.141118648178,12241.933653839207
11835.77431,2017-12-13 23:30:00,12094.615503369589,12097.682230202288,12129.336985019216
11524.60984,2017-12-13 23:40:00,11615.305623902212,11602.288963811036,11777.611680157725
11173.10924,2017-12-13 23:50:00,11301.798003871936,11273.936564119353,11549.733379418261
11034.81393,2017-12-14 00:00:00,10950.141325312212,10930.6645497209,11223.547917265538
10833.13325,2017-12-14 00:10:00,10836.765087657324,10828.669922466663,10944.632353139856
10447.05882,2017-12-14 00:20:00,10675.102948499727,10685.44280153115,10770.935175452349
10377.91116,2017-12-14 00:30:00,10272.825794099503,10265.058016350982,10285.848338408883
10314.52581,2017-12-14 00:40:00,10269.358017546656,10268.165639650815,10198.945917774508
10228.09124,2017-12-14 00:50:00,10225.674380581331,10219.409375094245,10179.318748880603
9882.352941,2017-12-14 01:00:00,10120.347500189964,10121.432223967844,10125.736278166947
9749.819928,2017-12-14 01:10:00,9746.570614386128,9737.18549649123,9679.971656999467
9553.901561,2017-12-14 01:20:00,9621.997677987638,9597.002087431036,9606.776407238136
9651.860744,2017-12-14 01:30:00,9430.652209036392,9412.598428099898,9530.50856912278
9553.901561,2017-12-14 01:40:00,9578.558401479188,9578.842831730108,9555.652731620301
9346.458583,2017-12-14 01:50:00,9501.681774535753,9508.675231990033,9514.594604129048
9340.696279,2017-12-14 02:00:00,9237.595429164377,9224.19516654681,9254.584270501735
9236.97479,2017-12-14 02:10:00,9270.342906688253,9260.256862814113,9285.08172145575
9294.597839,2017-12-14 02:20:00,9141.69456577195,9121.311604790977,9175.880525098491
9023.769508,2017-12-14 02:30:00,9230.577945114084,9229.070886444068,9163.299182565694
8862.42497,2017-12-14 02:40:00,8921.627970976777,8910.063546453128,9001.521669003117
8816.326531,2017-12-14 02:50:00,8753.506018265498,8731.645375972514,8932.317835098813
8885.47419,2017-12-14 03:00:00,8704.893848052581,8698.073338033077,8936.852461214887
8833.613445,2017-12-14 03:10:00,8799.82840703906,8798.711234589427,8917.851724367742
8666.506603,2017-12-14 03:20:00,8772.581961744556,8784.936564628071,8880.39819244058
8695.318127,2017-12-14 03:30:00,8583.392181396668,8575.37833875019,8631.460024961849
8695.318127,2017-12-14 03:40:00,8646.11125092177,8635.672566075249,8650.348323282808
8839.37575,2017-12-14 03:50:00,8639.990588375593,8629.661612373966,8647.507343438863
8631.932773,2017-12-14 04:00:00,8792.279386414959,8798.137807787587,8871.0201585516
8591.596639,2017-12-14 04:10:00,8538.403821270937,8532.9977124072,8611.852706361991
8603.121248,2017-12-14 04:20:00,8500.88683198129,8484.5393596382,8604.481124051108
8735.654262,2017-12-14 04:30:00,8526.486269267707,8517.253633263987,8608.854874324026
8729.891957,2017-12-14 04:40:00,8677.824410348878,8675.948545908868,8757.503932786354
8689.555822,2017-12-14 04:50:00,8685.892658369277,8696.623903428452,8761.932258586938
8689.555822,2017-12-14 05:00:00,8619.524626788167,8615.061178902659,8583.393180943358
8770.228091,2017-12-14 05:10:00,8629.752284093447,8622.42833623984,8603.507694238691
8971.908764,2017-12-14 05:20:00,8708.007518249375,8702.471582418153,8794.31132016819
8954.621849,2017-12-14 05:30:00,8951.220052206452,8962.056478129845,8856.486292520814
9225.45018,2017-12-14 05:40:00,8938.046776295972,8944.319808714026,8907.314346080744
9202.40096,2017-12-14 05:50:00,9238.301009607336,9245.714295606991,9085.541158892112
9208.163265,2017-12-14 06:00:00,9156.18723613371,9152.29107484846,9036.531145205792
9006.482593,2017-12-14 06:10:00,9108.656763790246,9097.225975931087,9063.939931820292
8729.891957,2017-12-14 06:20:00,8841.63022430882,8827.610422624071,8926.156177778223
8539.735894,2017-12-14 06:30:00,8495.993153902527,8467.526636730538,8728.412529015317
8309.243697,2017-12-14 06:40:00,8303.32404544678,8298.156512582673,8513.847985053057
8257.382953,2017-12-14 06:50:00,8056.102758058643,8056.473715410581,8359.442256242708
7577.430972,2017-12-14 07:00:00,8150.39825388178,8166.003569569153,8306.970231369618
6995.438175,2017-12-14 07:10:00,7352.632384106106,7344.286909064609,8042.453340227028
6695.798319,2017-12-14 07:20:00,6728.056244259815,6707.6351498546355,8052.89052550669
6759.183673,2017-12-14 07:30:00,6483.584260764623,6479.547989878447,8055.936682667129
6690.036014,2017-12-14 07:40:00,6652.774962797075,6672.745806413301,8051.029979898795
6476.830732,2017-12-14 07:50:00,6682.076137564078,6732.844318141693,8048.072006415308
6545.978391,2017-12-14 08:00:00,6505.23180528004,6525.418168626562,8114.875644079488
6730.372149,2017-12-14 08:10:00,6642.155157680949,6641.752577501196,8120.968895894982
7030.012005,2017-12-14 08:20:00,6875.993407904516,6869.280402269427,8122.603794942827
6909.003601,2017-12-14 08:30:00,7230.114998596422,7241.56189509766,8156.840898120041
6943.577431,2017-12-14 08:40:00,7037.630208380297,7030.944926824977,8162.249808759458
6932.052821,2017-12-14 08:50:00,7052.743221111452,7024.119463530858,8179.155172520124
7323.889556,2017-12-14 09:00:00,7049.514848908828,7021.01082108134,8254.323666564125
7444.897959,2017-12-14 09:10:00,7498.278080160893,7495.457684479032,8261.295380754693
7427.611044,2017-12-14 09:20:00,7630.716704204489,7647.127239164629,8247.329807043294
7519.807923,2017-12-14 09:30:00,7572.465341521067,7567.106218702191,8235.987452247195
7652.340936,2017-12-14 09:40:00,7663.516536556384,7653.8554882191365,8235.987452247195
7767.587035,2017-12-14 09:50:00,7791.056911513366,7773.518238710489,8232.245614321193
9139.015606,2017-12-14 10:00:00,7936.337425534033,7938.691858545702,8199.96222883886
9334.933974,2017-12-14 10:10:00,9526.983320691634,9584.511576585199,9145.384141520799
9836.254502,2017-12-14 10:20:00,9665.468863001344,9689.212483785379,9342.686415234559
9346.458583,2017-12-14 10:30:00,10163.451669741367,10172.442464592268,9649.104812956537
9450.180072,2017-12-14 10:40:00,9419.958573279546,9362.21982701174,9440.883517347718
9104.441777,2017-12-14 10:50:00,9437.725720199358,9350.801882647924,9562.625115474513
9963.02521,2017-12-14 11:00:00,8962.628284614795,8941.800905823693,9416.265088617227
9818.967587,2017-12-14 11:10:00,10017.681592809422,10049.404462672974,10043.044573050724
9738.295318,2017-12-14 11:20:00,9865.525959290171,9923.057975135163,9958.256005501864
10181.9928,2017-12-14 11:30:00,9659.376941418894,9662.884810904085,9971.734461111719
10228.09124,2017-12-14 11:40:00,10132.77653392911,10149.950073703963,10418.944293264554
10239.61585,2017-12-14 11:50:00,10121.57587715912,10092.332548602546,10437.879529670863
10343.33733,2017-12-14 12:00:00,10189.490330706481,10199.62812497116,10533.153762850563
10619.92797,2017-12-14 12:10:00,10274.053514824525,10266.667155659603,10669.492180991818
10723.64946,2017-12-14 12:20:00,10545.791750996152,10524.445256345112,11167.320482808424
10763.98559,2017-12-14 12:30:00,10634.289470474721,10635.947027816514,11255.126872661476
10763.98559,2017-12-14 12:40:00,10665.972293482617,10661.315251407237,11263.890768181143
11023.28932,2017-12-14 12:50:00,10649.4647165243,10637.092968119647,11242.795125927787
11011.76471,2017-12-14 13:00:00,10948.971186812529,10933.785803122184,11317.52202365551
11029.05162,2017-12-14 13:10:00,10908.823811019787,10901.309648472125,11322.932506057296
10971.42857,2017-12-14 13:20:00,10914.354486044624,10908.759748259576,11341.324591452296
11075.15006,2017-12-14 13:30:00,10829.60801907795,10815.555282062876,11303.264647780652
11103.96158,2017-12-14 13:40:00,10934.088933101542,10918.086431505359,11338.76675464083
10856.18247,2017-12-14 13:50:00,10959.884369223513,10958.852429157978,11369.900297482733
10573.82953,2017-12-14 14:00:00,10774.311784030393,10764.479440004669,11332.80752275862
10850.42017,2017-12-14 14:10:00,10457.706948083407,10441.057787667985,11246.778529963198
11253.78151,2017-12-14 14:20:00,10822.412333441294,10822.4196983868,11402.20333470721
11161.58463,2017-12-14 14:30:00,11309.162267134641,11336.60708788252,11497.82450329791
9404.081633,2017-12-14 14:40:00,11189.440456080272,11211.536982879856,11457.522702383303
9467.466987,2017-12-14 14:50:00,9063.386983395088,8995.731614462396,9824.769954237157
9870.828331,2017-12-14 15:00:00,9249.607379382836,9194.293772178433,9734.968089677941
9928.451381,2017-12-14 15:10:00,9830.805315239646,9843.606709446321,9949.792508580196
9801.680672,2017-12-14 15:20:00,10007.620696684658,10083.762315407846,9954.673877555319
9772.869148,2017-12-14 15:30:00,9940.787783699096,10034.027923776961,9784.496856586944
9721.008403,2017-12-14 15:40:00,9783.257904460184,9740.953235101977,9979.49516748584
9686.434574,2017-12-14 15:50:00,9705.087840262933,9658.595563254843,9942.828187376133
9692.196879,2017-12-14 16:00:00,9699.658206986478,9678.906098726178,9872.765449167102
9761.344538,2017-12-14 16:10:00,9723.978599426595,9711.174950813967,9883.594136831793
9922.689076,2017-12-14 16:20:00,9795.374631130573,9775.012124432102,9923.02936901808
9680.672269,2017-12-14 16:30:00,10001.942744896984,9988.439156676895,10061.703929078347
10210.80432,2017-12-14 16:40:00,9717.94117563954,9700.156176272612,9846.771640456205
10746.69868,2017-12-14 16:50:00,10387.185740812809,10392.202292681508,10425.8161741041
12164.22569,2017-12-14 17:00:00,11248.781703567991,11265.338454160432,11154.81102756641
13633.61345,2017-12-14 17:10:00,12947.454269717333,13011.858329988609,12146.499972898439
14670.82833,2017-12-14 17:20:00,14555.334902430433,14640.331924208243,13924.707979849889
14970.46819,2017-12-14 17:30:00,15477.55653990214,15491.637614080322,15338.887801994177
15085.71429,2017-12-14 17:40:00,15523.060105522205,15472.456699234894,15873.107921538027
15120.28812,2017-12-14 17:50:00,15363.800823900818,15244.383415626598,16108.42319027096
15316.20648,2017-12-14 18:00:00,15259.682967777539,15154.63571655541,16221.73757774346
15517.88715,2017-12-14 18:10:00,15436.165093564045,15392.83849444057,16211.23306545418
15523.64946,2017-12-14 18:20:00,15652.663087556017,15664.387838019558,16205.357506850292
15517.88715,2017-12-14 18:30:00,15634.549646119827,15653.86993287642,15940.26284058475
15581.27251,2017-12-14 18:40:00,15604.924673285619,15617.242027280854,15766.434645421254
15748.37935,2017-12-14 18:50:00,15658.273306533321,15661.772726729385,15832.179388951017
15673.46939,2017-12-14 19:00:00,15828.26496822633,15830.97642503976,15789.529021523205
15523.64946,2017-12-14 19:10:00,15726.815381438104,15723.97511981087,15747.013466344359
15506.36255,2017-12-14 19:20:00,15540.628028482039,15522.111677970082,15584.975114904768
15581.27251,2017-12-14 19:30:00,15531.291770258456,15510.742736034812,15586.454392509058
15575.5102,2017-12-14 19:40:00,15618.84982266454,15605.766768870486,15626.448028013856
15517.88715,2017-12-14 19:50:00,15620.506847678675,15621.277705675202,15597.054978332724
15604.32173,2017-12-14 20:00:00,15554.544386821075,15548.151038893853,15601.852483460256
15915.48619,2017-12-14 20:10:00,15667.97984446043,15655.493163170057,15792.584983811217
16111.40456,2017-12-14 20:20:00,16035.368413407852,16032.973305499954,15982.060137943592
16071.06843,2017-12-14 20:30:00,16226.476586164446,16227.577660183411,15997.065791353802
15840.57623,2017-12-14 20:40:00,16134.774270626116,16120.05696493596,15961.910087817254
15788.71549,2017-12-14 20:50:00,15819.684692153847,15777.120485490119,15787.725242654627
15754.14166,2017-12-14 21:00:00,15725.549496062475,15679.466401608157,15756.527049992432
15713.80552,2017-12-14 21:10:00,15687.89006019251,15663.368664301199,15731.96735581301
15546.69868,2017-12-14 21:20:00,15658.18276883569,15653.258447409391,15610.543348938692
15316.20648,2017-12-14 21:30:00,15474.278693594619,15467.328931646149,15442.707003569089
15097.2389,2017-12-14 21:40:00,15208.335481768434,15184.018263526326,15208.502152746112
14918.60744,2017-12-14 21:50:00,15003.560641478767,14982.57250378977,14968.994483592602
14469.14766,2017-12-14 22:00:00,14654.416268290373,14641.563394935762,14657.526103119142
14238.65546,2017-12-14 22:10:00,14161.499188620919,14146.453589272547,14269.752203682569
14163.7455,2017-12-14 22:20:00,13947.836956703468,13937.569155199475,13998.125505551012
14071.54862,2017-12-14 22:30:00,13916.822843891547,13914.276853599247,13953.26156535922
13881.39256,2017-12-14 22:40:00,13844.982264173615,13846.379564187759,13837.732600037447
13489.55582,2017-12-14 22:50:00,13651.45424039357,13652.835577268444,13704.799323321784
13120.76831,2017-12-14 23:00:00,13166.967704636427,13136.882871776848,13310.577721243943
12913.32533,2017-12-14 23:10:00,12767.368479148468,12727.072329390963,13023.817139450412
12654.02161,2017-12-14 23:20:00,12581.969914155216,12555.39060751487,12741.383271210048
12169.988,2017-12-14 23:30:00,12328.756407809957,12314.575154953864,12395.856754748807
11824.2497,2017-12-14 23:40:00,11820.455267409172,11806.233108938432,11819.487128986068
11564.94598,2017-12-14 23:50:00,11480.01914821108,11459.610534353102,11592.220675032695
11443.93758,2017-12-15 00:00:00,11231.524294503868,11221.478884319036,11435.91781236935
11345.97839,2017-12-15 00:10:00,11167.002815593762,11172.324546182064,11274.582595764548
11063.62545,2017-12-15 00:20:00,11115.451076082867,11128.241376536265,11145.115749532575
10879.23169,2017-12-15 00:30:00,10828.965709051303,10819.178459451916,10882.554150245769
10769.7479,2017-12-15 00:40:00,10658.846093892618,10639.190643403092,10737.071548020203
10763.98559,2017-12-15 00:50:00,10564.95555910288,10542.64678462012,10590.011645987914
10464.34574,2017-12-15 01:00:00,10548.184804967626,10536.2982601305,10554.891720218686
10101.32053,2017-12-15 01:10:00,10226.303374914894,10211.733324337558,10314.326931200083
9865.066026,2017-12-15 01:20:00,9822.346391295367,9791.568077389333,9993.171087777499
9934.213685,2017-12-15 01:30:00,9599.162282936853,9571.116101609481,9677.543844687114
9893.877551,2017-12-15 01:40:00,9736.232177245747,9727.825263603616,9750.53930678847
9646.098439,2017-12-15 01:50:00,9741.45597894416,9752.559762137644,9629.034453769582
9484.753902,2017-12-15 02:00:00,9452.438950324118,9451.035870903273,9446.958601563314
9530.852341,2017-12-15 02:10:00,9286.911664447824,9266.878459856533,9374.221408881083
9628.811525,2017-12-15 02:20:00,9363.942957877698,9341.158289436344,9430.812331587893
9617.286915,2017-12-15 02:30:00,9496.153370596076,9490.587362035105,9423.159893363774
9375.270108,2017-12-15 02:40:00,9493.717756987062,9491.86741193543,9426.637019726179
9242.737095,2017-12-15 02:50:00,9202.833884567543,9175.441031420723,9196.65534960577
9179.351741,2017-12-15 03:00:00,9022.5278541273,8987.306769265002,9117.777870574702
9334.933974,2017-12-15 03:10:00,8961.952388611317,8936.495041411927,9051.034907713
9271.548619,2017-12-15 03:20:00,9175.038965161932,9174.478292919624,9175.907608656542
9115.966387,2017-12-15 03:30:00,9124.442315049668,9127.294740289357,9126.414339795167
9069.867947,2017-12-15 03:40:00,8949.78017858278,8932.924636142576,9038.54136357702
9092.917167,2017-12-15 03:50:00,8905.02892702617,8882.605287103268,8948.85634418138
9265.786315,2017-12-15 04:00:00,8900.83923637629,8880.123121372877,8997.253772362259
9029.531813,2017-12-15 04:10:00,9123.868955730435,9125.651210048956,9127.204194810678
8954.621849,2017-12-15 04:20:00,8846.6277381886,8834.907482348704,8946.673563941878
8966.146459,2017-12-15 04:30:00,8768.502877800156,8746.521875191484,8857.6796013279
9167.827131,2017-12-15 04:40:00,8786.344282764025,8765.983176072446,8842.74982162826
9231.212485,2017-12-15 04:50:00,9034.195585904232,9027.290388598261,9051.801791115324
9115.966387,2017-12-15 05:00:00,9108.48561774272,9121.024027829764,9101.435578903544
9213.92557,2017-12-15 05:10:00,8961.151882786788,8948.20899240314,8997.91279545587
9260.02401,2017-12-15 05:20:00,9070.431523024106,9053.156512699228,9041.14984381653
9565.42617,2017-12-15 05:30:00,9107.602699858066,9087.62560120484,9125.271525143939
9594.237695,2017-12-15 05:40:00,9488.301394151966,9493.795034467465,9346.916903627694
9600.0,2017-12-15 05:50:00,9496.668676666866,9499.294411508514,9342.24346626116
9415.606242,2017-12-15 06:00:00,9454.87566311849,9438.979520670355,9358.57398113553
9450.180072,2017-12-15 06:10:00,9192.901103481177,9166.110823055391,9205.289679830152
9283.073229,2017-12-15 06:20:00,9204.65515531095,9176.548063410277,9272.425113130474
9000.720288,2017-12-15 06:30:00,9010.862159103943,8997.910624228956,9117.867899867795
8695.318127,2017-12-15 06:40:00,8681.993688186669,8665.896759605159,8860.325166663219
8499.39976,2017-12-15 06:50:00,8354.597778042613,8342.047612240289,8539.86497544801
8240.096038,2017-12-15 07:00:00,8251.279624350005,8231.818008047601,8444.367540702377
7542.857143,2017-12-15 07:10:00,7972.958258991041,7965.808319156467,8308.562822086165
7151.020408,2017-12-15 07:20:00,7198.21177547849,7178.969265427746,8005.650885755488
7006.962785,2017-12-15 07:30:00,6839.780200458852,6823.089303910967,8016.811320292447
7093.397359,2017-12-15 07:40:00,6769.180584016887,6765.015306875292,8019.0795282859635
7104.921969,2017-12-15 07:50:00,6970.803770606586,6993.4428028920265,8014.926532519741
6978.151261,2017-12-15 08:00:00,7088.877541216172,7125.441732135843,8095.649956707345
7174.069628,2017-12-15 08:10:00,6980.267990287821,6976.091860037757,8091.602763375823
7358.463385,2017-12-15 08:20:00,7240.1367099914205,7223.921123329346,8091.515377722
7698.439376,2017-12-15 08:30:00,7432.074545688325,7410.865942226736,8122.087035381548
7554.381753,2017-12-15 08:40:00,7804.775805728868,7797.676179242928,8128.242051932216
7519.807923,2017-12-15 08:50:00,7590.802238647268,7565.491111157138,8142.175428517049
7571.668667,2017-12-15 09:00:00,7550.855790765585,7505.749914773529,8165.194187739829
7917.406963,2017-12-15 09:10:00,7598.65665812437,7564.169800906873,8163.089382840966
8096.038415,2017-12-15 09:20:00,7996.713941180842,7984.894452475413,8237.049595943305
8026.890756,2017-12-15 09:30:00,8205.389711631477,8219.120860555757,8345.874242602571
8193.997599,2017-12-15 09:40:00,8086.741654738467,8075.490345856173,8349.60467803363
8217.046819,2017-12-15 09:50:00,8255.813165409083,8236.988669139828,8408.601686858496
8603.121248,2017-12-15 10:00:00,8334.75133007077,8310.8704698592,8497.252939883738
8522.44898,2017-12-15 10:10:00,8788.044493490233,8793.645724826769,8740.588610918327
8557.022809,2017-12-15 10:20:00,8702.121841626897,8706.213832609328,8725.801770444297
8752.941176,2017-12-15 10:30:00,8694.10667819009,8679.74720581142,8762.588541369907
8868.187275,2017-12-15 10:40:00,8909.159324334241,8905.271395119886,8926.549840859554
9058.343337,2017-12-15 10:50:00,8986.455970880934,8973.807362668278,9063.278700088533
8862.42497,2017-12-15 11:00:00,9150.92062410055,9170.695024629556,9177.374889654448
8989.195678,2017-12-15 11:10:00,8870.788052465015,8861.460762438517,9141.027231160939
9167.827131,2017-12-15 11:20:00,9002.302850149224,8991.231329966726,9190.266100670042
9369.507803,2017-12-15 11:30:00,9199.788373460055,9201.724190281118,9509.497231045238
9329.171669,2017-12-15 11:40:00,9407.82462638637,9415.591571118119,9628.458266120148
9369.507803,2017-12-15 11:50:00,9349.767831664167,9361.540311769135,9552.40505130436
9467.466987,2017-12-15 12:00:00,9397.732544967177,9382.504058452287,9651.464683922228
9686.434574,2017-12-15 12:10:00,9506.457905535328,9495.328197125691,9830.42591178964
9669.147659,2017-12-15 12:20:00,9750.880991174763,9752.25677104281,9956.306556668127
9571.188475,2017-12-15 12:30:00,9710.22916270513,9714.613091135341,9963.238203082112
9542.376951,2017-12-15 12:40:00,9571.158598642001,9560.229802904269,9941.785079224712
9605.762305,2017-12-15 12:50:00,9543.15326928148,9528.870725286877,9956.871463302448
9795.918367,2017-12-15 13:00:00,9641.466770161082,9631.815648081607,10000.877615404996
9703.721489,2017-12-15 13:10:00,9879.186112771296,9892.629137937534,10031.507979383272
9611.52461,2017-12-15 13:20:00,9755.456986033849,9759.51440516743,10020.452514677283
9721.008403,2017-12-15 13:30:00,9639.956322834441,9629.691411549235,10006.060419325033
9772.869148,2017-12-15 13:40:00,9765.139460655279,9756.055775617451,10023.03033485192
9744.057623,2017-12-15 13:50:00,9803.659651832751,9796.03215066058,10007.321807321512
9646.098439,2017-12-15 14:00:00,9825.129718852622,9828.025923137695,9976.67638662071
9467.466987,2017-12-15 14:10:00,9717.886168745965,9709.699717536729,9989.910889569066
9386.794718,2017-12-15 14:20:00,9524.72932954854,9505.41525188485,9923.017869299745
9404.081633,2017-12-15 14:30:00,9443.924209766308,9435.621488580415,9881.763508075866
9467.466987,2017-12-15 14:40:00,9401.632050788521,9399.351294865333,9725.530299661292
9473.229292,2017-12-15 14:50:00,9502.725571265488,9508.910093439661,9777.628197859556
9283.073229,2017-12-15 15:00:00,9568.294479250086,9569.32288068358,9770.332725779102
9231.212485,2017-12-15 15:10:00,9342.713520599815,9325.347318663036,9599.995219807492
9185.114046,2017-12-15 15:20:00,9279.475891595199,9257.844404376901,9558.43918828517
9398.319328,2017-12-15 15:30:00,9229.858540262707,9210.704029516597,9469.53651482799
9150.540216,2017-12-15 15:40:00,9477.017559021351,9474.235151678871,9685.78657312225
9075.630252,2017-12-15 15:50:00,9190.663576339275,9180.965874245972,9501.542211567956
9075.630252,2017-12-15 16:00:00,9125.117405451563,9099.921546579906,9252.038675214124
9300.360144,2017-12-15 16:10:00,9137.602497834285,9114.451822763247,9256.757865096262
9363.745498,2017-12-15 16:20:00,9415.22763162224,9401.423185009337,9488.162685155141
9329.171669,2017-12-15 16:30:00,9497.852617766306,9502.64653530213,9537.486793734985
9755.582233,2017-12-15 16:40:00,9467.679261914875,9451.958807519684,9562.014678104908
10493.15726,2017-12-15 16:50:00,9990.561154352705,9984.722157612528,9955.368941495622
12256.42257,2017-12-15 17:00:00,11055.907985924816,11067.433785156854,10654.675059101772
13846.81873,2017-12-15 17:10:00,13145.627024036436,13224.696061689989,12121.969828462867
14544.05762,2017-12-15 17:20:00,14858.383882689024,14941.421191795442,14222.913681142265
14878.27131,2017-12-15 17:30:00,15340.3866670611,15335.88028728561,15276.754585406869
15183.67347,2017-12-15 17:40:00,15390.91675675361,15307.998886610436,15786.024003798815
15224.0096,2017-12-15 17:50:00,15448.053193760126,15312.077408894214,16232.296929735925
15200.96038,2017-12-15 18:00:00,15359.173245402031,15259.214076819664,16436.343179792744
15356.54262,2017-12-15 18:10:00,15298.965492675743,15262.885154725293,16277.919054052461
15512.12485,2017-12-15 18:20:00,15453.40219743906,15450.25574071387,16093.638160353668
15782.95318,2017-12-15 18:30:00,15614.234408284663,15626.941595417475,15960.15310750545
15581.27251,2017-12-15 18:40:00,15921.010142905527,15953.721758634594,16210.194567079032
15552.46098,2017-12-15 18:50:00,15653.37943147965,15662.979332656709,15997.4935711755
15546.69868,2017-12-15 19:00:00,15576.986824081794,15559.074364123764,15765.993072745607
15806.0024,2017-12-15 19:10:00,15551.725694134973,15527.24350356604,15767.481419394931
15713.80552,2017-12-15 19:20:00,15859.700198864099,15850.173518419026,15912.060589370756
15569.7479,2017-12-15 19:30:00,15763.333160482576,15766.258620312481,15881.323891527158
15540.93637,2017-12-15 19:40:00,15575.541170125161,15554.297063468017,15724.284495003078
15615.84634,2017-12-15 19:50:00,15534.659603354641,15509.33328174253,15686.47714921462
15846.33854,2017-12-15 20:00:00,15617.036875544347,15593.076707997458,15823.231838781554
15846.33854,2017-12-15 20:10:00,15930.247387620873,15937.558422177233,15935.804049260749
15684.994,2017-12-15 20:20:00,15932.831271831355,15931.296682688999,15915.720550146238
15748.37935,2017-12-15 20:30:00,15709.982427880906,15683.299507235202,15814.297302377137
15777.19088,2017-12-15 20:40:00,15759.674745320783,15730.000639443144,15863.115201811062
15558.22329,2017-12-15 20:50:00,15782.130310384095,15755.040388979824,15851.584748862084
15368.06723,2017-12-15 21:00:00,15511.865647663242,15492.74634901762,15691.247681619378
15298.91957,2017-12-15 21:10:00,15300.840505994845,15280.297525541415,15401.98775434165
15327.73109,2017-12-15 21:20:00,15223.503467823633,15197.21240634749,15330.851543132683
15166.38655,2017-12-15 21:30:00,15277.935934187211,15267.910777813318,15360.328715004604
14670.82833,2017-12-15 21:40:00,15106.991087638067,15102.892326829893,15156.774314213359
14492.19688,2017-12-15 21:50:00,14533.59496720907,14505.61682183179,14644.923286208803
14400.0,2017-12-15 22:00:00,14178.435271102677,14148.085403344794,14336.289825362554
14428.81152,2017-12-15 22:10:00,14110.636065267814,14091.372814330341,14189.641991290715
14290.51621,2017-12-15 22:20:00,14207.937909487173,14215.24747794586,14189.694211145257
13939.01561,2017-12-15 22:30:00,14089.209713169392,14097.2601628562,14077.53362198237
13725.81032,2017-12-15 22:40:00,13673.453595206287,13642.768929336464,13819.257574280706
13535.65426,2017-12-15 22:50:00,13426.46887510786,13389.255669708582,13556.807072005256
13426.17047,2017-12-15 23:00:00,13188.568354286132,13154.61396359665,13333.251378713683
12999.7599,2017-12-15 23:10:00,13112.54233773268,13098.332992228345,13201.244968754962
12780.79232,2017-12-15 23:20:00,12653.20062184134,12634.247727971619,12865.089729488427
12314.04562,2017-12-15 23:30:00,12421.948011699318,12393.059226278994,12439.191421775988
12331.33253,2017-12-15 23:40:00,11907.846318832639,11872.797280500667,12093.465821224305
12083.55342,2017-12-15 23:50:00,11996.919997366189,11980.217388978297,12171.226470737476
11490.03601,2017-12-16 00:00:00,11860.125456484231,11877.862660916919,11826.743538008423
11184.63385,2017-12-16 00:10:00,11205.743983181073,11195.18159057724,11320.415230579623
10977.19088,2017-12-16 00:20:00,10912.531082055,10907.999368642813,11024.549321313041
10884.994,2017-12-16 00:30:00,10730.629219183358,10717.3198433478,10761.590406460224
10579.59184,2017-12-16 00:40:00,10719.196513253206,10738.954764816674,10631.220534969973
10389.43577,2017-12-16 00:50:00,10443.696102795162,10466.59469758148,10421.502080865728
10262.66507,2017-12-16 01:00:00,10218.365280331724,10217.302918978996,10110.250488604463
10291.47659,2017-12-16 01:10:00,10100.853943901526,10095.6730134498,10094.789199043846
10101.32053,2017-12-16 01:20:00,10170.021784999626,10169.880163356713,10156.782811527082
9836.254502,2017-12-16 01:30:00,9995.230480081205,10000.208020300974,9969.088605048712
9824.729892,2017-12-16 01:40:00,9706.523182465764,9692.760632626416,9651.095561552882
9744.057623,2017-12-16 01:50:00,9713.502099715173,9700.827889377315,9590.052535044102
9496.278511,2017-12-16 02:00:00,9606.412938511692,9598.54512644493,9579.392574914567
9317.647059,2017-12-16 02:10:00,9354.715256118743,9355.567218953347,9401.497871861737
9260.02401,2017-12-16 02:20:00,9191.528468737113,9190.330029147655,9188.209909103234
9173.589436,2017-12-16 02:30:00,9150.519168579594,9142.698987032389,9166.011346549712
9260.02401,2017-12-16 02:40:00,9074.480110369857,9077.777354069876,9094.472666393194
9242.737095,2017-12-16 02:50:00,9212.863437558011,9228.87907375651,9144.495626003132
9035.294118,2017-12-16 03:00:00,9176.987648586133,9184.307996804084,9127.359352929763
8948.859544,2017-12-16 03:10:00,8939.870892473891,8929.643296927683,8951.950592433568
8977.671068,2017-12-16 03:20:00,8845.044547836624,8834.249788011351,8867.793053016308
9087.154862,2017-12-16 03:30:00,8886.35815738072,8877.99517219325,8900.119884569696
8914.285714,2017-12-16 03:40:00,9037.824972188597,9046.384238100267,8977.167359852492
8775.990396,2017-12-16 03:50:00,8849.040891869912,8854.98528143039,8855.766392714051
8804.801921,2017-12-16 04:00:00,8671.578518128003,8666.07769654049,8805.228439814387
8931.572629,2017-12-16 04:10:00,8702.683380309276,8697.404794741484,8826.270501515082
8937.334934,2017-12-16 04:20:00,8863.230937414777,8869.366849934415,8833.42431907278
8758.703481,2017-12-16 04:30:00,8888.814210756102,8907.199039782832,8841.365543124912
8764.465786,2017-12-16 04:40:00,8682.59311468827,8682.103795954685,8783.256046047693
8920.048019,2017-12-16 04:50:00,8689.386959234684,8680.80049725452,8791.011921742418
9081.392557,2017-12-16 05:00:00,8856.549020375782,8860.082124914501,8815.878108265444
8971.908764,2017-12-16 05:10:00,9057.849037382588,9077.740174916433,8933.491435985627
8989.195678,2017-12-16 05:20:00,8923.948010057951,8936.596813062162,8833.758627437175
9018.007203,2017-12-16 05:30:00,8939.008982645588,8935.44548613198,8905.878904955562
9496.278511,2017-12-16 05:40:00,8963.886582445428,8957.750425480432,8925.05106339374
9444.417767,2017-12-16 05:50:00,9523.454354092122,9545.172914694107,9320.575616375176
9225.45018,2017-12-16 06:00:00,9417.04146886228,9437.95045574196,9279.747177174375
9069.867947,2017-12-16 06:10:00,9115.304167647782,9107.717005843628,9064.608354062297
8833.613445,2017-12-16 06:20:00,8898.15678669248,8878.661490900486,8880.113288631486
8845.138055,2017-12-16 06:30:00,8594.189407620152,8565.932022529374,8749.229971826277
8280.432173,2017-12-16 06:40:00,8649.24387092377,8668.03731292036,8753.697310032792
7969.267707,2017-12-16 06:50:00,8009.213671680247,8017.224068236397,8292.375719410848
7554.381753,2017-12-16 07:00:00,7807.722514349445,7807.878951554218,8112.910902774384
7145.258103,2017-12-16 07:10:00,7343.28053679275,7341.889878372413,7992.0010427988445
6759.183673,2017-12-16 07:20:00,6920.563109064724,6918.399144264444,8028.790063627649
6476.830732,2017-12-16 07:30:00,6585.943418504165,6612.623926310025,8022.870816427503
6344.297719,2017-12-16 07:40:00,6359.501296454993,6373.500882256496,8021.650936664172
6465.306122,2017-12-16 07:50:00,6307.929168784971,6333.766328031779,8030.9465144206715
6845.618247,2017-12-16 08:00:00,6545.88658425277,6581.000904078994,8088.70692060618
6770.708283,2017-12-16 08:10:00,7059.208056167487,7100.371825413722,8101.138270805019
6816.806723,2017-12-16 08:20:00,6973.262942298266,6986.184639340765,8118.760382597336
6949.339736,2017-12-16 08:30:00,7012.8323522153205,7002.516243614109,8116.8610733955165
7312.364946,2017-12-16 08:40:00,7121.475900421072,7098.553831162324,8148.289872082276
7346.938776,2017-12-16 08:50:00,7513.5848314354225,7502.039666513332,8163.1524009211325
7341.176471,2017-12-16 09:00:00,7558.924445976929,7565.417576054257,8229.706966309017
7571.668667,2017-12-16 09:10:00,7525.376198586888,7516.834031914244,8219.804853211663
7819.447779,2017-12-16 09:20:00,7767.646678816991,7761.032441695432,8205.12393284191
8101.80072,2017-12-16 09:30:00,8014.114731159743,8011.432336556863,8229.695207239025
8084.513806,2017-12-16 09:40:00,8329.55618343666,8350.741053991494,8352.971235984583
8193.997599,2017-12-16 09:50:00,8253.973592936887,8257.177664601191,8352.500551612084
8361.104442,2017-12-16 10:00:00,8401.822022375918,8391.55785514551,8463.653045695104
8729.891957,2017-12-16 10:10:00,8559.35812778476,8554.540844356452,8608.357626686731
9156.302521,2017-12-16 10:20:00,8972.805975016254,8985.71552195412,8880.742187474982
9035.294118,2017-12-16 10:30:00,9432.631320277742,9464.00966145095,9432.424691150896
9115.966387,2017-12-16 10:40:00,9213.155579047077,9209.640893076725,9188.622635635345
9162.064826,2017-12-16 10:50:00,9250.41171756279,9235.165757797975,9403.668307015165
9357.983193,2017-12-16 11:00:00,9163.449682924738,9144.45162075458,9522.085485668189
9242.737095,2017-12-16 11:10:00,9379.470592439495,9378.92099358323,9660.053261836863
8862.42497,2017-12-16 11:20:00,9249.630440612236,9265.648388145679,9553.177913520323
9231.212485,2017-12-16 11:30:00,8798.319197507722,8786.707706096346,9173.184465592494
9415.606242,2017-12-16 11:40:00,9256.033367409758,9270.085496493557,9542.355619223168
9496.278511,2017-12-16 11:50:00,9472.134756670332,9493.981358011188,9721.85821363693
9167.827131,2017-12-16 12:00:00,9607.198094402465,9641.09206998987,9785.539849364803
9288.835534,2017-12-16 12:10:00,9212.99192212043,9219.159704441758,9457.157668244074
9438.655462,2017-12-16 12:20:00,9323.967269312034,9299.18371088832,9538.09184965683
9571.188475,2017-12-16 12:30:00,9505.691393947229,9509.179907208008,9688.452345919177
9455.942377,2017-12-16 12:40:00,9663.849469063061,9683.42407930025,9822.576597085132
9484.753902,2017-12-16 12:50:00,9532.79479893134,9551.835216584539,9705.9727383096
9536.614646,2017-12-16 13:00:00,9578.218483169185,9566.097498173698,9732.43453161407
9744.057623,2017-12-16 13:10:00,9625.084606298658,9617.886571940653,9802.043046293724
9749.819928,2017-12-16 13:20:00,9860.92959676301,9871.066275529722,9970.781584023422
9663.385354,2017-12-16 13:30:00,9865.593850326877,9878.629231403105,9950.281767400249
9565.42617,2017-12-16 13:40:00,9740.738166209416,9734.462867518292,9859.487021492967
9692.196879,2017-12-16 13:50:00,9605.393718239884,9591.287336278245,9822.461718746563
9934.213685,2017-12-16 14:00:00,9773.748087522192,9764.977546950064,9873.654412322918
9749.819928,2017-12-16 14:10:00,10065.628984698345,10080.407552345132,10104.357940901047
9767.106843,2017-12-16 14:20:00,9837.697660192662,9840.61425336495,9909.38568186613
9703.721489,2017-12-16 14:30:00,9848.371765670636,9843.122961652003,9927.39516633824
9865.066026,2017-12-16 14:40:00,9720.718073858163,9698.536330967272,9902.66786865628
9807.442977,2017-12-16 14:50:00,9917.350206553368,9909.355490746682,10023.424995186604
9519.327731,2017-12-16 15:00:00,9885.188982613163,9888.731235078812,9959.298816559407
9525.090036,2017-12-16 15:10:00,9531.951822924626,9509.727257275328,9820.159599713605
9588.47539,2017-12-16 15:20:00,9552.624896797499,9537.721826988112,9826.655166076229
9663.385354,2017-12-16 15:30:00,9650.927206828801,9640.46120936082,9843.309165878025
9576.95078,2017-12-16 15:40:00,9751.519213566764,9760.903589649326,9862.941286451798
9450.180072,2017-12-16 15:50:00,9655.704815359622,9660.246177992773,9824.97735689722
9513.565426,2017-12-16 16:00:00,9514.15700408036,9488.229898494414,9704.759363120424
9605.762305,2017-12-16 16:10:00,9608.054988301094,9589.240990585711,9813.107526898842
9818.967587,2017-12-16 16:20:00,9732.372001302308,9724.019252568933,9845.229086279665
9784.393758,2017-12-16 16:30:00,9982.965909789616,9989.50330031076,9969.88580986927
10170.46819,2017-12-16 16:40:00,9955.867103376979,9951.692196062908,9956.242898031303
10908.04322,2017-12-16 16:50:00,10431.847115044267,10431.615358431241,10419.609916616824
12556.06242,2017-12-16 17:00:00,11512.929589436484,11536.47892723354,11267.744094681624
13691.23649,2017-12-16 17:10:00,13463.511794486863,13538.828156642328,12534.346260152302
14186.79472,2017-12-16 17:20:00,14645.089118690612,14717.374011654432,14204.534981250265
14492.19688,2017-12-16 17:30:00,14945.682438381096,14939.076181337576,15125.748018348557
15108.76351,2017-12-16 17:40:00,15028.06499354553,14958.104370143343,15610.364303351198
15350.78031,2017-12-16 17:50:00,15512.66455665213,15422.783616733637,16339.257089352375
15183.67347,2017-12-16 18:00:00,15667.825859191988,15623.72471266017,16572.465151274988
15235.53421,2017-12-16 18:10:00,15396.0517037363,15375.878719880324,16390.533776313438
15183.67347,2017-12-16 18:20:00,15408.024847675875,15395.015883848497,16320.14095250237
15402.64106,2017-12-16 18:30:00,15316.930667222408,15303.419507979928,15706.520434691165
15356.54262,2017-12-16 18:40:00,15583.906022548506,15612.71253757644,15870.309661029802
15298.91957,2017-12-16 18:50:00,15534.005283263767,15570.914816282922,15822.77825039611
15402.64106,2017-12-16 19:00:00,15438.904031933536,15444.706848765021,15639.898602098028
15587.03481,2017-12-16 19:10:00,15568.253656699724,15573.785677280717,15782.009777761827
15736.85474,2017-12-16 19:20:00,15761.197164237956,15761.64759573785,15978.670133307192
15506.36255,2017-12-16 19:30:00,15922.776154061794,15936.578350268883,15921.590613659488
15471.78872,2017-12-16 19:40:00,15617.048322678009,15605.23959502676,15698.735554426168
15437.21489,2017-12-16 19:50:00,15561.388535715814,15537.891368632418,15715.51078741483
15696.51861,2017-12-16 20:00:00,15517.608355069335,15497.972411874647,15633.111779232237
15754.14166,2017-12-16 20:10:00,15848.022984410021,15854.661678522956,15916.019245482372
15477.55102,2017-12-16 20:20:00,15917.85473427685,15938.099589458261,15861.447664934263
15627.37095,2017-12-16 20:30:00,15567.516995493264,15554.38247495994,15653.407629089947
15621.60864,2017-12-16 20:40:00,15740.226637110714,15730.485864233418,15833.777245269466
15633.13325,2017-12-16 20:50:00,15705.281092773595,15687.295476250818,15807.384545882402
15304.68187,2017-12-16 21:00:00,15698.435374321929,15696.29314855694,15732.54225326677
15200.96038,2017-12-16 21:10:00,15312.815489723245,15304.006147667853,15299.030537961402
15010.80432,2017-12-16 21:20:00,15192.637934946713,15165.247744870758,15216.010788212705
15183.67347,2017-12-16 21:30:00,14987.729251819965,14974.612968145058,15019.79067211481
15010.80432,2017-12-16 21:40:00,15208.764976701677,15214.620009302445,15206.84620710927
14855.22209,2017-12-16 21:50:00,15026.373609914628,15036.166838307108,14908.4193525664
14739.97599,2017-12-16 22:00:00,14686.001473733646,14675.103988748073,14622.149287000786
14538.29532,2017-12-16 22:10:00,14569.41418422433,14555.502913211865,14523.303949941672
14538.29532,2017-12-16 22:20:00,14335.47522505989,14310.023314122293,14374.791462406522
14238.65546,2017-12-16 22:30:00,14367.998874393914,14368.187139343214,14335.019925751729
14031.21248,2017-12-16 22:40:00,14028.608713280842,14016.721903915712,13986.496997727287
13743.09724,2017-12-16 22:50:00,13806.412822730385,13790.029409652516,13839.314736062619
13587.51501,2017-12-16 23:00:00,13467.314645204142,13451.365371186504,13593.83846954442
13149.57983,2017-12-16 23:10:00,13311.059230934121,13294.382104527209,13373.151829600847
12654.02161,2017-12-16 23:20:00,12844.928450725582,12836.344833735187,13016.21047613848
12348.61945,2017-12-16 23:30:00,12295.650007574906,12272.942927462838,12353.901795026075
12267.94718,2017-12-16 23:40:00,12025.670302781044,12013.301357642762,12059.682972204482
12072.02881,2017-12-16 23:50:00,12012.256389372586,12012.155492129372,12112.77478709724
11662.90516,2017-12-17 00:00:00,11810.81478775966,11832.614241825817,11824.644992319718
11420.88836,2017-12-17 00:10:00,11382.18860346642,11385.514109464153,11518.25366703214
11173.10924,2017-12-17 00:20:00,11143.865341207462,11128.615158846223,11218.131919411151
11224.96999,2017-12-17 00:30:00,10904.018552645819,10884.25304065558,11024.38388745127
10948.37935,2017-12-17 00:40:00,11030.485016984538,11035.218071939657,10945.395489777546
10602.64106,2017-12-17 00:50:00,10754.615832362377,10758.307004169019,10724.787129537594
10493.15726,2017-12-17 01:00:00,10341.43243416147,10324.069346587527,10486.136000055403
10516.20648,2017-12-17 01:10:00,10262.641306581221,10248.003620047428,10232.998563893896
10441.29652,2017-12-17 01:20:00,10322.087668215347,10311.314919348137,10298.441358489286
10066.7467,2017-12-17 01:30:00,10277.47875213221,10286.318090927514,10209.366365772252
9939.97599,2017-12-17 01:40:00,9865.08383242328,9854.169481055753,9826.89183165901
9807.442977,2017-12-17 01:50:00,9738.354699979242,9713.263395741506,9774.493114089863
9963.02521,2017-12-17 02:00:00,9569.798217959735,9549.85665569908,9572.685775842852
9847.779112,2017-12-17 02:10:00,9801.765772218372,9807.920650272448,9716.996749241925
9651.860744,2017-12-17 02:20:00,9701.389800836943,9711.577317630637,9557.900275575856
9565.42617,2017-12-17 02:30:00,9474.287420414676,9456.74370050088,9417.710194722706
9536.614646,2017-12-17 02:40:00,9389.723458603461,9369.807216463345,9388.525759585296
9502.040816,2017-12-17 02:50:00,9366.759875949017,9345.19957951431,9390.591107136694
9231.212485,2017-12-17 03:00:00,9321.128358160007,9321.390567748434,9345.629700521125
9173.589436,2017-12-17 03:10:00,9022.143363853476,9013.18053871628,9144.361205896332
9156.302521,2017-12-17 03:20:00,8981.678375941641,8968.538714436363,9063.380254646707
9323.409364,2017-12-17 03:30:00,8991.852362417989,8984.990826444886,9058.808846232743
9139.015606,2017-12-17 03:40:00,9209.33183874445,9216.370370440827,9132.293459470082
8971.908764,2017-12-17 03:50:00,8997.66817750981,8999.763340299438,9065.069746141988
8977.671068,2017-12-17 04:00:00,8783.305566693442,8765.323993999882,8844.003843966975
9121.728691,2017-12-17 04:10:00,8805.476744685879,8789.90265809776,8887.757878147439
9277.310924,2017-12-17 04:20:00,8988.462990059035,8982.922727174822,9047.490343004312
9069.867947,2017-12-17 04:30:00,9183.019209159042,9199.368842088114,9140.151156883292
9052.581032,2017-12-17 04:40:00,8927.46142087746,8920.544124927557,8953.199061627152
9018.007203,2017-12-17 04:50:00,8904.726333826638,8884.67704166201,8917.585742457673
9219.687875,2017-12-17 05:00:00,8849.58904812371,8831.370725601018,8907.990529602985
9179.351741,2017-12-17 05:10:00,9096.832430548115,9098.61809621283,9071.451318340838
9087.154862,2017-12-17 05:20:00,9059.611773847419,9071.988948502767,9047.588633826472
9156.302521,2017-12-17 05:30:00,8945.348244109655,8937.2927067583,8981.078333424804
9605.762305,2017-12-17 05:40:00,9050.397555430587,9046.61136147417,9035.961651210031
9836.254502,2017-12-17 05:50:00,9564.253394594103,9573.831447449204,9387.141367424701
9484.753902,2017-12-17 06:00:00,9787.428982714871,9810.989299080893,9479.219278312361
9329.171669,2017-12-17 06:10:00,9311.513892342122,9300.39283566498,9316.754407467506
9064.105642,2017-12-17 06:20:00,9078.32195898017,9042.262297271105,9096.704163052593
9029.531813,2017-12-17 06:30:00,8746.865364101897,8701.711004500638,8875.235792712256
8608.883553,2017-12-17 06:40:00,8721.804999008107,8715.629124972003,8860.333891072263
8147.89916,2017-12-17 06:50:00,8266.985451775861,8279.44063124382,8448.652155137559
7490.996399,2017-12-17 07:00:00,7880.19573761062,7868.612222595053,8233.128413634522
6782.232893,2017-12-17 07:10:00,7145.165512654063,7126.561125235803,7981.637615427108
6465.306122,2017-12-17 07:20:00,6382.9897555967855,6359.371722457452,7968.271664107173
6223.289316,2017-12-17 07:30:00,6158.406500280982,6176.279011497178,7961.597257577942
6280.912365,2017-12-17 07:40:00,6023.411187726944,6054.895180350739,7964.466658928563
6252.10084,2017-12-17 07:50:00,6242.193671863519,6292.441419587201,7946.896594661559
6563.265306,2017-12-17 08:00:00,6323.176467996975,6362.684810076786,8006.201805387637
6482.593037,2017-12-17 08:10:00,6724.0157811807585,6741.391616470728,8021.301994429057
6465.306122,2017-12-17 08:20:00,6621.647420419469,6614.534140256239,8031.538159452611
6615.12605,2017-12-17 08:30:00,6589.028152242719,6560.460010046787,8032.983980487611
6955.102041,2017-12-17 08:40:00,6769.661840966648,6750.20024665876,8061.07131108062
7277.791116,2017-12-17 08:50:00,7141.785264487326,7127.988350135551,8074.586375011142
7231.692677,2017-12-17 09:00:00,7518.3952405041455,7532.480426236145,8155.352293871984
7358.463385,2017-12-17 09:10:00,7417.975199588507,7411.37180048602,8180.871119818841
7421.848739,2017-12-17 09:20:00,7525.11195514501,7505.881341290644,8210.244560251493
7854.021609,2017-12-17 09:30:00,7561.999360185053,7538.096708237854,8199.302693999458
8038.415366,2017-12-17 09:40:00,8049.484103394001,8052.617367788178,8258.497745711462
8096.038415,2017-12-17 09:50:00,8236.714063816315,8254.479131055592,8327.351896637125
8263.145258,2017-12-17 10:00:00,8282.403603657636,8277.685012450318,8344.595965902407
8557.022809,2017-12-17 10:10:00,8444.619163339106,8437.162402377226,8499.235667842553
8862.42497,2017-12-17 10:20:00,8752.555630976016,8741.110213617854,8705.366760166555
8718.367347,2017-12-17 10:30:00,9069.385255308824,9078.584896789376,9047.731480268922
8816.326531,2017-12-17 10:40:00,8847.396690728548,8839.743489005266,8836.964911690648
8816.326531,2017-12-17 10:50:00,8924.335471005968,8906.759874219062,9069.310702159712
9046.818727,2017-12-17 11:00:00,8796.169104256442,8777.997594851924,9124.377201222265
9098.679472,2017-12-17 11:10:00,9055.888307933987,9057.429875244088,9227.054360865439
9133.253301,2017-12-17 11:20:00,9095.01730280959,9112.320799214893,9356.083695381332
9219.687875,2017-12-17 11:30:00,9126.281367438096,9125.277851379551,9443.069562808623
9444.417767,2017-12-17 11:40:00,9216.243343203816,9216.348314705692,9519.583298968108
9571.188475,2017-12-17 11:50:00,9455.57458681876,9454.23719459703,9720.663398506453
9542.376951,2017-12-17 12:00:00,9597.874925369802,9601.504333047202,9866.894682730297
9542.376951,2017-12-17 12:10:00,9540.252959156029,9532.503270165644,9852.42838016966
9507.803121,2017-12-17 12:20:00,9518.082936304963,9500.509041554902,9834.961851815293
9686.434574,2017-12-17 12:30:00,9461.43942280694,9440.936171141213,9799.398129517673
9726.770708,2017-12-17 12:40:00,9669.33890952713,9667.03555358049,9910.229071826147
9669.147659,2017-12-17 12:50:00,9714.405055279796,9719.358827294021,9991.011613505687
9663.385354,2017-12-17 13:00:00,9669.926065988268,9662.488274458894,9895.085749410204
9732.533013,2017-12-17 13:10:00,9662.86394261373,9652.278212872367,9896.234371738417
9882.352941,2017-12-17 13:20:00,9730.763716314787,9715.91640141882,9965.693852144284
9744.057623,2017-12-17 13:30:00,9907.453557113942,9908.154248614766,10062.65985800608
9726.770708,2017-12-17 13:40:00,9728.742056357769,9720.896938549697,9953.350612207654
9738.295318,2017-12-17 13:50:00,9707.251890951942,9692.863350199354,9939.790355080291
9968.787515,2017-12-17 14:00:00,9756.633502136947,9738.678586166618,9927.594213331486
9755.582233,2017-12-17 14:10:00,10016.54730334428,10010.872133336692,10094.93249854664
9646.098439,2017-12-17 14:20:00,9760.734932077652,9754.536950355903,9928.836778896568
9738.295318,2017-12-17 14:30:00,9623.420238193863,9602.363200371601,9833.543055243772
9842.016807,2017-12-17 14:40:00,9748.970194622441,9732.935308312008,9908.775750429446
10060.98439,2017-12-17 14:50:00,9869.588271090683,9858.448566741936,9951.374750729816
9778.631453,2017-12-17 15:00:00,10149.368441991552,10160.155824761921,10164.243540395802
9801.680672,2017-12-17 15:10:00,9785.568201000775,9763.075054318278,9922.86088108218
9795.918367,2017-12-17 15:20:00,9802.571658914483,9769.634453084993,9941.763589983555
10009.12365,2017-12-17 15:30:00,9803.16617727001,9776.116824097127,9945.8753369786
9761.344538,2017-12-17 15:40:00,10052.30595231005,10040.757955605906,10128.735610220272
9600.0,2017-12-17 15:50:00,9759.926492290802,9753.914738925298,9936.999084854877
9507.803121,2017-12-17 16:00:00,9584.664640564028,9549.593805801944,9783.420928367008
9623.04922,2017-12-17 16:10:00,9499.7874996936,9470.650848926325,9744.682199018494
9744.057623,2017-12-17 16:20:00,9671.270385182586,9655.598769651027,9808.207012777642
9640.336134,2017-12-17 16:30:00,9847.579991971903,9859.736286213436,9897.918667555923
9772.869148,2017-12-17 16:40:00,9752.346082659094,9746.320887566057,9922.072439536843
10383.67347,2017-12-17 16:50:00,9957.96634746494,9949.212745334775,10020.52451910702
12095.07803,2017-12-17 17:00:00,10920.93452806859,10933.511824680554,10618.129625440277
13310.92437,2017-12-17 17:10:00,12966.970339827121,13048.268413444115,12087.582018754001
13973.58944,2017-12-17 17:20:00,14251.27361483758,14335.882201241522,13622.929388647717
14417.28691,2017-12-17 17:30:00,14761.472144805852,14774.945619437784,14605.705147213164
14693.87755,2017-12-17 17:40:00,15003.870250732114,14942.110809947855,15419.796722236353
14930.13205,2017-12-17 17:50:00,15058.384263047066,14945.14076696976,16028.973077695387
14849.45978,2017-12-17 18:00:00,15194.944412930754,15129.47275846066,16135.647785962035
15183.67347,2017-12-17 18:10:00,15026.98245057818,14993.676983691803,15955.010676913573
15149.09964,2017-12-17 18:20:00,15379.815233389365,15378.595116567292,16157.258089872586
15408.40336,2017-12-17 18:30:00,15313.393804573163,15321.908683794167,15626.563460921738
15362.30492,2017-12-17 18:40:00,15586.634892125616,15610.00478739809,15807.765350318854
15333.4934,2017-12-17 18:50:00,15498.362147359028,15518.823982231212,15683.402064496519
15448.7395,2017-12-17 19:00:00,15421.294409759612,15408.577770373808,15559.428986078236
15535.17407,2017-12-17 19:10:00,15573.268509068263,15575.942675604127,15808.559806754487
15661.94478,2017-12-17 19:20:00,15657.075262304843,15649.425960787503,15941.381035407116
15316.20648,2017-12-17 19:30:00,15787.663688230474,15792.95239504921,15900.416163793981
15373.82953,2017-12-17 19:40:00,15348.190853701995,15325.642158000886,15377.3827542174
15529.41176,2017-12-17 19:50:00,15416.675089870496,15393.536242785507,15517.74374726833
15731.09244,2017-12-17 20:00:00,15613.702550511722,15606.319229401572,15755.394688374081
15765.66627,2017-12-17 20:10:00,15857.06607843659,15861.834352428245,15882.813068426105
15546.69868,2017-12-17 20:20:00,15876.434075741248,15888.170788260035,15827.326256237104
15535.17407,2017-12-17 20:30:00,15582.486120072455,15550.797643890972,15688.96947031352
15644.65786,2017-12-17 20:40:00,15558.51589819814,15525.89867859104,15699.03375721995
15529.41176,2017-12-17 20:50:00,15688.936450966288,15670.214976692527,15821.103229942108
15103.0012,2017-12-17 21:00:00,15519.421952011238,15507.710105084781,15615.586698793924
14930.13205,2017-12-17 21:10:00,15021.74943988887,15001.763414881669,15001.590186719424
14768.78752,2017-12-17 21:20:00,14833.175208644014,14802.560000251418,14898.887843367818
14889.79592,2017-12-17 21:30:00,14691.673968718955,14672.842116197064,14831.180162619241
14682.35294,2017-12-17 21:40:00,14885.863449871837,14898.901095980369,14827.025769096635
14428.81152,2017-12-17 21:50:00,14676.223255976654,14687.33079181783,14626.782480831227
14267.46699,2017-12-17 22:00:00,14233.726674843294,14218.313438057026,14292.880930144995
14146.45858,2017-12-17 22:10:00,14065.534631750199,14044.368503988992,14166.653741465321
14065.78631,2017-12-17 22:20:00,13952.392317143243,13930.10431660394,14033.486753186891
13506.84274,2017-12-17 22:30:00,13892.689955346324,13892.330172356842,13909.619154285185
13201.44058,2017-12-17 22:40:00,13253.761508046278,13232.514030817661,13439.865112723175
12878.7515,2017-12-17 22:50:00,12933.868844111108,12907.193210869755,13065.619435799923
12861.46459,2017-12-17 23:00:00,12581.964024364228,12562.185258892418,12770.039405891184
12533.01321,2017-12-17 23:10:00,12623.66187757749,12625.78980110517,12689.000559025946
12193.03721,2017-12-17 23:20:00,12294.770008062053,12307.774185995238,12332.833925627856
11979.83193,2017-12-17 23:30:00,11928.827307407875,11912.940786424362,11979.55526930099
11605.28211,2017-12-17 23:40:00,11742.44177966511,11724.953383270662,11915.077118149085
11461.22449,2017-12-17 23:50:00,11341.911201199342,11312.180059855491,11570.024332250496
11017.52701,2017-12-18 00:00:00,11228.528991067458,11236.82212771408,11383.381419321313
10896.51861,2017-12-18 00:10:00,10756.965486667268,10752.888527262345,10931.664237501109
10729.41176,2017-12-18 00:20:00,10678.814167046423,10676.512010628328,10858.196141289305
10694.83794,2017-12-18 00:30:00,10561.168329744512,10569.578400698578,10614.635258035552
10475.87035,2017-12-18 00:40:00,10559.975879799893,10564.305576312825,10547.0265578282
10176.23049,2017-12-18 00:50:00,10334.766688986747,10340.48500697504,10262.012894908687
9997.59904,2017-12-18 01:00:00,9966.813584402766,9946.1611431783,10111.540646105075
9928.451381,2017-12-18 01:10:00,9807.964710887924,9793.635053095228,9824.877685448957
9957.262905,2017-12-18 01:20:00,9770.103478768611,9762.224899476314,9768.662906333357
9582.713085,2017-12-18 01:30:00,9838.06469267673,9847.25522014344,9798.181268753382
9536.614646,2017-12-18 01:40:00,9422.165271652619,9417.243806545688,9479.41106498017
9427.130852,2017-12-18 01:50:00,9398.294473670681,9386.902014219577,9469.432858362454
9513.565426,2017-12-18 02:00:00,9269.139009816397,9258.490502616896,9411.951650305406
9346.458583,2017-12-18 02:10:00,9399.064327172588,9399.912443963934,9432.266096687981
9139.015606,2017-12-18 02:20:00,9224.723734900788,9232.43987720977,9225.582342257712
9081.392557,2017-12-18 02:30:00,8982.366648120358,8962.966923494281,9103.255216611453
9133.253301,2017-12-18 02:40:00,8943.007488414954,8930.314803674011,9012.23827692548
9179.351741,2017-12-18 02:50:00,9026.498932094375,9019.121679778731,9084.745490575353
9127.490996,2017-12-18 03:00:00,9065.300649589411,9076.915471697544,9083.811007421698
8885.47419,2017-12-18 03:10:00,9009.934375305234,9012.464668847146,9073.81152657758
8862.42497,2017-12-18 03:20:00,8717.880240138282,8697.843696023703,8868.807578859285
8804.801921,2017-12-18 03:30:00,8714.62700360228,8698.683345802096,8863.770954514186
8983.433373,2017-12-18 03:40:00,8653.87521056987,8645.294390094003,8843.502752213333
8925.810324,2017-12-18 03:50:00,8884.138389306852,8894.562329610097,8923.929113946371
8781.752701,2017-12-18 04:00:00,8805.133944546189,8815.141642073157,8843.327150732423
8770.228091,2017-12-18 04:10:00,8636.698015046102,8626.018134207048,8787.490693103839
8925.810324,2017-12-18 04:20:00,8636.635851555871,8628.365508355904,8802.404233333864
9012.244898,2017-12-18 04:30:00,8806.859137416124,8800.726575323257,8849.001320025243
8804.801921,2017-12-18 04:40:00,8917.302008799064,8927.795792860963,8933.797080617373
8810.564226,2017-12-18 04:50:00,8664.806182579934,8661.263213942431,8822.228968280917
8891.236495,2017-12-18 05:00:00,8665.675488910556,8656.442591112285,8800.2857655603
9104.441777,2017-12-18 05:10:00,8753.482783613712,8746.698599901802,8827.561657031725
9064.105642,2017-12-18 05:20:00,9007.356993055799,9019.858886419734,9023.548195233794
8994.957983,2017-12-18 05:30:00,8958.478680433498,8973.773217513457,8942.918232071057
9248.4994,2017-12-18 05:40:00,8885.50683159231,8879.868976956654,8949.173993681781
9421.368547,2017-12-18 05:50:00,9181.854056371185,9183.124768940892,9138.388430029237
9455.942377,2017-12-18 06:00:00,9330.186249575445,9335.588310199502,9268.181499038305
9173.589436,2017-12-18 06:10:00,9340.34403103941,9352.142613175056,9339.76417993169
8873.94958,2017-12-18 06:20:00,8955.045002939813,8940.588239202496,9059.304375717737
8695.318127,2017-12-18 06:30:00,8580.979149185647,8545.671872774055,8780.570652545932
8568.547419,2017-12-18 06:40:00,8367.450846265594,8350.256499591356,8527.886690333655
8343.817527,2017-12-18 06:50:00,8244.024413926072,8249.590796722025,8464.237790598148
7848.259304,2017-12-18 07:00:00,8133.318299437242,8148.658855632588,8353.675443558583
7231.692677,2017-12-18 07:10:00,7554.156613053163,7547.782417055303,8049.307621635377
6949.339736,2017-12-18 07:20:00,6864.088721474742,6839.620880401297,7963.925953757499
6960.864346,2017-12-18 07:30:00,6615.309294766377,6605.005692911835,7958.884289070866
6661.22449,2017-12-18 07:40:00,6751.940971362146,6773.217960133081,7958.602000079645
6592.076831,2017-12-18 07:50:00,6501.637254130705,6530.306704867244,7958.658985430432
6701.560624,2017-12-18 08:00:00,6541.227590001568,6566.5052093306385,8010.906812942343
6995.438175,2017-12-18 08:10:00,6705.794338396305,6710.622289428424,8033.426212828515
7081.872749,2017-12-18 08:20:00,7068.037443163055,7073.428069221984,8041.716525811682
7110.684274,2017-12-18 08:30:00,7178.007356647875,7189.022762620507,8061.323372850609
7214.405762,2017-12-18 08:40:00,7196.974871483451,7182.192182011651,8072.25020682005
7364.22569,2017-12-18 08:50:00,7295.243537161377,7269.898948434327,8079.176402555254
7692.677071,2017-12-18 09:00:00,7452.710207952634,7430.465586763679,8155.961051275089
7669.627851,2017-12-18 09:10:00,7832.097811402209,7837.839622027708,8166.135832158874
7692.677071,2017-12-18 09:20:00,7767.108633213818,7764.908807991227,8180.848131472359
7756.062425,2017-12-18 09:30:00,7781.123461227815,7769.945540268191,8182.623063398787
8170.948379,2017-12-18 09:40:00,7832.10326847215,7820.378795338684,8178.997479321136
8193.997599,2017-12-18 09:50:00,8301.215084216814,8306.57262849434,8355.920145017732
8124.84994,2017-12-18 10:00:00,8338.191004358407,8353.776736483222,8416.23476768956
8234.333733,2017-12-18 10:10:00,8237.387251364187,8235.549634915787,8425.064083090634
8459.063625,2017-12-18 10:20:00,8359.792993881589,8354.333394646295,8523.763971507076
8741.416567,2017-12-18 10:30:00,8581.031538571615,8574.98100569656,8686.03414359392
8672.268908,2017-12-18 10:40:00,8910.661471445646,8935.315881972367,8923.846795033902
8689.555822,2017-12-18 10:50:00,8786.644693449362,8795.435259704107,8810.935737673182
8747.178872,2017-12-18 11:00:00,8680.388389973641,8673.133593896773,8839.729339754345
8948.859544,2017-12-18 11:10:00,8718.417639392597,8708.718675294791,9011.49236611283
9000.720288,2017-12-18 11:20:00,8935.977819295313,8940.070393663464,9140.993086431481
8868.187275,2017-12-18 11:30:00,9001.860430591143,9021.77807812954,9200.753163387666
8914.285714,2017-12-18 11:40:00,8833.412500224083,8833.943066495573,9186.21622450097
9104.441777,2017-12-18 11:50:00,8883.797852512658,8883.102343986366,9188.829402868136
9190.876351,2017-12-18 12:00:00,9120.903765378886,9124.461172433392,9383.896372327703
9323.409364,2017-12-18 12:10:00,9219.136492962183,9234.67148484597,9509.001278012067
9450.180072,2017-12-18 12:20:00,9362.587614594431,9380.732414344337,9556.841221796245
9392.557023,2017-12-18 12:30:00,9484.756962207557,9486.87524307621,9718.80273269033
9605.762305,2017-12-18 12:40:00,9376.872430522366,9365.950913783217,9643.327878752207
9634.57383,2017-12-18 12:50:00,9610.71011249517,9612.233543149196,9856.13331257632
9473.229292,2017-12-18 13:00:00,9648.476689786628,9642.933679413609,9863.858325661786
9502.040816,2017-12-18 13:10:00,9446.889384131146,9434.49241964619,9731.993435882936
9623.04922,2017-12-18 13:20:00,9492.168079586896,9488.004043805353,9759.165043761079
9576.95078,2017-12-18 13:30:00,9617.046874824024,9610.528478291268,9872.415734187753
9404.081633,2017-12-18 13:40:00,9565.080097886848,9568.874524833125,9865.533509836276
9052.581032,2017-12-18 13:50:00,9368.708641894042,9367.867261021114,9699.479839781117
8764.465786,2017-12-18 14:00:00,8996.980715158383,8971.869923358721,9239.751291215727
8925.810324,2017-12-18 14:10:00,8671.203027709365,8646.592107206003,9119.284275297367
8810.564226,2017-12-18 14:20:00,8926.78992990743,8936.478088143822,9189.198991382738
8706.842737,2017-12-18 14:30:00,8844.42404404835,8863.387490276471,9153.701172017807
8764.465786,2017-12-18 14:40:00,8775.172094646101,8792.696602400165,8960.069097308246
8856.662665,2017-12-18 14:50:00,8876.98379639366,8882.13306448342,9094.719725730802
9000.720288,2017-12-18 15:00:00,8984.480898082955,8969.3884834926,9161.442668057127
9369.507803,2017-12-18 15:10:00,9164.931321544811,9167.783780582176,9210.874037158263
9265.786315,2017-12-18 15:20:00,9581.089195967128,9586.092066987538,9586.8457434669
9219.687875,2017-12-18 15:30:00,9416.452323481284,9395.519935879096,9498.99219229331
9329.171669,2017-12-18 15:40:00,9310.802130774155,9278.705140424165,9507.214176388925
9185.114046,2017-12-18 15:50:00,9405.59283939927,9375.4284805118,9504.098458400074
9098.679472,2017-12-18 16:00:00,9231.06357476166,9193.989178216638,9408.223911303588
9208.163265,2017-12-18 16:10:00,9160.998274374246,9149.56727676558,9351.010396218699
9363.745498,2017-12-18 16:20:00,9312.568386663452,9304.645945035862,9517.906864962591
9530.852341,2017-12-18 16:30:00,9489.472329847453,9485.38204832156,9619.327819208997
9657.623049,2017-12-18 16:40:00,9701.60037427341,9711.926569231155,9808.424447112686
10153.18127,2017-12-18 16:50:00,9868.429548655926,9869.814175225627,9948.168080401996
11818.48739,2017-12-18 17:00:00,10672.141399239219,10677.390699267986,10370.261965094423
13818.0072,2017-12-18 17:10:00,12645.237189982668,12708.177145133192,11865.439467648936
14832.17287,2017-12-18 17:20:00,14847.826577050471,14946.64415859971,14043.066429131442
15200.96038,2017-12-18 17:30:00,15735.1207891929,15781.948470675628,15456.488141912503
15293.15726,2017-12-18 17:40:00,15798.781215222542,15739.70521420081,16110.180571733501
15431.45258,2017-12-18 17:50:00,15557.645318584933,15406.959808943564,16390.759908585384
15731.09244,2017-12-18 18:00:00,15515.089133943395,15382.066620743064,16426.668334449394
15696.51861,2017-12-18 18:10:00,15842.034550764283,15806.57973683847,16720.364532275846
15736.85474,2017-12-18 18:20:00,15766.780602664412,15770.050013813781,16505.518692952006
15742.61705,2017-12-18 18:30:00,15807.895127398597,15824.33333567909,16249.764974772372
15777.19088,2017-12-18 18:40:00,15780.916477544491,15790.912352208941,16071.380401735332
15725.33013,2017-12-18 18:50:00,15801.094467285235,15809.472025183752,15980.990826243662
15736.85474,2017-12-18 19:00:00,15749.140518313785,15760.054528348013,15878.215721103428
15725.33013,2017-12-18 19:10:00,15767.918707741144,15763.821062612216,15877.782159562303
15754.14166,2017-12-18 19:20:00,15765.353685648399,15757.663856845258,15873.325647858805
15679.23169,2017-12-18 19:30:00,15777.311825265864,15766.983900665802,15780.53331702518
15275.87035,2017-12-18 19:40:00,15693.117024641128,15682.412671672831,15759.78526577564
15333.4934,2017-12-18 19:50:00,15219.326964145372,15191.876297960674,15316.527773254127
15437.21489,2017-12-18 20:00:00,15323.573747317107,15308.440833308305,15315.668742030753
15834.81393,2017-12-18 20:10:00,15479.794731895587,15478.44719735404,15449.347170592973
15777.19088,2017-12-18 20:20:00,15957.608833771676,15979.967818700092,15894.247366129139
15673.46939,2017-12-18 20:30:00,15877.527016550699,15889.328439417031,15820.353638660634
15725.33013,2017-12-18 20:40:00,15710.714824997178,15679.722698798181,15796.33712661287
15587.03481,2017-12-18 20:50:00,15742.626115792482,15708.422141854278,15812.796025633523
15610.08403,2017-12-18 21:00:00,15508.043960834118,15463.384097696875,15597.359483190923
15396.87875,2017-12-18 21:10:00,15555.010418507203,15542.549376588147,15635.255102292918
15391.11645,2017-12-18 21:20:00,15299.54967121014,15278.441579093813,15325.811475211853
15137.57503,2017-12-18 21:30:00,15321.4894970967,15302.014612391307,15382.18878067337
14964.70588,2017-12-18 21:40:00,15031.016151522777,15015.658865811563,15069.128488489683
14757.26291,2017-12-18 21:50:00,14838.921385918871,14817.649487410134,14840.95173015631
14382.71309,2017-12-18 22:00:00,14472.553940066764,14463.174591291156,14551.85035249147
14215.60624,2017-12-18 22:10:00,14058.873438351122,14034.414719507691,14164.249293612898
14065.78631,2017-12-18 22:20:00,13932.529711334664,13927.411454243007,13937.199059676255
13956.30252,2017-12-18 22:30:00,13783.89330045083,13777.108192596905,13846.375072139792
13449.21969,2017-12-18 22:40:00,13699.557622522674,13697.608038404425,13724.117044820348
13143.81753,2017-12-18 22:50:00,13130.203616619987,13114.588079291541,13195.683207228607
12849.93998,2017-12-18 23:00:00,12791.579755421375,12763.155782481146,13036.310020284753
12815.36615,2017-12-18 23:10:00,12492.180391656151,12468.270993732376,12760.819643884823
12550.30012,2017-12-18 23:20:00,12512.807556091746,12506.02220757003,12551.392295354126
12060.5042,2017-12-18 23:30:00,12267.316879244767,12271.926827035833,12292.765188959322
11853.06122,2017-12-18 23:40:00,11722.473287070196,11696.74347794646,11868.290730318367
11720.52821,2017-12-18 23:50:00,11539.965062700801,11514.174285053978,11703.484418417445
11628.33133,2017-12-19 00:00:00,11436.809525525749,11427.777950833744,11595.3823587855
11138.53541,2017-12-19 00:10:00,11400.4240972361,11413.323529396861,11538.53401956535
10977.19088,2017-12-19 00:20:00,10870.420381400116,10870.197420124021,10964.555950253976
10815.84634,2017-12-19 00:30:00,10738.908383691854,10724.068363376762,10824.140765448366
10740.93637,2017-12-19 00:40:00,10592.055357545769,10581.567379914544,10631.844681282162
10487.39496,2017-12-19 00:50:00,10547.074675170923,10547.73938799708,10504.554547796432
10251.14046,2017-12-19 01:00:00,10266.149173780736,10275.69323964561,10254.487175585891
10072.509,2017-12-19 01:10:00,10023.007296747764,10007.292100048326,10134.525717849483
10101.32053,2017-12-19 01:20:00,9862.450244507749,9849.630091147088,9927.425976295915
10049.45978,2017-12-19 01:30:00,9922.844852919696,9919.825548125318,9985.836263998111
9657.623049,2017-12-19 01:40:00,9905.345515005276,9912.219579409815,9872.693253728083
9519.327731,2017-12-19 01:50:00,9459.656697825474,9445.97480344945,9504.171608403592
9444.417767,2017-12-19 02:00:00,9309.687989493412,9293.584109116007,9471.876693739867
9576.95078,2017-12-19 02:10:00,9247.160044314844,9232.745618833169,9384.29845870733
9438.655462,2017-12-19 02:20:00,9441.273898462543,9450.070541322895,9497.351327202376
9306.122449,2017-12-19 02:30:00,9309.492579161142,9321.854698550245,9382.595070253365
9329.171669,2017-12-19 02:40:00,9164.94600060834,9151.99857686355,9201.481671305995
9334.933974,2017-12-19 02:50:00,9207.469843531537,9193.493773997205,9168.752988880919
9427.130852,2017-12-19 03:00:00,9183.793208978128,9171.091346997746,9173.658172357384
9248.4994,2017-12-19 03:10:00,9301.15015957526,9306.797703459717,9308.27989753888
9098.679472,2017-12-19 03:20:00,9086.105996882445,9075.602311546392,9150.75280704103
9064.105642,2017-12-19 03:30:00,8908.69224866668,8886.014720930145,9042.827249014923
9213.92557,2017-12-19 03:40:00,8890.621433660806,8877.325857871007,8983.870889646081
9167.827131,2017-12-19 03:50:00,9082.771102766823,9082.816429874076,9088.82892462743
8960.384154,2017-12-19 04:00:00,9017.210677528927,9029.32219786462,9073.185792495175
8925.810324,2017-12-19 04:10:00,8776.243643514179,8769.919132090488,8847.114469836128
8983.433373,2017-12-19 04:20:00,8753.603580465051,8741.657688399338,8859.521222486543
9121.728691,2017-12-19 04:30:00,8831.601179406709,8824.038775868996,8939.71579975697
9035.294118,2017-12-19 04:40:00,9005.669153479874,9018.023442887421,9072.28541122204
8994.957983,2017-12-19 04:50:00,8906.009336294073,8912.953825189594,8969.819886674815
9098.679472,2017-12-19 05:00:00,8841.778194886398,8833.978179277921,8929.155828225796
9300.360144,2017-12-19 05:10:00,8968.776145698628,8963.061016031188,9013.602024580106
9260.02401,2017-12-19 05:20:00,9194.727067836879,9198.558222311138,9158.41758123313
9277.310924,2017-12-19 05:30:00,9134.30174552194,9141.30812725055,9155.78876713418
9478.991597,2017-12-19 05:40:00,9157.985775371728,9155.66721740793,9163.017380360943
9697.959184,2017-12-19 05:50:00,9387.148970845972,9384.66933914819,9360.145143198371
9732.533013,2017-12-19 06:00:00,9606.619109027453,9612.824809023234,9459.459181788121
9392.557023,2017-12-19 06:10:00,9603.30799043349,9612.652912892223,9510.83597132211
9283.073229,2017-12-19 06:20:00,9141.237018006252,9120.392452936681,9228.819365707743
9069.867947,2017-12-19 06:30:00,8992.875566266275,8964.115184850045,9132.157177564399
8925.810324,2017-12-19 06:40:00,8742.892608995042,8723.576718656233,8910.338466052408
8603.121248,2017-12-19 06:50:00,8601.960690048618,8606.18172844639,8766.850606383337
8049.939976,2017-12-19 07:00:00,8371.082636604553,8379.518913578448,8510.689286592777
7514.045618,2017-12-19 07:10:00,7715.509839795899,7695.331785366217,8238.703137557102
7127.971188,2017-12-19 07:20:00,7144.770454891264,7127.780542936116,8002.957077493784
7070.348139,2017-12-19 07:30:00,6793.574481138219,6787.539584798462,7993.230917746074
7001.20048,2017-12-19 07:40:00,6846.286555406505,6871.7214346145465,7984.881713786787
6874.429772,2017-12-19 07:50:00,6874.970546782879,6912.681910472818,7960.2536687604415
6868.667467,2017-12-19 08:00:00,6822.701506189947,6846.267828021761,8009.968492586428
6926.290516,2017-12-19 08:10:00,6872.324296588893,6878.65053555576,8042.939789136611
7306.602641,2017-12-19 08:20:00,6959.323466382639,6949.147443967371,8044.8515484523305
7393.037215,2017-12-19 08:30:00,7422.378859043874,7429.070363642684,8059.76956785886
7306.602641,2017-12-19 08:40:00,7509.67495223657,7510.04645491307,8089.82919596032
7467.947179,2017-12-19 08:50:00,7377.488306922782,7356.54369396782,8115.540942016336
7658.103241,2017-12-19 09:00:00,7569.476725317816,7548.530397326673,8195.168011256123
7951.980792,2017-12-19 09:10:00,7755.3283218089255,7735.153450043144,8196.131012641052
7951.980792,2017-12-19 09:20:00,8088.217114533385,8098.085368530556,8299.31602803953
7957.743097,2017-12-19 09:30:00,8057.963098228882,8061.017214661693,8299.362449705515
7998.079232,2017-12-19 09:40:00,8037.97862506672,8021.854272743154,8309.263811775276
8142.136855,2017-12-19 09:50:00,8057.183601167113,8041.4760397977425,8342.542531911171
8280.432173,2017-12-19 10:00:00,8233.721061389035,8226.524401724855,8372.618076040446
8188.235294,2017-12-19 10:10:00,8403.511001017467,8416.753319733863,8473.33494107652
8309.243697,2017-12-19 10:20:00,8286.155536308868,8286.435615936858,8448.036660741092
8470.588235,2017-12-19 10:30:00,8423.424588580292,8423.253551999731,8553.075616758075
8689.555822,2017-12-19 10:40:00,8589.219517302969,8590.492820382451,8679.100054511777
8752.941176,2017-12-19 10:50:00,8826.29285037661,8836.227210503675,8776.373656630294
8845.138055,2017-12-19 11:00:00,8781.183118915307,8794.389083629085,8968.730084439112
8810.564226,2017-12-19 11:10:00,8855.087764488928,8850.51629808113,9099.330035824058
8977.671068,2017-12-19 11:20:00,8780.915454177917,8768.839382831486,9080.22435485747
9075.630252,2017-12-19 11:30:00,8952.99756939163,8948.520504754737,9184.566718261982
8948.859544,2017-12-19 11:40:00,9060.949959061,9067.070132805877,9262.448042051254
9012.244898,2017-12-19 11:50:00,8901.073213818172,8897.901877194185,9191.241674913665
9179.351741,2017-12-19 12:00:00,9007.06590393238,9006.991874153324,9229.120532418714
9490.516206,2017-12-19 12:10:00,9194.798587105182,9194.878969654425,9507.070547263593
9381.032413,2017-12-19 12:20:00,9555.68992877707,9573.859913078384,9776.067235412262
9450.180072,2017-12-19 12:30:00,9396.90913275422,9405.618490766334,9654.213934524634
9444.417767,2017-12-19 12:40:00,9453.986632289361,9445.486130909161,9738.364359070298
9588.47539,2017-12-19 12:50:00,9416.640958330006,9400.138220699813,9719.941637806462
9784.393758,2017-12-19 13:00:00,9596.34226481217,9584.882816643387,9870.18321169758
9865.066026,2017-12-19 13:10:00,9832.170529464043,9846.568390125092,9989.430798535182
9703.721489,2017-12-19 13:20:00,9901.962025015593,9901.965940482918,10049.362498389622
9646.098439,2017-12-19 13:30:00,9676.157222894652,9662.32488187496,9908.948819588522
9594.237695,2017-12-19 13:40:00,9579.358519048947,9555.721500621228,9854.61179879886
9790.156062,2017-12-19 13:50:00,9500.516685714767,9480.406158437232,9859.489557930701
9513.565426,2017-12-19 14:00:00,9772.659580647887,9772.378674488406,9952.030508089716
9490.516206,2017-12-19 14:10:00,9456.425838472831,9451.078265721499,9788.514359845294
9576.95078,2017-12-19 14:20:00,9432.36765165897,9420.112660346036,9783.857354468926
9519.327731,2017-12-19 14:30:00,9542.850113441786,9533.100373966203,9844.85003769666
9490.516206,2017-12-19 14:40:00,9480.787202955235,9466.114289075253,9810.04544216154
9346.458583,2017-12-19 14:50:00,9483.2063297867,9486.98766436964,9756.74874796562
9306.122449,2017-12-19 15:00:00,9335.809142191956,9311.221121813933,9580.751353625696
9323.409364,2017-12-19 15:10:00,9319.048070001652,9296.243656864699,9558.942774180023
9432.893157,2017-12-19 15:20:00,9357.764063937986,9348.749271400931,9553.870937622192
9357.983193,2017-12-19 15:30:00,9504.436886330679,9501.375367366007,9676.788715666786
9190.876351,2017-12-19 15:40:00,9420.527136722614,9414.736935244091,9613.048700640462
9202.40096,2017-12-19 15:50:00,9206.179735164464,9182.322164691735,9460.26886209618
9288.835534,2017-12-19 16:00:00,9239.257010203812,9214.109701286216,9458.905952097128
9450.180072,2017-12-19 16:10:00,9359.790738991163,9343.368411559954,9514.904143096765
9478.991597,2017-12-19 16:20:00,9575.228672560897,9576.691210063713,9710.574221802019
9576.95078,2017-12-19 16:30:00,9606.495936113422,9603.134712071183,9737.474885554346
10141.65666,2017-12-19 16:40:00,9704.384122411764,9688.111728787828,9826.884746969285
11224.96999,2017-12-19 16:50:00,10379.156716472517,10382.158107864292,10235.198885016554
12567.58703,2017-12-19 17:00:00,11851.899873700215,11888.3529167009,11303.650060885177
13944.77791,2017-12-19 17:10:00,13425.701282365673,13495.469708495066,12491.002231213672
14711.16447,2017-12-19 17:20:00,14869.732944617199,14925.563370587206,14448.954461901916
15264.34574,2017-12-19 17:30:00,15462.411246296135,15448.472577392109,15648.739638932388
15667.70708,2017-12-19 17:40:00,15792.064380045573,15722.304380560885,16341.342148357386
15638.89556,2017-12-19 17:50:00,16009.235282939018,15922.30883220017,16703.538521257673
15800.2401,2017-12-19 18:00:00,15804.38416672139,15719.335968215375,16900.672711078907
15944.29772,2017-12-19 18:10:00,15922.43324765169,15887.039072794278,16945.090680467252
16180.55222,2017-12-19 18:20:00,16038.732283710266,16030.02585107067,16786.759980164417
16065.30612,2017-12-19 18:30:00,16291.030400440852,16309.604030716679,16446.687020569767
16024.96999,2017-12-19 18:40:00,16129.063845585948,16152.526665479036,16253.339011793481
15794.47779,2017-12-19 18:50:00,16044.586209552968,16046.089365143365,16236.79664650918
15846.33854,2017-12-19 19:00:00,15755.68433333641,15741.52742695033,15883.070147478295
15967.34694,2017-12-19 19:10:00,15833.655851573674,15825.815570616243,15941.106937904482
15754.14166,2017-12-19 19:20:00,16013.200373328897,16029.750645245786,15980.241070540986
15719.56783,2017-12-19 19:30:00,15753.839524232268,15752.205512964916,15805.909498208197
15587.03481,2017-12-19 19:40:00,15712.498743608849,15709.455436579272,15696.833747714265
15788.71549,2017-12-19 19:50:00,15561.431670462756,15541.316705314086,15690.229218889728
15644.65786,2017-12-19 20:00:00,15816.71489800652,15811.79065549767,15799.65358848272
15661.94478,2017-12-19 20:10:00,15684.849864147836,15687.895897730525,15715.573129558521
15788.71549,2017-12-19 20:20:00,15702.250814988196,15692.065422599699,15740.538478991228
15950.06002,2017-12-19 20:30:00,15850.08343472291,15844.278845518822,15843.076828565348
16140.21609,2017-12-19 20:40:00,16025.536422525298,16013.261664541009,15982.165963248493
15817.52701,2017-12-19 20:50:00,16231.935868788129,16237.426313003189,16057.02908627758
15817.52701,2017-12-19 21:00:00,15776.558101296276,15744.747394592208,15825.746387190824
15598.55942,2017-12-19 21:10:00,15750.550584869985,15713.526324068,15836.518872052233
15771.42857,2017-12-19 21:20:00,15487.797493533773,15451.39512901469,15601.890085636955
15587.03481,2017-12-19 21:30:00,15713.301139142437,15702.159372004358,15659.609753008905
15327.73109,2017-12-19 21:40:00,15514.059263306372,15517.600744649679,15521.518691682764
14981.9928,2017-12-19 21:50:00,15200.09335484494,15175.339493006652,15204.028243422523
14699.63986,2017-12-19 22:00:00,14643.035934412432,14620.411239239464,14672.318927897115
14544.05762,2017-12-19 22:10:00,14335.509461984846,14302.626545559733,14371.237341649083
14492.19688,2017-12-19 22:20:00,14226.530086970448,14225.094763921956,14200.546586638184
14094.59784,2017-12-19 22:30:00,14224.986637245449,14232.44444802305,14197.741198421605
13431.93277,2017-12-19 22:40:00,13778.819005715759,13770.476179045936,13785.525125071172
13011.28451,2017-12-19 22:50:00,13025.867445215466,12992.545822474,13130.43490418851
12913.32533,2017-12-19 23:00:00,12563.661460527543,12527.55300041388,12901.22013980212
12763.5054,2017-12-19 23:10:00,12551.607450546027,12541.53500813845,12759.3973637652
12314.04562,2017-12-19 23:20:00,12474.253178827339,12491.887623957504,12584.489159363067
12054.7419,2017-12-19 23:30:00,12006.368682623259,12012.36785017055,12139.612000050309
11876.11044,2017-12-19 23:40:00,11753.149104210643,11733.182967124461,11988.164983116716
11818.48739,2017-12-19 23:50:00,11595.211380947141,11566.184842138759,11719.291359960636
11564.94598,2017-12-20 00:00:00,11614.673157302681,11620.767886120437,11696.353582769649
11057.86315,2017-12-20 00:10:00,11355.99692020507,11364.697708254549,11489.240838296859
10798.55942,2017-12-20 00:20:00,10788.626071817182,10766.506319774388,10955.771418045431
10740.93637,2017-12-20 00:30:00,10540.203846359433,10518.59887173017,10649.112669532833
10660.26411,2017-12-20 00:40:00,10541.80845684039,10537.114561914346,10529.748721114507
10291.47659,2017-12-20 00:50:00,10509.227639101355,10525.74195464717,10446.877531198917
9853.541417,2017-12-20 01:00:00,10085.160468877522,10093.921826999378,10073.337335772707
9686.434574,2017-12-20 01:10:00,9601.132530230443,9579.050984279642,9739.048213386432
9795.918367,2017-12-20 01:20:00,9470.073182849515,9451.934565042344,9604.112757850367
9536.614646,2017-12-20 01:30:00,9669.667393523236,9679.3601816879,9687.276589046056
9352.220888,2017-12-20 01:40:00,9406.479638557023,9421.73181649085,9492.888941843856
9306.122449,2017-12-20 01:50:00,9230.530031464024,9232.203506804568,9201.479008848208
9294.597839,2017-12-20 02:00:00,9171.0156078814,9157.527229583657,9190.267170163419
9398.319328,2017-12-20 02:10:00,9186.508695617675,9174.633719222777,9181.193240430388
9156.302521,2017-12-20 02:20:00,9339.84036486486,9352.397725940908,9258.045265075725
9041.056423,2017-12-20 02:30:00,9050.780195118194,9039.634425652363,9090.229516741694
8966.146459,2017-12-20 02:40:00,8926.66084144923,8904.697756067204,8999.636321055394
9133.253301,2017-12-20 02:50:00,8857.347105586337,8839.038410387922,8903.831029966683
9041.056423,2017-12-20 03:00:00,9055.932098390413,9057.095055720683,9070.509390395608
8856.662665,2017-12-20 03:10:00,8955.310842117176,8966.291572085933,8975.758828009288
8833.613445,2017-12-20 03:20:00,8732.106056905082,8721.279524654024,8884.28290218128
8920.048019,2017-12-20 03:30:00,8712.730466366687,8699.619730248347,8874.929924697493
9012.244898,2017-12-20 03:40:00,8835.404222009165,8826.404911402315,8894.819874837747
8758.703481,2017-12-20 03:50:00,8961.76848410426,8972.71447486758,8975.320761168847
8706.842737,2017-12-20 04:00:00,8624.687932816209,8621.423602055593,8823.720846258582
8712.605042,2017-12-20 04:10:00,8563.980413549785,8547.86222177253,8643.629613713725
8873.94958,2017-12-20 04:20:00,8586.215941258986,8574.10520916558,8654.628887471774
8810.564226,2017-12-20 04:30:00,8805.076825859545,8811.626862696667,8880.266318075577
8695.318127,2017-12-20 04:40:00,8734.152788362602,8747.46714476809,8834.06929864557
8729.891957,2017-12-20 04:50:00,8586.291616942965,8575.54763124682,8627.62829992407
8879.711885,2017-12-20 05:00:00,8619.207268716615,8610.387316475279,8725.167584645309
9139.015606,2017-12-20 05:10:00,8810.830259957766,8810.218054235895,8840.4186394207
9133.253301,2017-12-20 05:20:00,9116.174904728332,9136.462880403029,9059.392675816727
9012.244898,2017-12-20 05:30:00,9080.132858989253,9087.456777892061,9065.900045816665
9260.02401,2017-12-20 05:40:00,8915.923836815591,8900.811110263374,8947.088148555747
9576.95078,2017-12-20 05:50:00,9204.137048312323,9196.751280208682,9132.607459761313
9663.385354,2017-12-20 06:00:00,9549.149389648337,9557.145262671944,9431.25240363991
9306.122449,2017-12-20 06:10:00,9599.271574775656,9614.407670027627,9440.071870789656
8937.334934,2017-12-20 06:20:00,9122.937725857613,9107.93896311271,9123.353338482664
8695.318127,2017-12-20 06:30:00,8643.3801814189,8597.682336668877,8798.942182581857
8608.883553,2017-12-20 06:40:00,8374.86029903146,8344.572158875711,8566.522410787968
8464.82593,2017-12-20 06:50:00,8323.719911436496,8332.128843540402,8540.390458988015
7917.406963,2017-12-20 07:00:00,8327.330167118045,8356.036243981685,8444.964247629381
7346.938776,2017-12-20 07:10:00,7691.855457622023,7691.901096638718,8134.984674184841
6966.626651,2017-12-20 07:20:00,7053.9143404231945,7032.310300201063,8055.782874389247
6983.913565,2017-12-20 07:30:00,6694.0307600288215,6677.702887393747,8064.491016553271
6747.659064,2017-12-20 07:40:00,6829.108075400913,6846.971397251402,8066.720638757473
6793.757503,2017-12-20 07:50:00,6654.074829040474,6687.5752589783315,8056.5874296782995
6741.896759,2017-12-20 08:00:00,6806.2121019797305,6834.188618521419,8105.9735684334255
7070.348139,2017-12-20 08:10:00,6789.537625561708,6793.816121581996,8130.950738805976
7139.495798,2017-12-20 08:20:00,7211.875840355457,7213.152577910703,8131.049013602572
6989.67587,2017-12-20 08:30:00,7291.7687970376555,7296.764445114648,8149.009633555111
7047.29892,2017-12-20 08:40:00,7075.080324422353,7049.204187157462,8149.114506313266
7237.454982,2017-12-20 08:50:00,7141.673143644701,7118.051108019641,8159.383987913266
7514.045618,2017-12-20 09:00:00,7378.01530327191,7356.141719959238,8215.389854854497
7709.963986,2017-12-20 09:10:00,7716.004350151032,7727.276444910518,8197.802393908161
7750.30012,2017-12-20 09:20:00,7918.179002290648,7935.210282174907,8209.28179106471
7888.595438,2017-12-20 09:30:00,7905.950554454195,7896.606467811111,8218.184236888132
8315.006002,2017-12-20 09:40:00,8027.803246778669,8012.1156594679105,8282.050533920428
8689.555822,2017-12-20 09:50:00,8494.243802310886,8491.487449133636,8486.57635007975
8620.408163,2017-12-20 10:00:00,8911.3573821342,8921.946287242989,8690.654448290872
8747.178872,2017-12-20 10:10:00,8754.991801470947,8748.625036944282,8690.347923859446
8896.9988,2017-12-20 10:20:00,8850.189789279146,8829.660871788976,8882.597992068748
9202.40096,2017-12-20 10:30:00,8982.327992486367,8956.626947837833,9098.995959790745
9369.507803,2017-12-20 10:40:00,9322.73086093734,9321.8359787372,9490.731636791414
9277.310924,2017-12-20 10:50:00,9493.013328799774,9508.851294057828,9593.906495439081
9277.310924,2017-12-20 11:00:00,9231.796973489383,9221.599430068294,9511.66140534409
9225.45018,2017-12-20 11:10:00,9196.50126507213,9178.83878157029,9591.456269448521
9490.516206,2017-12-20 11:20:00,9124.661764176892,9105.67335503942,9513.198785273114
9697.959184,2017-12-20 11:30:00,9450.4066475094,9460.057874478312,9781.847204347314
9600.0,2017-12-20 11:40:00,9683.401580600163,9706.385110576834,9870.101567720698
9553.901561,2017-12-20 11:50:00,9536.101889034295,9536.240263391388,9895.823140111112
9623.04922,2017-12-20 12:00:00,9499.747134963094,9489.34323290156,9864.180883699933
9888.115246,2017-12-20 12:10:00,9574.821089307225,9555.801386445943,9891.973221111397
9905.402161,2017-12-20 12:20:00,9883.14410659462,9886.536715453363,10046.148326685012
9922.689076,2017-12-20 12:30:00,9900.039478298106,9911.833964699552,10064.231146065413
9905.402161,2017-12-20 12:40:00,9895.99729223911,9893.522808221163,10156.868282772653
10060.98439,2017-12-20 12:50:00,9853.583881811526,9838.916684200052,10139.145130349705
10124.36975,2017-12-20 13:00:00,10058.817615718775,10045.103088259915,10194.167747410827
10020.64826,2017-12-20 13:10:00,10133.555886590064,10135.261103756671,10290.819421544948
10037.93517,2017-12-20 13:20:00,9987.294649734113,9977.824065869232,10184.823385763926
9934.213685,2017-12-20 13:30:00,10000.148551228376,9988.694316094276,10219.274059183843
10066.7467,2017-12-20 13:40:00,9859.72567421661,9839.697102607744,10088.311075097867
9911.164466,2017-12-20 13:50:00,10034.259224302688,10032.905205799409,10181.033530082344
9726.770708,2017-12-20 14:00:00,9863.850703665299,9856.73994640672,10058.619598269303
9697.959184,2017-12-20 14:10:00,9652.745136610652,9633.554055668705,9910.960744240188
9876.590636,2017-12-20 14:20:00,9642.504420705083,9631.093820641423,9861.777917411879
9888.115246,2017-12-20 14:30:00,9866.03804937042,9860.014999970299,9973.443033239952
9628.811525,2017-12-20 14:40:00,9899.362430008157,9907.762954574173,9972.777858723284
9588.47539,2017-12-20 14:50:00,9585.675182641247,9573.460624547406,9792.158137805114
9536.614646,2017-12-20 15:00:00,9564.941942967616,9537.714718561516,9800.268964898145
9853.541417,2017-12-20 15:10:00,9517.684931497704,9491.163972214585,9807.130569559977
9784.393758,2017-12-20 15:20:00,9927.564907134682,9934.054750553394,9960.448486806376
9542.376951,2017-12-20 15:30:00,9844.568307135549,9850.353584632405,9924.445798694629
9502.040816,2017-12-20 15:40:00,9532.679787616446,9506.573176337613,9809.098422588995
9478.991597,2017-12-20 15:50:00,9485.316117504559,9457.090381695503,9766.312190654226
9651.860744,2017-12-20 16:00:00,9480.56509620056,9447.018610662504,9716.23015570815
9398.319328,2017-12-20 16:10:00,9733.617077153865,9738.303251610343,9823.868472959835
9398.319328,2017-12-20 16:20:00,9447.156346906997,9440.363893551474,9673.606587249798
9386.794718,2017-12-20 16:30:00,9462.515953769731,9444.32025186404,9679.227491320122
9911.164466,2017-12-20 16:40:00,9486.67162894825,9472.630625797894,9712.825721609377
10527.73109,2017-12-20 16:50:00,10180.441739474392,10194.779523628122,10051.565433050317
11841.53661,2017-12-20 17:00:00,11135.93292194105,11183.74410892534,10799.806715335284
14002.40096,2017-12-20 17:10:00,12698.633697752546,12764.71821057716,11933.742586388093
15333.4934,2017-12-20 17:20:00,15104.913015514832,15204.673210423085,14560.848232340919
15806.0024,2017-12-20 17:30:00,16342.621190812419,16384.900243332668,16175.597649039944
15627.37095,2017-12-20 17:40:00,16517.377739182473,16477.751607424474,16713.55002080036
15759.90396,2017-12-20 17:50:00,15925.111865682149,15782.911952315051,16795.824465570207
15875.15006,2017-12-20 18:00:00,15863.358764653003,15708.277677214879,16998.736370012026
16249.69988,2017-12-20 18:10:00,15957.78499420329,15900.075608373962,16924.514874345714
16145.97839,2017-12-20 18:20:00,16422.58138204678,16451.263479833066,16947.196074389176
16007.68307,2017-12-20 18:30:00,16273.691015505445,16317.402009097641,16572.081078749157
16013.44538,2017-12-20 18:40:00,16063.40018499752,16073.387348959492,16268.78628281579
15927.0108,2017-12-20 18:50:00,16042.901298467632,16049.795378886934,16199.352592612218
16192.07683,2017-12-20 19:00:00,15930.308011923124,15926.348138731539,15998.959370895182
16088.35534,2017-12-20 19:10:00,16285.66832878697,16310.908429602283,16147.768896065874
15973.10924,2017-12-20 19:20:00,16146.299713807344,16149.605406401726,16025.713417086392
16019.20768,2017-12-20 19:30:00,15996.440265459198,15980.649295207837,15979.179581590324
16209.36375,2017-12-20 19:40:00,16038.575999897388,16025.581610018873,15991.135599108205
16180.55222,2017-12-20 19:50:00,16265.973082372575,16252.525918414718,16130.89591603168
16082.59304,2017-12-20 20:00:00,16217.428670641466,16216.243131387797,16065.104243386864
16261.22449,2017-12-20 20:10:00,16101.37560506354,16085.612289645853,15998.292971706149
16439.85594,2017-12-20 20:20:00,16306.453364478868,16288.573322607259,16167.096361320433
16520.52821,2017-12-20 20:30:00,16505.908995861275,16493.52616284524,16311.725450929964
16111.40456,2017-12-20 20:40:00,16599.378582558962,16597.87625234567,16318.754173384366
16001.92077,2017-12-20 20:50:00,16066.564798055335,16037.647330783824,15948.056391556289
15863.62545,2017-12-20 21:00:00,15908.609702567306,15865.089936445876,15848.717523154506
16013.44538,2017-12-20 21:10:00,15751.91431473952,15720.328564512307,15766.090012860566
15759.90396,2017-12-20 21:20:00,15987.824143335025,15989.96143492898,15879.581889986683
15241.29652,2017-12-20 21:30:00,15713.34485999873,15722.268377971755,15642.889519988063
15103.0012,2017-12-20 21:40:00,15095.513654294928,15064.32706408856,15131.850624374558
15097.2389,2017-12-20 21:50:00,14961.699918078595,14936.216692543705,14927.152948813666
14958.94358,2017-12-20 22:00:00,14828.562970035688,14815.0998891868,14820.708950584196
14572.86915,2017-12-20 22:10:00,14727.19193213241,14739.533484003892,14632.551208247261
14267.46699,2017-12-20 22:20:00,14320.192813670927,14319.39659300241,14303.193283053657
14111.88475,2017-12-20 22:30:00,13973.07080959536,13940.796028142704,14003.59542822211
14025.45018,2017-12-20 22:40:00,13801.229925582938,13774.127249884272,13814.508150248757
13731.57263,2017-12-20 22:50:00,13745.363572043483,13737.85504494336,13688.00130223621
13270.58824,2017-12-20 23:00:00,13421.222579199297,13416.791248102238,13531.404225187758
12907.56303,2017-12-20 23:10:00,12920.591154463678,12892.763408674207,13099.691958406464
12527.2509,2017-12-20 23:20:00,12527.013331377588,12490.080589776717,12751.818016012967
12452.34094,2017-12-20 23:30:00,12137.390190460877,12108.229119358384,12183.665844670604
12060.5042,2017-12-20 23:40:00,12148.293298172754,12148.365487917086,12130.604421830061
11714.76591,2017-12-20 23:50:00,11770.606306840604,11768.016297217775,11914.073357663268
11587.9952,2017-12-21 00:00:00,11435.625693983875,11433.365061198958,11560.73806330496
11593.7575,2017-12-21 00:10:00,11332.253013193615,11330.454662537706,11446.617263953165
11345.97839,2017-12-21 00:20:00,11387.515803766262,11384.717316139402,11489.923179845367
11034.81393,2017-12-21 00:30:00,11152.851618972538,11157.644812308155,11154.129513426346
10919.56783,2017-12-21 00:40:00,10825.070692921896,10809.929637021822,10822.312650595244
10787.03481,2017-12-21 00:50:00,10707.699510980388,10682.038617568585,10660.475284073362
10850.42017,2017-12-21 01:00:00,10534.232237271426,10514.150309071449,10645.32909071284
10510.44418,2017-12-21 01:10:00,10660.51796724215,10664.706369650587,10609.156774187952
10320.28812,2017-12-21 01:20:00,10297.590894986137,10287.70173189942,10382.075362096293
10112.84514,2017-12-21 01:30:00,10090.164403192706,10064.777416817584,10128.835374707764
10233.85354,2017-12-21 01:40:00,9867.575802068395,9843.120790533512,9985.05029355717
10020.64826,2017-12-21 01:50:00,10055.267481798981,10045.498770483897,10069.499187184321
9865.066026,2017-12-21 02:00:00,9816.56557839611,9820.996132324648,9816.32610777869
9767.106843,2017-12-21 02:10:00,9672.321458565166,9661.020968437308,9666.237943773136
9784.393758,2017-12-21 02:20:00,9571.23289903172,9555.224735289818,9618.59486346556
9490.516206,2017-12-21 02:30:00,9604.975577258003,9585.818001777505,9624.430557852838
9144.777911,2017-12-21 02:40:00,9289.164686381475,9278.927322888827,9453.835600135606
9127.490996,2017-12-21 02:50:00,8921.920698037118,8899.8795770856,9099.128522283781
9064.105642,2017-12-21 03:00:00,8920.7740360389,8907.983671404,9103.715703173388
9213.92557,2017-12-21 03:10:00,8878.87271395355,8874.610803705074,9021.255952331507
9115.966387,2017-12-21 03:20:00,9110.081753276701,9131.493039572228,9117.986931083378
8960.384154,2017-12-21 03:30:00,9016.093720588584,9022.133368343855,9065.97436750058
8983.433373,2017-12-21 03:40:00,8835.422587749264,8812.935997590002,8878.82176090593
9069.867947,2017-12-21 03:50:00,8860.255355089304,8842.010841463069,8948.403946975915
9121.728691,2017-12-21 04:00:00,8937.706391370648,8923.336809827848,8979.86464912218
8937.334934,2017-12-21 04:10:00,9013.808921519087,9015.50132599208,9041.042813956456
8977.671068,2017-12-21 04:20:00,8802.63927349832,8791.28864463842,8850.725880188076
8966.146459,2017-12-21 04:30:00,8848.202646203546,8830.59616535693,8913.791215958392
9173.589436,2017-12-21 04:40:00,8827.647221379892,8812.747355171778,8864.350947526069
9139.015606,2017-12-21 04:50:00,9084.031804301343,9085.794465315896,9083.02739042555
9018.007203,2017-12-21 05:00:00,9035.764986068654,9042.029962630115,9066.269650409517
9104.441777,2017-12-21 05:10:00,8890.25664855213,8875.403279950051,8941.828441718204
9236.97479,2017-12-21 05:20:00,8989.720718355344,8980.420348862019,9038.077297151285
9450.180072,2017-12-21 05:30:00,9129.2449802224,9121.516441281461,9156.509395432273
9415.606242,2017-12-21 05:40:00,9398.41819388363,9412.837112267935,9309.792713941262
9576.95078,2017-12-21 05:50:00,9353.242054451479,9357.738632436967,9251.109407878399
9536.614646,2017-12-21 06:00:00,9508.319837991636,9503.415077411806,9405.862637199143
9525.090036,2017-12-21 06:10:00,9400.864518902374,9386.540004657298,9432.263947251538
9202.40096,2017-12-21 06:20:00,9347.347720750213,9331.042929223448,9427.67409196463
8850.90036,2017-12-21 06:30:00,8946.706210196182,8928.580737903862,9076.775435733385
8580.072029,2017-12-21 06:40:00,8532.911802999268,8503.384010797019,8775.54691798144
8389.915966,2017-12-21 06:50:00,8252.881505848964,8241.977647998387,8491.578493878154
8084.513806,2017-12-21 07:00:00,8187.997876670337,8186.986679540885,8402.331167574222
7156.782713,2017-12-21 07:10:00,7869.69816010676,7881.166201042632,8216.202314882452
6615.12605,2017-12-21 07:20:00,6813.180253671464,6794.213861551223,8050.434963919165
6494.117647,2017-12-21 07:30:00,6286.990531345853,6267.055826849626,8040.43502750949
6632.412965,2017-12-21 07:40:00,6273.095437556076,6280.022545120795,8040.058579149996
6534.453782,2017-12-21 07:50:00,6581.984781867317,6628.115286974711,8030.31541710958
6563.265306,2017-12-21 08:00:00,6585.87797072208,6644.592589249869,8078.491065517609
6672.7491,2017-12-21 08:10:00,6675.911211788771,6689.334881611365,8094.600937878444
6943.577431,2017-12-21 08:20:00,6813.715253071969,6798.972906154837,8106.168430306902
7231.692677,2017-12-21 08:30:00,7108.2106982607165,7093.842472857043,8111.0945401338195
7076.110444,2017-12-21 08:40:00,7426.60891664297,7427.147014438213,8128.978092019414
7272.028812,2017-12-21 08:50:00,7198.758041349749,7171.584511307334,8124.4944967972
7433.373349,2017-12-21 09:00:00,7429.901680014886,7403.093586787725,8191.63886472506
7848.259304,2017-12-21 09:10:00,7595.251874791074,7574.038740679385,8177.969670950883
7859.783914,2017-12-21 09:20:00,8056.670594842091,8060.862537820416,8224.842712299094
7854.021609,2017-12-21 09:30:00,8037.032781438462,8046.374562796185,8222.580894362345
8084.513806,2017-12-21 09:40:00,7988.505816452873,7968.501819923431,8237.690004259368
8124.84994,2017-12-21 09:50:00,8246.134038117632,8235.38971865959,8376.27814066841
8343.817527,2017-12-21 10:00:00,8274.269450167496,8258.121435706096,8413.53846543458
8274.669868,2017-12-21 10:10:00,8529.142026524672,8540.991056469073,8575.018742005983
8297.719088,2017-12-21 10:20:00,8420.11899215401,8417.04418414734,8506.887088081747
8424.489796,2017-12-21 10:30:00,8434.893766147658,8421.274738927703,8542.355193534826
8620.408163,2017-12-21 10:40:00,8590.169726382202,8593.08824247234,8643.641508693721
8712.605042,2017-12-21 10:50:00,8795.253301402636,8799.43273097052,8756.878096516071
8701.080432,2017-12-21 11:00:00,8791.32582466656,8808.178975841654,8785.415692620061
8729.891957,2017-12-21 11:10:00,8737.383578649846,8735.050333634388,8824.132835690045
8977.671068,2017-12-21 11:20:00,8758.994262463755,8750.171575631994,8913.187522002132
9334.933974,2017-12-21 11:30:00,9044.51181317761,9046.827189074342,9179.744675955397
9334.933974,2017-12-21 11:40:00,9433.425528839605,9451.689044847979,9595.975142891744
9265.786315,2017-12-21 11:50:00,9385.065644903178,9393.471307356254,9593.227166564357
9035.294118,2017-12-21 12:00:00,9292.907562532018,9278.983773977388,9579.36086994267
9317.647059,2017-12-21 12:10:00,9002.156834124988,8969.405488233366,9260.582817302351
9392.557023,2017-12-21 12:20:00,9339.863550101647,9331.8869490806,9587.007786287617
9329.171669,2017-12-21 12:30:00,9442.702526543228,9460.812478270353,9681.895890908634
9369.507803,2017-12-21 12:40:00,9362.120842071252,9374.999430800954,9576.872215364647
9530.852341,2017-12-21 12:50:00,9415.429828314449,9424.329366354948,9680.83281804787
9680.672269,2017-12-21 13:00:00,9613.654905265163,9603.560352929355,9823.304659818032
9415.606242,2017-12-21 13:10:00,9777.701716345859,9785.630949111284,9908.781076154371
9438.655462,2017-12-21 13:20:00,9440.24427502236,9433.215839581382,9768.310949863895
9404.081633,2017-12-21 13:30:00,9451.187874088006,9435.396193957724,9741.965816323236
9646.098439,2017-12-21 13:40:00,9412.225187132517,9396.23446026152,9767.551610543906
9530.852341,2017-12-21 13:50:00,9710.412188962824,9717.894613064378,9864.570581574353
9398.319328,2017-12-21 14:00:00,9591.859786064788,9602.167388751372,9866.215514299349
9329.171669,2017-12-21 14:10:00,9417.499788210702,9400.201184144207,9707.20065576319
9409.843938,2017-12-21 14:20:00,9351.457403542594,9334.997088560463,9603.738173466507
9582.713085,2017-12-21 14:30:00,9450.903419373135,9437.589078668336,9725.936566297403
9363.745498,2017-12-21 14:40:00,9666.719402362805,9680.681899911106,9846.098246109357
9329.171669,2017-12-21 14:50:00,9393.465231532926,9388.119176597816,9618.317556209151
9306.122449,2017-12-21 15:00:00,9374.590138986772,9355.439182498572,9582.489210432448
9398.319328,2017-12-21 15:10:00,9361.66512059036,9340.1849059083,9580.77100776454
9231.212485,2017-12-21 15:20:00,9481.78405611444,9471.89966235741,9681.806170065429
9052.581032,2017-12-21 15:30:00,9286.731548405754,9285.60715269416,9585.375553565633
9035.294118,2017-12-21 15:40:00,9072.532616266419,9051.74487969486,9274.009731597378
9046.818727,2017-12-21 15:50:00,9069.327446823438,9053.440003422951,9259.45830013462
9300.360144,2017-12-21 16:00:00,9133.512226602148,9121.863299989716,9279.623721218937
9219.687875,2017-12-21 16:10:00,9455.019629322593,9468.210091062876,9560.12154112172
9369.507803,2017-12-21 16:20:00,9350.898955043038,9347.473560535964,9535.320151325599
9473.229292,2017-12-21 16:30:00,9512.381178279506,9498.096682383248,9605.487344383502
9968.787515,2017-12-21 16:40:00,9649.990680771345,9635.551154066958,9668.594127724198
10533.4934,2017-12-21 16:50:00,10256.30982248385,10257.511149289083,10066.766854305624
11749.33974,2017-12-21 17:00:00,11112.132828849712,11138.044099574197,10773.274491397462
13397.35894,2017-12-21 17:10:00,12579.037510580696,12628.984381825974,11820.897516735316
14423.04922,2017-12-21 17:20:00,14420.390022078109,14496.81472654366,14002.402863392332
15062.66507,2017-12-21 17:30:00,15357.420418244928,15388.093257809165,15536.337968867561
15005.04202,2017-12-21 17:40:00,15778.224565663939,15753.98208313786,16288.273087954354
15114.52581,2017-12-21 17:50:00,15389.06835503889,15283.400769670352,16334.542700943337
15126.05042,2017-12-21 18:00:00,15328.95863149234,15216.490760531937,16617.406926756674
15396.87875,2017-12-21 18:10:00,15298.771814250462,15248.993754368012,16479.283600502666
15362.30492,2017-12-21 18:20:00,15604.434672192121,15610.79447786633,16374.356302004167
15247.05882,2017-12-21 18:30:00,15549.899454933055,15585.60370318699,15911.443168745518
15362.30492,2017-12-21 18:40:00,15383.655979195602,15398.62653769168,15742.724579826345
15460.26411,2017-12-21 18:50:00,15503.981697804631,15522.463686360185,15856.875013753213
15581.27251,2017-12-21 19:00:00,15610.696509616999,15618.102153793636,15921.956763744953
15414.16567,2017-12-21 19:10:00,15753.36243586206,15770.309213830937,16001.357852849667
15385.35414,2017-12-21 19:20:00,15526.305305639244,15521.225240415512,15751.506159288
15327.73109,2017-12-21 19:30:00,15477.611601967166,15455.672437422963,15697.866716457112
15587.03481,2017-12-21 19:40:00,15418.453835362421,15402.148655753646,15534.143384180255
15552.46098,2017-12-21 19:50:00,15740.801680202268,15743.982829707566,15915.134336666119
15471.78872,2017-12-21 20:00:00,15678.66746209976,15685.129008771095,15850.196119176006
15684.994,2017-12-21 20:10:00,15578.259822739732,15565.91788950188,15782.842435297958
15852.10084,2017-12-21 20:20:00,15834.622870761747,15828.05278435986,16006.048435175582
15927.0108,2017-12-21 20:30:00,16009.58189486293,15998.613488643017,16087.309565041945
15684.994,2017-12-21 20:40:00,16066.68068388989,16066.713031735095,16005.852934925559
15460.26411,2017-12-21 20:50:00,15737.156471803157,15713.974694122428,15782.870730806859
15368.06723,2017-12-21 21:00:00,15421.176199892265,15375.653807921895,15523.735638812677
15569.7479,2017-12-21 21:10:00,15337.196386892832,15309.376686766296,15363.060393920248
15460.26411,2017-12-21 21:20:00,15608.155503841192,15610.884667510443,15644.272634103007
15166.38655,2017-12-21 21:30:00,15476.739289049881,15486.869013207517,15460.915856677584
14993.51741,2017-12-21 21:40:00,15127.204765041392,15112.829506443082,15166.068798527105
14780.31212,2017-12-21 21:50:00,14929.927978629272,14901.397278026063,14985.011339232218
14705.40216,2017-12-21 22:00:00,14529.575321427925,14499.333044769119,14611.199944373568
14290.51621,2017-12-21 22:10:00,14481.216693784603,14478.307004110275,14469.580721899889
14002.40096,2017-12-21 22:20:00,14025.77776326222,14016.611041690134,14092.079177931077
13835.29412,2017-12-21 22:30:00,13726.250292364855,13707.162660452806,13833.205233400395
13823.76951,2017-12-21 22:40:00,13580.515702611972,13568.745337875709,13638.65377862266
13380.07203,2017-12-21 22:50:00,13610.888047031036,13607.643114591303,13627.126119835308
13005.52221,2017-12-21 23:00:00,13089.977241658838,13085.695104670103,13133.986939191218
12757.7431,2017-12-21 23:10:00,12682.724649793821,12656.536555920313,12915.933670034225
12458.10324,2017-12-21 23:20:00,12427.050045378604,12395.956990759896,12515.23650582824
12279.47179,2017-12-21 23:30:00,12139.22503125497,12114.528737907527,12241.064863596095
11893.39736,2017-12-21 23:40:00,12007.76709385982,12009.190291785148,12123.107395959601
11582.23289,2017-12-21 23:50:00,11605.660331309698,11590.517772394207,11693.584560387908
11322.92917,2017-12-22 00:00:00,11279.353434092558,11264.976615021857,11508.075369405131
11311.40456,2017-12-22 00:10:00,11045.37803770516,11036.469376186473,11247.067664607735
11098.19928,2017-12-22 00:20:00,11094.965036218617,11094.570890264898,11190.47810311999
10827.37095,2017-12-22 00:30:00,10896.351747066024,10899.828918737494,10996.733746897147
10654.5018,2017-12-22 00:40:00,10621.264735583693,10608.05135697545,10743.05436509086
10516.20648,2017-12-22 00:50:00,10452.449474996167,10432.712929458685,10511.998747856584
10510.44418,2017-12-22 01:00:00,10291.770023333986,10269.960205340389,10354.29487436597
10135.89436,2017-12-22 01:10:00,10324.806976397678,10321.983202841657,10361.392544004648
9968.787515,2017-12-22 01:20:00,9913.064634518701,9898.154770524234,9993.455249478953
9853.541417,2017-12-22 01:30:00,9744.810022136568,9722.908948171214,9782.865912973213
9836.254502,2017-12-22 01:40:00,9658.996083207154,9641.623603776196,9630.094808745267
9651.860744,2017-12-22 01:50:00,9674.385076720186,9665.105549193553,9593.550032824201
9438.655462,2017-12-22 02:00:00,9466.25685242282,9469.670327099804,9503.531338641982
9415.606242,2017-12-22 02:10:00,9240.147151361482,9222.624190401246,9337.770448910496
9381.032413,2017-12-22 02:20:00,9245.669999004138,9230.636813542074,9326.772629881038
9502.040816,2017-12-22 02:30:00,9217.872089329976,9205.140399997217,9260.867131630075
9248.4994,2017-12-22 02:40:00,9377.390987031737,9378.807278650205,9379.779668030882
9150.540216,2017-12-22 02:50:00,9087.871327161925,9072.070475411467,9146.272037474902
9087.154862,2017-12-22 03:00:00,8946.742467647631,8919.790748383695,9074.467549329276
9265.786315,2017-12-22 03:10:00,8894.549344513465,8873.384593265157,8988.456732555665
9173.589436,2017-12-22 03:20:00,9122.764131347403,9114.167173871,9140.04542153406
9018.007203,2017-12-22 03:30:00,9028.77180451021,9030.752163227815,9062.935854624635
9000.720288,2017-12-22 03:40:00,8848.574515457045,8829.75917180712,8942.897637894317
9046.818727,2017-12-22 03:50:00,8834.747003321958,8813.234534835714,8939.931008196036
9115.966387,2017-12-22 04:00:00,8873.458275736431,8855.748919391692,8932.453746472016
8914.285714,2017-12-22 04:10:00,8967.157456820796,8968.941533020496,9028.891840426188
8937.334934,2017-12-22 04:20:00,8736.005533116026,8726.366637820985,8846.642030893778
8960.384154,2017-12-22 04:30:00,8765.576558104845,8748.354564873527,8829.189173856987
9133.253301,2017-12-22 04:40:00,8805.817996661755,8792.413064824803,8850.20103179103
9110.204082,2017-12-22 04:50:00,9016.825103952571,9016.024135645259,9044.934383744734
9075.630252,2017-12-22 05:00:00,8971.793941088992,8976.754136330106,8998.18471198163
9087.154862,2017-12-22 05:10:00,8920.88749719985,8905.942092567102,8928.561443838093
9265.786315,2017-12-22 05:20:00,8931.975180612375,8916.485315860164,8956.129494083421
9409.843938,2017-12-22 05:30:00,9142.792984694612,9134.348587214463,9108.842360558572
9392.557023,2017-12-22 05:40:00,9310.212234006503,9316.023974463675,9206.264536029292
9605.762305,2017-12-22 05:50:00,9280.60402526244,9277.953259088148,9172.565957622128
9484.753902,2017-12-22 06:00:00,9499.449641338513,9496.87232177575,9363.911802027422
9519.327731,2017-12-22 06:10:00,9308.53521178666,9289.22254729289,9352.959189093128
9254.261705,2017-12-22 06:20:00,9313.892351366056,9299.257319996814,9367.01901414139
8896.9988,2017-12-22 06:30:00,8970.610526564009,8950.26328037538,9098.805070214725
8574.309724,2017-12-22 06:40:00,8536.24261380835,8502.971170453502,8754.29540235842
8482.112845,2017-12-22 06:50:00,8195.604243467214,8182.148881732615,8447.850016804608
8268.907563,2017-12-22 07:00:00,8255.137288875321,8249.150579178462,8415.056434682883
7577.430972,2017-12-22 07:10:00,8020.487162829779,8029.55629161172,8311.37024406055
7133.733493,2017-12-22 07:20:00,7229.739578651714,7216.042598796779,8013.060519741951
6914.765906,2017-12-22 07:30:00,6786.821620436131,6765.867532800703,8018.51990068617
7018.487395,2017-12-22 07:40:00,6630.958928967115,6617.757363371908,8006.732834229646
6834.093637,2017-12-22 07:50:00,6870.164239720618,6892.910965052653,8001.16322583411
6816.806723,2017-12-22 08:00:00,6759.054412641728,6793.475783712844,8069.238891727308
6955.102041,2017-12-22 08:10:00,6800.100312116878,6806.308945559145,8062.272392064764
7070.348139,2017-12-22 08:20:00,6999.134196889681,6990.996867197649,8077.122826807318
7312.364946,2017-12-22 08:30:00,7140.198777196039,7123.090092828845,8100.594886069331
7277.791116,2017-12-22 08:40:00,7415.690754661382,7415.422783824748,8133.452948815804
7393.037215,2017-12-22 08:50:00,7345.899929064075,7322.719629457424,8140.2392296430435
7496.758703,2017-12-22 09:00:00,7479.6611675769545,7451.1513648734,8176.430240658822
7704.201681,2017-12-22 09:10:00,7599.456915749481,7579.740621157425,8184.1367693035445
7940.456182,2017-12-22 09:20:00,7816.24376595184,7804.333598097079,8213.007149156712
8067.226891,2017-12-22 09:30:00,8073.831003792186,8078.592550883781,8293.216079801012
8084.513806,2017-12-22 09:40:00,8189.374085147823,8181.123315480434,8352.68397107692
8165.186074,2017-12-22 09:50:00,8170.620861972264,8156.139247273912,8380.799894418045
8355.342137,2017-12-22 10:00:00,8259.973592077096,8241.26046652481,8418.306591924336
8620.408163,2017-12-22 10:10:00,8455.236091649118,8444.456794195625,8585.603313518637
8793.277311,2017-12-22 10:20:00,8747.541971500325,8752.191473412558,8711.374000841846
8729.891957,2017-12-22 10:30:00,8925.768072915344,8930.858685576753,8943.34977754589
8850.90036,2017-12-22 10:40:00,8811.055109920953,8797.33628165985,8884.009012256549
8891.236495,2017-12-22 10:50:00,8917.127465465417,8897.427452354386,9055.551746490544
9115.966387,2017-12-22 11:00:00,8834.742662656481,8817.440189826635,9101.615646750643
9058.343337,2017-12-22 11:10:00,9089.98887440157,9089.79896814224,9347.251104140161
9139.015606,2017-12-22 11:20:00,9022.513871444575,9022.673281007677,9220.478621785574
9381.032413,2017-12-22 11:30:00,9112.606575051383,9104.25969680304,9416.174635760142
9732.533013,2017-12-22 11:40:00,9373.079661548441,9373.552320678278,9596.985950106178
9761.344538,2017-12-22 11:50:00,9744.724573924868,9748.568651338228,9956.622674959208
9651.860744,2017-12-22 12:00:00,9757.596905006965,9757.575240753227,9992.070359822956
9859.303721,2017-12-22 12:10:00,9593.235804700664,9567.337462586296,9893.092967698582
9893.877551,2017-12-22 12:20:00,9807.139414609926,9780.228717297821,10034.304402261732
10014.88595,2017-12-22 12:30:00,9817.57973006073,9795.147883808684,10055.018095791425
9807.442977,2017-12-22 12:40:00,9961.656502394908,9961.872394674847,10166.997829907115
9790.156062,2017-12-22 12:50:00,9708.780066625977,9697.61065317856,9984.336075406194
9686.434574,2017-12-22 13:00:00,9713.926054664626,9687.823092243736,9972.567889456057
10026.41056,2017-12-22 13:10:00,9585.579133901294,9569.780724442113,9883.348167666169
10003.36134,2017-12-22 13:20:00,10010.032045614676,10015.338669516332,10162.731704987478
9865.066026,2017-12-22 13:30:00,9979.346529422673,9989.370467391302,10171.122733519443
9674.909964,2017-12-22 13:40:00,9810.348012802808,9795.216422034526,10021.02837605309
9703.721489,2017-12-22 13:50:00,9569.773243144462,9543.650059229356,9859.857223140942
9755.582233,2017-12-22 14:00:00,9620.50481932738,9585.914513041305,9896.699443490365
9674.909964,2017-12-22 14:10:00,9710.129396667297,9706.000042884947,9957.18954854493
9617.286915,2017-12-22 14:20:00,9641.04891288852,9638.6608897158,9867.610520781112
9530.852341,2017-12-22 14:30:00,9594.00928831175,9584.542819708327,9830.009370950693
9507.803121,2017-12-22 14:40:00,9474.228941666046,9450.20487647761,9828.555873801788
9594.237695,2017-12-22 14:50:00,9457.005179743192,9438.442860217929,9845.750249873108
9340.696279,2017-12-22 15:00:00,9604.186346247392,9595.741271836729,9829.066463991341
9329.171669,2017-12-22 15:10:00,9320.190223279045,9298.107164260646,9563.227194669913
9265.786315,2017-12-22 15:20:00,9316.032772099545,9296.171302943763,9551.259302049913
9352.220888,2017-12-22 15:30:00,9239.437571057832,9216.32329245795,9539.939448401847
9144.777911,2017-12-22 15:40:00,9360.267419844065,9346.464612664498,9525.862885342049
8989.195678,2017-12-22 15:50:00,9134.000274767655,9123.598262769041,9416.906730748122
9098.679472,2017-12-22 16:00:00,8995.697505534366,8965.308048711886,9182.252850783632
9300.360144,2017-12-22 16:10:00,9142.02328396824,9123.400965007146,9309.496707714114
9323.409364,2017-12-22 16:20:00,9399.91451263598,9390.335098526652,9549.994973312912
9196.638655,2017-12-22 16:30:00,9437.567827778701,9436.952753601176,9561.455711034607
9536.614646,2017-12-22 16:40:00,9307.749843563735,9287.900288790055,9459.047239749501
10228.09124,2017-12-22 16:50:00,9731.939822987963,9713.878111233178,9887.555218009973
11755.10204,2017-12-22 17:00:00,10746.412058124955,10755.832674490834,10394.482654342595
13270.58824,2017-12-22 17:10:00,12605.32206621014,12680.278377164654,11774.050843753226
14636.2545,2017-12-22 17:20:00,14275.35905834866,14361.73233897816,13665.419883062139
14947.41897,2017-12-22 17:30:00,15600.57333190106,15635.324457403887,15556.321222000695
15385.35414,2017-12-22 17:40:00,15573.994372392614,15514.800381945899,15899.812411994075
15379.59184,2017-12-22 17:50:00,15762.356107994938,15645.60291968081,16475.70709182408
15448.7395,2017-12-22 18:00:00,15540.394271751382,15423.25814487002,16495.753684366773
15696.51861,2017-12-22 18:10:00,15542.64024719101,15470.355534644254,16649.336762604227
15852.10084,2017-12-22 18:20:00,15820.720171802153,15823.292286513188,16665.28748737836
16048.01921,2017-12-22 18:30:00,15948.558848872904,15958.119343696468,16281.882046916164
16053.78151,2017-12-22 18:40:00,16163.504494113286,16195.633422960269,16265.406468538695
16030.73229,2017-12-22 18:50:00,16121.048060487448,16131.994507190457,16251.381592456559
16157.503,2017-12-22 19:00:00,16055.600736024151,16042.806218525116,16003.38587825359
16272.7491,2017-12-22 19:10:00,16177.583888768613,16165.943457219462,16087.817986065138
16278.5114,2017-12-22 19:20:00,16291.225834895151,16276.978714644394,16173.723469546037
16071.06843,2017-12-22 19:30:00,16284.495939830456,16275.339188994883,16170.715552649446
16134.45378,2017-12-22 19:40:00,16039.23414740816,16015.748497580322,16015.64292753141
16192.07683,2017-12-22 19:50:00,16108.426207652588,16084.754481225784,16075.797376832665
16555.10204,2017-12-22 20:00:00,16160.901565858887,16144.999813845752,16091.687336670942
16543.57743,2017-12-22 20:10:00,16612.688584928957,16620.849817836894,16368.327797888429
16485.95438,2017-12-22 20:20:00,16589.089136168244,16590.787769271483,16364.80092487219
16497.47899,2017-12-22 20:30:00,16483.880034293416,16456.994117884453,16334.734607231927
16624.2497,2017-12-22 20:40:00,16451.27666212825,16417.604495305895,16301.959206488176
16560.86435,2017-12-22 20:50:00,16566.43292357202,16532.159783330822,16313.315330544743
16295.79832,2017-12-22 21:00:00,16468.318321126575,16449.859986122443,16270.251790685872
16140.21609,2017-12-22 21:10:00,16164.53914905497,16135.074390197993,16091.263535779526
15880.91236,2017-12-22 21:20:00,15979.421428681124,15944.104324111158,15983.85949250663
15713.80552,2017-12-22 21:30:00,15669.376109223598,15633.374353302994,15711.182624096256
15581.27251,2017-12-22 21:40:00,15517.115272821786,15501.088490370248,15560.408952700873
15304.68187,2017-12-22 21:50:00,15412.150982620857,15407.243128925758,15350.620244076574
15033.85354,2017-12-22 22:00:00,14968.249609351691,14953.529477742326,15091.76565790282
15062.66507,2017-12-22 22:10:00,14676.14465090581,14659.6042391375,14733.319943344077
14976.23049,2017-12-22 22:20:00,14748.661773759955,14735.729929571804,14766.00869530347
14538.29532,2017-12-22 22:30:00,14681.562211170629,14669.249345791992,14679.063376447044
14284.7539,2017-12-22 22:40:00,14202.3683277881,14179.180844831308,14251.352214585302
14100.36014,2017-12-22 22:50:00,13923.302365144686,13889.68770043436,13982.58157080604
13869.86795,2017-12-22 23:00:00,13691.347042054917,13650.586033524009,13769.801469084348
13489.55582,2017-12-22 23:10:00,13470.529365882503,13446.632282297447,13628.954973658514
13305.16206,2017-12-22 23:20:00,13077.229743461456,13060.83154782686,13248.306234977805
12919.08764,2017-12-22 23:30:00,12918.783261618046,12892.8203591528,13105.147932786434
12826.89076,2017-12-22 23:40:00,12499.883936993969,12465.627419801538,12676.208176214866
12504.20168,2017-12-22 23:50:00,12453.588146612072,12433.32150038759,12377.668463523216
12164.22569,2017-12-23 00:00:00,12213.436539494607,12216.295245709043,12102.878364366446
11922.20888,2017-12-23 00:10:00,11876.438018714778,11866.152629847518,11890.213942827135
11639.85594,2017-12-23 00:20:00,11655.679628485868,11652.309733535767,11631.764007536418
11634.09364,2017-12-23 00:30:00,11367.096295950421,11354.029635403136,11527.987852052276
11334.45378,2017-12-23 00:40:00,11439.204945349436,11450.629538500423,11475.808925189134
11173.10924,2017-12-23 00:50:00,11134.790234566493,11135.28135813203,11103.730682568037
10936.85474,2017-12-23 01:00:00,10966.458378040323,10962.336987769908,10949.17283597661
10954.14166,2017-12-23 01:10:00,10711.158454615632,10701.005012660822,10638.023661391737
10787.03481,2017-12-23 01:20:00,10767.435400750272,10757.125214351714,10671.590965733736
10464.34574,2017-12-23 01:30:00,10611.501666392345,10613.334624785664,10483.054334548022
10349.09964,2017-12-23 01:40:00,10265.651065415892,10249.99089819787,10273.97692293553
10233.85354,2017-12-23 01:50:00,10164.77172376472,10152.973491387991,10115.283885257137
10320.28812,2017-12-23 02:00:00,10018.99197808449,10004.95437781599,10096.268823371527
10095.55822,2017-12-23 02:10:00,10174.513355481398,10184.41496621538,10187.419775245477
9957.262905,2017-12-23 02:20:00,9940.333415184115,9944.292316317391,9956.904307059001
9922.689076,2017-12-23 02:30:00,9798.598806173575,9784.96966125917,9757.51208182944
9922.689076,2017-12-23 02:40:00,9763.774022691105,9751.300580452964,9694.1029527781
9830.492197,2017-12-23 02:50:00,9779.609009911535,9768.002475736332,9690.207094048279
9605.762305,2017-12-23 03:00:00,9669.625610363159,9673.643344005788,9575.686684726039
9576.95078,2017-12-23 03:10:00,9431.094220325384,9419.524560695842,9478.494797327221
9611.52461,2017-12-23 03:20:00,9413.172592043571,9401.033172256692,9422.379247540022
9721.008403,2017-12-23 03:30:00,9468.708968873781,9465.588154023186,9480.668333142481
9536.614646,2017-12-23 03:40:00,9623.044195204546,9632.59775918055,9608.520683721275
9392.557023,2017-12-23 03:50:00,9416.096880128722,9416.269612269823,9405.041094235794
9415.606242,2017-12-23 04:00:00,9227.133246479669,9211.222446251772,9219.708294846625
9444.417767,2017-12-23 04:10:00,9252.827078445393,9241.03649931694,9261.342568168515
9427.130852,2017-12-23 04:20:00,9304.910954563025,9302.336901769057,9302.311728983806
9340.696279,2017-12-23 04:30:00,9309.814368339194,9321.164448368381,9245.213832396194
9317.647059,2017-12-23 04:40:00,9226.942777063063,9226.586950262312,9134.356858578396
9404.081633,2017-12-23 04:50:00,9198.487737253305,9189.447054306014,9139.1093868637
9513.565426,2017-12-23 05:00:00,9289.838652057728,9291.448791133585,9174.181397834922
9478.991597,2017-12-23 05:10:00,9425.193915833708,9434.51780695542,9308.203641009457
9473.229292,2017-12-23 05:20:00,9389.349888274808,9394.970693841826,9329.479724566061
9663.385354,2017-12-23 05:30:00,9381.767001762759,9378.53916764048,9300.457458847259
9939.97599,2017-12-23 05:40:00,9591.594308426787,9591.609972370596,9425.031821580837
10170.46819,2017-12-23 05:50:00,9913.871730189956,9926.63895432351,9738.855962354106
9934.213685,2017-12-23 06:00:00,10140.143808596607,10160.039669916856,9977.219402762023
9801.680672,2017-12-23 06:10:00,9807.518328545248,9798.354833217512,9738.412894741368
9565.42617,2017-12-23 06:20:00,9594.772923600536,9566.327621725519,9570.624998737652
9496.278511,2017-12-23 06:30:00,9283.184244908269,9252.449885011236,9380.448330031735
9029.531813,2017-12-23 06:40:00,9213.15480592142,9205.879613290712,9361.061093974291
8839.37575,2017-12-23 06:50:00,8704.165903062385,8710.856553103938,8830.617742638284
8251.620648,2017-12-23 07:00:00,8654.786466611497,8657.280497332087,8744.330686367628
7882.833133,2017-12-23 07:10:00,7966.968022831095,7958.715916814061,8267.567809945762
7151.020408,2017-12-23 07:20:00,7586.432271801359,7579.4152692983735,8064.600250993897
6851.380552,2017-12-23 07:30:00,6821.558367650046,6821.784227132324,7977.759455132402
6701.560624,2017-12-23 07:40:00,6607.246258107198,6612.362921282633,7933.253608343154
6603.601441,2017-12-23 07:50:00,6567.834832828079,6602.535555097225,7928.519228093574
6903.241297,2017-12-23 08:00:00,6573.617442019737,6606.654125647925,7991.964045492023
6868.667467,2017-12-23 08:10:00,7035.364202553494,7088.208385928539,7988.305117655569
6983.913565,2017-12-23 08:20:00,7015.990487104395,7026.311318456184,8008.844850369696
7168.307323,2017-12-23 08:30:00,7164.127109152187,7160.660311102605,8011.9841172227125
7410.32413,2017-12-23 08:40:00,7349.23509685733,7339.0176870204705,8054.210613737295
7571.668667,2017-12-23 08:50:00,7597.070191742756,7578.178877223416,8063.6536665431295
7663.865546,2017-12-23 09:00:00,7784.556096881657,7783.6388394911155,8135.560250121608
7969.267707,2017-12-23 09:10:00,7856.808087145395,7843.9052805233205,8154.504602825127
8182.472989,2017-12-23 09:20:00,8181.2635142717445,8176.654453658679,8279.60602335196
8464.82593,2017-12-23 09:30:00,8382.808420944097,8380.839477887039,8348.384512522836
8453.301321,2017-12-23 09:40:00,8668.359098903939,8675.129814679167,8588.415227415133
8459.063625,2017-12-23 09:50:00,8595.621338620844,8590.790532286359,8607.393660422795
8701.080432,2017-12-23 10:00:00,8585.572965535244,8565.352180164775,8626.666056620894
9121.728691,2017-12-23 10:10:00,8856.213123049225,8853.244879868642,8781.378605877533
9208.163265,2017-12-23 10:20:00,9327.386794803257,9342.03427407842,9308.604914114938
9265.786315,2017-12-23 10:30:00,9385.238490268322,9403.729009403916,9500.720416904725
9369.507803,2017-12-23 10:40:00,9404.56894256129,9404.713269978427,9580.263719567369
9576.95078,2017-12-23 10:50:00,9468.592427026768,9451.223011398519,9689.695939542553
9669.147659,2017-12-23 11:00:00,9583.548199720633,9575.15060287726,9884.937554243272
9795.918367,2017-12-23 11:10:00,9669.55412449205,9677.75989381186,9931.969832514025
9795.918367,2017-12-23 11:20:00,9795.270941049068,9801.612372536405,9985.629159064289
9899.639856,2017-12-23 11:30:00,9776.855283887564,9773.05712588035,10003.211794512605
10095.55822,2017-12-23 11:40:00,9890.145725791654,9887.595132179928,10077.276767899448
10026.41056,2017-12-23 11:50:00,10103.945736707277,10113.88611223879,10274.767089526744
10193.51741,2017-12-23 12:00:00,10013.790093609794,10011.421136642959,10146.566179214178
10066.7467,2017-12-23 12:10:00,10215.010657903906,10219.991039352964,10404.69544794843
10060.98439,2017-12-23 12:20:00,10038.884390159084,10028.163595634967,10168.430809646336
10164.70588,2017-12-23 12:30:00,10029.199552879523,10020.099262653715,10133.319323564878
10279.95198,2017-12-23 12:40:00,10150.865277388843,10157.456251189504,10415.650022835394
10170.46819,2017-12-23 12:50:00,10276.689480676272,10278.591676751908,10496.854421847922
10124.36975,2017-12-23 13:00:00,10175.549009766062,10178.647137643842,10428.272701502712
10130.13205,2017-12-23 13:10:00,10125.331026769056,10116.257030518696,10267.400250697769
10089.79592,2017-12-23 13:20:00,10126.357750629692,10115.369588490517,10285.392720784437
10009.12365,2017-12-23 13:30:00,10076.817837449704,10070.45461030493,10279.77294430229
10037.93517,2017-12-23 13:40:00,9991.463970839657,9992.763603215233,10151.765383326514
10078.27131,2017-12-23 13:50:00,10035.83056203417,10035.55294844933,10176.037827645509
10268.42737,2017-12-23 14:00:00,10119.859739288977,10116.146589903317,10241.513740468316
10274.18968,2017-12-23 14:10:00,10341.932118579369,10347.92308598137,10540.924576650164
10181.9928,2017-12-23 14:20:00,10332.805943778414,10332.13912572082,10549.388662325067
10130.13205,2017-12-23 14:30:00,10199.705481057019,10182.712537506115,10474.049286151243
10210.80432,2017-12-23 14:40:00,10122.086514923401,10099.737810249326,10285.174967762396
10314.52581,2017-12-23 14:50:00,10220.686900738721,10203.872027246241,10462.69902946921
10262.66507,2017-12-23 15:00:00,10365.122084438422,10361.840563146454,10560.465611439264
10233.85354,2017-12-23 15:10:00,10303.487146090201,10297.807077347665,10469.051586041767
10176.23049,2017-12-23 15:20:00,10253.738946305506,10238.42094268452,10439.488704649895
10164.70588,2017-12-23 15:30:00,10176.93779701666,10154.01769798974,10383.870919570661
10210.80432,2017-12-23 15:40:00,10157.067563257493,10138.712734390967,10381.767976113866
10020.64826,2017-12-23 15:50:00,10218.397676061348,10211.571920963414,10426.795419501912
9997.59904,2017-12-23 16:00:00,10024.802292308043,10005.094510966503,10073.038261050204
10124.36975,2017-12-23 16:10:00,10021.858278517297,10005.798087854702,10070.872215119105
10176.23049,2017-12-23 16:20:00,10189.45032971065,10180.172520429629,10229.557340861733
10308.76351,2017-12-23 16:30:00,10249.040517374695,10242.174798161941,10367.309877428623
10591.11645,2017-12-23 16:40:00,10438.364450473757,10443.058454604376,10515.232306759546
11305.64226,2017-12-23 16:50:00,10791.302624794116,10791.789736664603,11238.609683009869
12630.97239,2017-12-23 17:00:00,11829.225690534236,11845.428636164364,11511.60488719563
14330.85234,2017-12-23 17:10:00,13410.721584081157,13471.015507171414,12653.95560028748
15189.43577,2017-12-23 17:20:00,15309.226095923925,15389.986781470083,15040.18234369257
15817.52701,2017-12-23 17:30:00,16036.567598749718,16062.725584236718,16124.86939405253
16226.65066,2017-12-23 17:40:00,16451.103440958366,16405.48632758134,16700.81891439167
16324.60984,2017-12-23 17:50:00,16614.86540017025,16517.076132939663,17174.8881129827
16330.37215,2017-12-23 18:00:00,16511.611459771026,16406.568626106626,17251.080275134707
16341.89676,2017-12-23 18:10:00,16449.232367933793,16401.813178115583,17179.381596777243
16439.85594,2017-12-23 18:20:00,16416.44975670982,16394.84836338108,17101.866048928976
16462.90516,2017-12-23 18:30:00,16524.80009047933,16533.024508082686,16870.767860595126
16313.08523,2017-12-23 18:40:00,16553.786544298582,16581.90752764446,16474.98014570137
16330.37215,2017-12-23 18:50:00,16369.495064378369,16390.09679851393,16415.131753433387
16157.503,2017-12-23 19:00:00,16394.04226373196,16405.441114567348,16222.815050163728
16341.89676,2017-12-23 19:10:00,16190.908844131282,16186.004605177246,16102.880508291826
16341.89676,2017-12-23 19:20:00,16433.294169125817,16443.488149966168,16223.92140925299
16468.66747,2017-12-23 19:30:00,16430.988916092883,16440.537093735755,16189.996376526142
16411.04442,2017-12-23 19:40:00,16583.878554114493,16585.985624880792,16281.594462107232
16405.28211,2017-12-23 19:50:00,16507.380277057047,16504.522762155273,16252.848853447651
16468.66747,2017-12-23 20:00:00,16478.766503519066,16457.20913990021,16262.799440165772
16537.81513,2017-12-23 20:10:00,16559.562099192037,16550.88321360078,16285.932847816815
16601.20048,2017-12-23 20:20:00,16631.79998412703,16622.15196271744,16371.545124218768
16468.66747,2017-12-23 20:30:00,16706.855896118035,16706.38056257215,16372.106961574913
16422.56903,2017-12-23 20:40:00,16534.98429741748,16521.825622912093,16294.166040031636
16238.17527,2017-12-23 20:50:00,16466.815964126716,16449.216926073983,16254.69225722557
16261.22449,2017-12-23 21:00:00,16212.849912942946,16192.077966198674,16097.167952980071
16013.44538,2017-12-23 21:10:00,16260.315632769969,16251.259632761943,16101.746387577241
16105.64226,2017-12-23 21:20:00,15976.014035955202,15969.455582472061,15831.027981125395
15817.52701,2017-12-23 21:30:00,16102.84140852173,16100.195080668569,15954.182989802011
15512.12485,2017-12-23 21:40:00,15772.333508593973,15763.448994413618,15746.760560613026
15414.16567,2017-12-23 21:50:00,15415.956520116044,15392.90268530505,15401.751998523801
15206.72269,2017-12-23 22:00:00,15182.797081125134,15178.32928923298,15092.852885436232
15229.77191,2017-12-23 22:10:00,14968.676012814456,14954.121813995309,15004.051385142153
15039.61585,2017-12-23 22:20:00,15057.268403584501,15071.091114847044,15022.982988979982
14826.41056,2017-12-23 22:30:00,14845.483414038203,14845.851060403631,14743.111914009112
14538.29532,2017-12-23 22:40:00,14608.251062735357,14591.265868797698,14486.78680136887
14325.09004,2017-12-23 22:50:00,14287.8401539477,14268.246776959957,14229.1189729075
14221.36855,2017-12-23 23:00:00,14025.48728952415,13999.445963950939,13982.672800758584
13910.20408,2017-12-23 23:10:00,13946.310658841334,13940.376934911092,13877.876729606152
13587.51501,2017-12-23 23:20:00,13619.0388752012,13607.400170495706,13674.326917688868
13224.4898,2017-12-23 23:30:00,13276.246856263573,13261.395730361714,13369.693668771906
13155.34214,2017-12-23 23:40:00,12896.903249661562,12874.590625295677,13018.766156481506
12872.9892,2017-12-23 23:50:00,12870.499656505774,12858.0821281539,12954.04164850213
12371.66867,2017-12-24 00:00:00,12556.953348680663,12561.908234487808,12594.360455705342
11985.59424,2017-12-24 00:10:00,12020.742028503093,12011.310390938714,12050.708246723847
11778.15126,2017-12-24 00:20:00,11627.341335501393,11612.695231422971,11720.429833626125
11576.47059,2017-12-24 00:30:00,11461.135400630774,11447.120340591859,11545.51683991694
11449.69988,2017-12-24 00:40:00,11306.562194988725,11315.452871735688,11413.876044378085
11242.2569,2017-12-24 00:50:00,11240.644927517205,11258.580696311596,11237.943757175977
11103.96158,2017-12-24 01:00:00,11009.06231492833,11009.796985469957,11012.272393566373
11052.10084,2017-12-24 01:10:00,10888.237842788778,10877.966623281485,10873.31630850664
10896.51861,2017-12-24 01:20:00,10862.818528565096,10854.846678218779,10775.268230230316
10833.13325,2017-12-24 01:30:00,10695.157236979809,10681.723913988357,10617.930489532555
10562.30492,2017-12-24 01:40:00,10654.224973312488,10643.683585125113,10597.495985356165
10464.34574,2017-12-24 01:50:00,10348.690221308774,10325.333576896224,10389.923083951808
10412.48499,2017-12-24 02:00:00,10236.7134627685,10219.505372793074,10262.820374421506
10147.41897,2017-12-24 02:10:00,10206.682646510022,10200.421749771049,10097.937001810073
10112.84514,2017-12-24 02:20:00,9916.911704955835,9903.18324515026,9996.130989841307
9893.877551,2017-12-24 02:30:00,9928.462249767344,9928.205073511404,9947.296836945505
9974.54982,2017-12-24 02:40:00,9691.680529204086,9676.816624880144,9581.729748421663
9928.451381,2017-12-24 02:50:00,9822.697589390777,9819.49763354186,9708.947626920088
9859.303721,2017-12-24 03:00:00,9759.625336024834,9764.193137402039,9641.470885831308
9738.295318,2017-12-24 03:10:00,9692.725311006141,9682.860108771521,9545.996943927996
9669.147659,2017-12-24 03:20:00,9567.800431256943,9558.586839055411,9525.856262714087
9703.721489,2017-12-24 03:30:00,9494.909635059019,9473.021593643574,9417.418962514752
9582.713085,2017-12-24 03:40:00,9550.939475668481,9544.386257906393,9454.82130815339
9519.327731,2017-12-24 03:50:00,9416.944186431501,9408.609877948187,9419.94866429402
9455.942377,2017-12-24 04:00:00,9342.142557776908,9337.053565128394,9341.895699688332
9507.803121,2017-12-24 04:10:00,9278.400965558605,9269.82101854722,9285.271611309025
9519.327731,2017-12-24 04:20:00,9354.550713656781,9348.831411273586,9331.182683251089
9450.180072,2017-12-24 04:30:00,9380.459181174167,9383.546057622785,9329.800065157448
9392.557023,2017-12-24 04:40:00,9303.882391015226,9297.55966027452,9298.004268657782
9473.229292,2017-12-24 04:50:00,9243.37089433789,9233.290925876394,9180.422491300093
9571.188475,2017-12-24 05:00:00,9332.871859124924,9326.84555233438,9263.989697881818
9525.090036,2017-12-24 05:10:00,9450.93409320238,9453.944439597217,9333.87322812648
9519.327731,2017-12-24 05:20:00,9396.163575079208,9397.898912309765,9356.698746279517
9496.278511,2017-12-24 05:30:00,9395.193097214604,9391.364106962796,9322.557747754532
9744.057623,2017-12-24 05:40:00,9371.153736879427,9361.582319154673,9300.719764109665
10009.12365,2017-12-24 05:50:00,9680.857979281875,9687.830682819891,9521.9898319358
9945.738295,2017-12-24 06:00:00,9959.137451888168,9980.38311697316,9757.606488952119
9732.533013,2017-12-24 06:10:00,9837.907757359377,9840.739981452367,9733.645353956497
9473.229292,2017-12-24 06:20:00,9534.11504155098,9515.605543452926,9477.521878071331
9300.360144,2017-12-24 06:30:00,9195.933565469975,9159.327595367802,9308.473549236598
8931.572629,2017-12-24 06:40:00,8984.495662908259,8962.23950923629,9106.072541220186
8603.121248,2017-12-24 06:50:00,8591.965791661301,8590.428629897575,8774.761885269792
7865.546218,2017-12-24 07:00:00,8371.5637304499,8373.66865538441,8460.035709252114
7231.692677,2017-12-24 07:10:00,7538.111724767074,7524.987955462839,8094.593249651711
6505.642257,2017-12-24 07:20:00,6848.853443386819,6832.300836372193,7964.527000008948
6424.969988,2017-12-24 07:30:00,6116.128270814412,6112.919064742478,7960.412729632213
6401.920768,2017-12-24 07:40:00,6193.609100624724,6222.727719126744,7945.792701308354
6419.207683,2017-12-24 07:50:00,6322.302829945122,6380.658201301681,7949.735378380187
6655.462185,2017-12-24 08:00:00,6474.506086580825,6522.939568816975,7992.072914953873
6816.806723,2017-12-24 08:10:00,6812.218959400154,6848.194799825866,7999.741727304845
6943.577431,2017-12-24 08:20:00,6986.903497151792,6978.886867231457,8030.851593766974
6995.438175,2017-12-24 08:30:00,7117.340379940681,7101.919166095944,8047.610352892046
7266.266507,2017-12-24 08:40:00,7147.396094934822,7122.343072423928,8062.360938529433
7467.947179,2017-12-24 08:50:00,7433.8871372723515,7409.205346981369,8077.990961173552
7675.390156,2017-12-24 09:00:00,7657.614789782168,7646.551388909336,8132.264780350552
7675.390156,2017-12-24 09:10:00,7876.382352395483,7873.69627410073,8158.500539876756
7923.169268,2017-12-24 09:20:00,7839.055046698393,7832.243324420724,8178.173354320755
8188.235294,2017-12-24 09:30:00,8096.8766203317755,8087.721970860217,8314.449091548526
8424.489796,2017-12-24 09:40:00,8367.115749389113,8369.400418523483,8398.150371458447
8505.162065,2017-12-24 09:50:00,8597.300895068229,8603.923537373394,8639.074027539362
8689.555822,2017-12-24 10:00:00,8682.201558667412,8685.969450327566,8687.706536871667
8994.957983,2017-12-24 10:10:00,8863.706283129279,8855.034091321535,8752.073335477507
8971.908764,2017-12-24 10:20:00,9181.494387450168,9181.303371830414,9098.532520270315
9162.064826,2017-12-24 10:30:00,9102.001172642966,9097.117111822357,9150.303444056533
9190.876351,2017-12-24 10:40:00,9299.917636824912,9302.687717918321,9519.7017424303
9357.983193,2017-12-24 10:50:00,9297.897652814765,9289.776750245914,9537.37561167192
9692.196879,2017-12-24 11:00:00,9374.279817169769,9373.807237042787,9635.350499181064
9651.860744,2017-12-24 11:10:00,9754.54153030496,9778.412892366843,9875.443170829518
9709.483794,2017-12-24 11:20:00,9651.368281096391,9652.274098039226,9865.467848538992
9778.631453,2017-12-24 11:30:00,9698.571339793318,9700.201181673603,9906.369351771293
9974.54982,2017-12-24 11:40:00,9760.13310639216,9752.74925469674,9987.243197021486
10043.69748,2017-12-24 11:50:00,9962.49948367861,9961.121068776574,10091.475414426308
10216.56663,2017-12-24 12:00:00,10071.375585717728,10083.724306129545,10159.22060261921
10095.55822,2017-12-24 12:10:00,10240.80265076055,10244.512327507822,10392.677521046538
10228.09124,2017-12-24 12:20:00,10061.39010398361,10050.347278209312,10257.597035393079
10383.67347,2017-12-24 12:30:00,10205.266521271204,10194.400816777545,10365.575933092876
10366.38655,2017-12-24 12:40:00,10377.849938026593,10378.54495284232,10571.591968454753
10366.38655,2017-12-24 12:50:00,10327.51944383697,10321.256431394664,10598.548733462703
10400.96038,2017-12-24 13:00:00,10348.981077111624,10344.372222594451,10536.970084341348
10504.68187,2017-12-24 13:10:00,10374.062132182667,10356.216525981927,10551.110848261003
10424.0096,2017-12-24 13:20:00,10486.167804617002,10475.54130346025,10908.817266272605
10435.53421,2017-12-24 13:30:00,10379.775820772806,10371.259241573272,10583.424399595237
10372.14886,2017-12-24 13:40:00,10386.643721449225,10374.130404695874,10618.24370380093
10349.09964,2017-12-24 13:50:00,10309.744609018857,10292.412195515944,10566.491189963002
10418.2473,2017-12-24 14:00:00,10326.544591199243,10308.02623386183,10473.515718251152
10326.05042,2017-12-24 14:10:00,10422.181709164572,10417.772721292291,10564.264060637961
10343.33733,2017-12-24 14:20:00,10305.750284488286,10291.07545473212,10463.087570231668
10308.76351,2017-12-24 14:30:00,10330.640779358117,10318.705546228677,10446.18252850246
10487.39496,2017-12-24 14:40:00,10294.55913826346,10278.287672729886,10437.329025847144
10372.14886,2017-12-24 14:50:00,10515.776984954238,10506.816843765871,10804.162970607627
10377.91116,2017-12-24 15:00:00,10392.79196700592,10377.613573833252,10552.511148349617
10141.65666,2017-12-24 15:10:00,10392.177394129594,10369.176555876329,10563.49537094581
10118.60744,2017-12-24 15:20:00,10104.129783188313,10072.903841132162,10286.934268933494
10055.22209,2017-12-24 15:30:00,10089.556644006965,10059.731031769474,10241.088168864037
9974.54982,2017-12-24 15:40:00,10045.014285230089,10034.38482755837,10093.33164495062
9916.926771,2017-12-24 15:50:00,9958.10203416078,9943.875128492042,10019.333313015379
9744.057623,2017-12-24 16:00:00,9941.978622111754,9932.37100112422,9996.642811712789
9939.97599,2017-12-24 16:10:00,9761.097653877274,9736.960289896824,9874.094895055261
9842.016807,2017-12-24 16:20:00,10024.7084320399,10016.04280580227,10015.39280832678
9945.738295,2017-12-24 16:30:00,9922.307963293177,9909.340864022497,9904.126372063376
10239.61585,2017-12-24 16:40:00,10074.859454008598,10064.529576759815,10045.760537033133
10994.47779,2017-12-24 16:50:00,10470.441630722318,10473.251986060543,10499.023909650467
12262.18487,2017-12-24 17:00:00,11556.098372235461,11568.48676649616,11272.06291248202
13944.77791,2017-12-24 17:10:00,13089.546186898446,13153.419562673236,12328.594402234026
14780.31212,2017-12-24 17:20:00,14946.0575857296,15019.132884705461,14609.154697741185
15103.0012,2017-12-24 17:30:00,15656.521639142182,15673.706839096316,15861.698745765207
15500.60024,2017-12-24 17:40:00,15725.40566589832,15662.475177866057,16492.294833301672
15673.46939,2017-12-24 17:50:00,15911.684944982195,15808.292377035044,16820.293254852273
15765.66627,2017-12-24 18:00:00,15920.432489656432,15819.014295151366,17007.497650437243
15771.42857,2017-12-24 18:10:00,15966.282254823223,15929.983379101257,17013.395534969855
15869.38776,2017-12-24 18:20:00,15937.099723696514,15930.31020993638,16752.459594432177
15869.38776,2017-12-24 18:30:00,16019.614409976748,16019.74345196239,16649.65322451321
15955.82233,2017-12-24 18:40:00,15998.061764265703,16011.470464801945,16281.895438679501
16140.21609,2017-12-24 18:50:00,16091.12830936732,16109.137659186566,16317.468673284491
16019.20768,2017-12-24 19:00:00,16282.272911430087,16297.36570803079,16228.594340657759
16209.36375,2017-12-24 19:10:00,16122.937073768939,16114.198783761294,16179.393950749563
16220.88836,2017-12-24 19:20:00,16338.712761573956,16334.67365937474,16270.490857916162
16209.36375,2017-12-24 19:30:00,16328.061575268632,16313.85173037259,16249.47774101783
16255.46218,2017-12-24 19:40:00,16295.035357515133,16276.558610282798,16244.25914807807
16226.65066,2017-12-24 19:50:00,16350.728839925514,16343.203021428737,16237.952704390987
16364.94598,2017-12-24 20:00:00,16290.816037660577,16266.732258006927,16213.341752808825
16290.03601,2017-12-24 20:10:00,16462.527291971248,16456.043131444727,16274.164326271317
16169.02761,2017-12-24 20:20:00,16364.739011649883,16352.327991526668,16220.990532342696
16076.83073,2017-12-24 20:30:00,16207.197213693558,16187.127547939026,16151.581239329287
16180.55222,2017-12-24 20:40:00,16104.66428534328,16086.149183476176,16104.930982052458
16019.20768,2017-12-24 20:50:00,16226.814736390395,16211.986848417593,16136.883150229902
15950.06002,2017-12-24 21:00:00,16024.628917512911,16016.64918670716,16011.48555248249
15742.61705,2017-12-24 21:10:00,15944.589020042215,15933.66498901473,15914.094484066938
15587.03481,2017-12-24 21:20:00,15710.188205940027,15689.314152495244,15753.435319451855
15437.21489,2017-12-24 21:30:00,15527.922673167419,15502.402245753854,15580.54934632809
15258.58343,2017-12-24 21:40:00,15377.699600977603,15366.614627082012,15302.69941072407
15103.0012,2017-12-24 21:50:00,15195.058382185485,15180.382153454282,15174.029824217534
14757.26291,2017-12-24 22:00:00,14886.916355193509,14880.367133802722,14850.252420444176
14555.58223,2017-12-24 22:10:00,14521.368778782122,14505.24756730737,14631.63690010356
14278.9916,2017-12-24 22:20:00,14328.796175854357,14315.90359396459,14451.761451900236
14094.59784,2017-12-24 22:30:00,14042.555387784723,14030.734124953793,14165.328612715506
13737.33493,2017-12-24 22:40:00,13873.76036328731,13865.545279293845,13932.248035058705
13529.89196,2017-12-24 22:50:00,13507.722272276122,13500.686956835,13591.820747792959
13316.68667,2017-12-24 23:00:00,13287.960065563033,13275.801544551143,13438.06273297967
13040.09604,2017-12-24 23:10:00,13084.2041293708,13076.169311231846,13158.02533343354
12821.12845,2017-12-24 23:20:00,12802.374052613304,12789.075018341884,12896.207615129046
12452.34094,2017-12-24 23:30:00,12591.82300756879,12582.995424560318,12593.15421024086
12325.57023,2017-12-24 23:40:00,12209.999698544776,12187.685340975046,12298.540060191048
12089.31573,2017-12-24 23:50:00,12115.309083958102,12101.147883466867,12177.524175617697
11881.87275,2017-12-25 00:00:00,11869.057907292285,11870.945967636328,11948.48937880767
11541.89676,2017-12-25 00:10:00,11664.650602887972,11663.442505547231,11736.094079617835
11265.30612,2017-12-25 00:20:00,11311.166528853566,11306.782267903423,11512.494484882418
11127.0108,2017-12-25 00:30:00,11033.00558989331,11017.00863295859,11249.702056422382
10913.80552,2017-12-25 00:40:00,10933.793534944118,10932.3328694646,11101.736676448292
10763.98559,2017-12-25 00:50:00,10735.277167002072,10734.543147006822,10876.878141978783
10527.73109,2017-12-25 01:00:00,10580.161013213285,10586.326118181225,10634.493260178506
10573.82953,2017-12-25 01:10:00,10350.682755284328,10346.757968122187,10467.576760254631
10395.19808,2017-12-25 01:20:00,10445.469051792517,10443.698274640268,10544.749663786075
10210.80432,2017-12-25 01:30:00,10263.216400505713,10260.754255575575,10202.070726836599
9997.59904,2017-12-25 01:40:00,10062.683240295133,10051.653792392408,10093.64316144999
9974.54982,2017-12-25 01:50:00,9840.310802308133,9826.473833367956,9826.379880138615
9778.631453,2017-12-25 02:00:00,9814.04840221817,9800.54662357421,9819.952927607195
9657.623049,2017-12-25 02:10:00,9609.047408910703,9606.98104730571,9623.606717107887
9490.516206,2017-12-25 02:20:00,9504.726244906873,9503.144579535168,9585.644265603452
9409.843938,2017-12-25 02:30:00,9332.417375802117,9325.854259981494,9431.724832860547
9513.565426,2017-12-25 02:40:00,9275.287002923274,9266.129874091483,9381.356909088327
9421.368547,2017-12-25 02:50:00,9437.912066771487,9445.954683254848,9425.34492414548
9369.507803,2017-12-25 03:00:00,9308.756243554088,9309.585895843677,9316.164769561045
9288.835534,2017-12-25 03:10:00,9256.601367979496,9252.387693334706,9257.0051373797
9334.933974,2017-12-25 03:20:00,9163.657474663543,9149.299031367138,9157.4827462511
9357.983193,2017-12-25 03:30:00,9229.826895895298,9216.653388254706,9189.121471003797
9271.548619,2017-12-25 03:40:00,9263.179357485267,9262.652035323688,9213.676620707793
9306.122449,2017-12-25 03:50:00,9157.41612233667,9148.443067997523,9159.132814555649
9300.360144,2017-12-25 04:00:00,9179.806826703434,9174.671645702369,9162.084384286185
9478.991597,2017-12-25 04:10:00,9172.961499617937,9162.801312450309,9164.243295530687
9369.507803,2017-12-25 04:20:00,9387.303395572046,9389.586240763656,9370.42131971266
9409.843938,2017-12-25 04:30:00,9243.097340341916,9239.84361100764,9199.8553603634
9311.884754,2017-12-25 04:40:00,9277.153812993523,9266.292791605232,9246.430888465966
9381.032413,2017-12-25 04:50:00,9160.4158009127,9146.620283049651,9164.470039644197
9461.704682,2017-12-25 05:00:00,9234.453870677367,9226.10241476354,9179.68120727174
9484.753902,2017-12-25 05:10:00,9339.143765674851,9348.029085415039,9343.589175991303
9438.655462,2017-12-25 05:20:00,9355.892566253,9355.790670993742,9355.527402882968
9450.180072,2017-12-25 05:30:00,9299.504429646353,9298.654297776537,9297.195582444152
9628.811525,2017-12-25 05:40:00,9320.093505964425,9312.278611158574,9312.01345046444
9893.877551,2017-12-25 05:50:00,9546.645149414151,9549.907776942355,9424.952578688415
9801.680672,2017-12-25 06:00:00,9831.997591669517,9848.626110684398,9598.276919676713
9611.52461,2017-12-25 06:10:00,9676.759187563646,9678.45079251512,9577.732731815859
9461.704682,2017-12-25 06:20:00,9403.396278627075,9384.176477111923,9421.787170948359
9288.835534,2017-12-25 06:30:00,9203.017861175089,9173.053021015634,9376.341140542558
8983.433373,2017-12-25 06:40:00,8984.166293029139,8961.515931283222,9143.412011083645
8833.613445,2017-12-25 06:50:00,8650.037156141214,8646.7461965752,8858.58989108781
8401.440576,2017-12-25 07:00:00,8610.979408962889,8609.295618586162,8766.248847308421
8090.27611,2017-12-25 07:10:00,8109.471446423211,8095.211457601794,8394.1417102175
7393.037215,2017-12-25 07:20:00,7761.681266875266,7748.470510880557,8237.382597808513
7202.881152,2017-12-25 07:30:00,7007.081105305766,6986.1665301890735,7975.420274291987
6995.438175,2017-12-25 07:40:00,6890.628759008063,6881.3618786400075,7941.002650484338
7018.487395,2017-12-25 07:50:00,6765.862240755301,6778.427801937183,7948.53246897274
7179.831933,2017-12-25 08:00:00,6926.430605757732,6949.719149065702,7993.26009331788
7225.930372,2017-12-25 08:10:00,7207.081256816135,7244.156963583164,8006.743948501002
7289.315726,2017-12-25 08:20:00,7278.526161851461,7276.857880760985,8023.164460711224
7323.889556,2017-12-25 08:30:00,7354.553221289723,7343.357497206554,8026.250894173308
7548.619448,2017-12-25 08:40:00,7386.27349260188,7359.591840584364,8057.686748419301
7612.004802,2017-12-25 08:50:00,7642.1658875226785,7620.267117621457,8074.107546611087
7842.496999,2017-12-25 09:00:00,7724.651317593605,7710.385271500998,8127.9706093402
7992.316927,2017-12-25 09:10:00,7972.931811203085,7963.808500213454,8212.392657479832
8113.32533,2017-12-25 09:20:00,8125.694679847171,8119.396486190599,8282.277936501772
8476.35054,2017-12-25 09:30:00,8237.70185423333,8224.077476165654,8329.61799725465
8528.211285,2017-12-25 09:40:00,8640.436988956357,8643.537647432306,8643.942628358596
8781.752701,2017-12-25 09:50:00,8640.25210385141,8627.635156440694,8681.4343138791
8695.318127,2017-12-25 10:00:00,8933.78166952655,8928.49415875272,8913.028525603855
8660.744298,2017-12-25 10:10:00,8800.795696366495,8783.355602600675,8796.264185990813
8925.810324,2017-12-25 10:20:00,8720.884042109652,8694.601828231274,8819.286022920656
9173.589436,2017-12-25 10:30:00,9044.114537995967,9047.438982260506,9131.094691725668
9133.253301,2017-12-25 10:40:00,9309.67027138288,9315.281485745432,9499.307193758701
9162.064826,2017-12-25 10:50:00,9251.689032098224,9262.73556500144,9465.438526114156
9311.884754,2017-12-25 11:00:00,9169.9770687211,9168.352848261136,9517.4638421616
9623.04922,2017-12-25 11:10:00,9308.374070399297,9296.124565259932,9601.31556303801
9755.582233,2017-12-25 11:20:00,9657.41641394369,9664.26976132164,9878.554790006297
9617.286915,2017-12-25 11:30:00,9791.127765509382,9805.783565363941,10005.506526486019
9674.909964,2017-12-25 11:40:00,9592.945860290602,9584.048225820065,9869.131725777786
9870.828331,2017-12-25 11:50:00,9630.349612620046,9612.418460427756,9915.845393497046
10112.84514,2017-12-25 12:00:00,9885.183235321165,9873.903382985249,10020.007631031804
9842.016807,2017-12-25 12:10:00,10152.046948472856,10163.347990526283,10237.264320123568
9795.918367,2017-12-25 12:20:00,9814.52179961391,9813.402285512402,9973.617229720263
9744.057623,2017-12-25 12:30:00,9749.62245205724,9730.66646905772,9984.13898903244
9922.689076,2017-12-25 12:40:00,9682.96656577587,9662.874238567245,9962.24483872008
10135.89436,2017-12-25 12:50:00,9908.357092266375,9910.44684559754,10015.704483933521
10158.94358,2017-12-25 13:00:00,10214.115019263665,10241.609709961385,10229.839704099397
10078.27131,2017-12-25 13:10:00,10217.380406908465,10218.63609941674,10352.269203963937
10055.22209,2017-12-25 13:20:00,10087.596576244378,10072.22941235095,10200.917395305287
10314.52581,2017-12-25 13:30:00,10033.040485094116,10005.630185018977,10140.075428547672
10101.32053,2017-12-25 13:40:00,10333.818546271821,10323.04469328521,10460.092952673978
10020.64826,2017-12-25 13:50:00,10074.279127888285,10063.318616165867,10227.220221031805
10060.98439,2017-12-25 14:00:00,10021.01692236033,10006.127732174755,10091.595817111305
10181.9928,2017-12-25 14:10:00,10066.975609701914,10051.224379721818,10155.878141022818
10193.51741,2017-12-25 14:20:00,10208.68516422305,10195.944212781185,10335.673338336981
10210.80432,2017-12-25 14:30:00,10237.004061462958,10245.411564812413,10336.507786472468
10164.70588,2017-12-25 14:40:00,10257.03615854869,10249.495959307227,10349.36560514865
10193.51741,2017-12-25 14:50:00,10182.33824959824,10161.211776390599,10343.103973905674
10256.90276,2017-12-25 15:00:00,10234.750155336813,10210.711201658523,10346.764496209602
10101.32053,2017-12-25 15:10:00,10299.882122998666,10285.215528257908,10398.366475342827
9772.869148,2017-12-25 15:20:00,10108.447765782044,10087.09120131973,10212.674352456386
9749.819928,2017-12-25 15:30:00,9720.392844027298,9689.313906804535,9903.863369217615
9795.918367,2017-12-25 15:40:00,9717.78827478872,9694.544523689154,9902.764036483475
10153.18127,2017-12-25 15:50:00,9799.986848998888,9791.587407828043,9923.147333898702
9968.787515,2017-12-25 16:00:00,10270.261088727155,10286.540542221785,10441.642980027276
10084.03361,2017-12-25 16:10:00,10058.443745259461,10056.656866449892,10113.953126861126
10153.18127,2017-12-25 16:20:00,10166.719314899256,10142.733757530044,10274.05170611782
10464.34574,2017-12-25 16:30:00,10230.45488353476,10199.887650391453,10451.566920865263
10435.53421,2017-12-25 16:40:00,10593.357609721708,10571.391151158945,10735.571736433903
10919.56783,2017-12-25 16:50:00,10601.82437576414,10599.156651605588,10608.520126023086
12002.88115,2017-12-25 17:00:00,11365.80645514329,11359.915327775037,11366.74623798198
14140.69628,2017-12-25 17:10:00,12702.971264647978,12740.967152294877,12178.759870920714
15270.10804,2017-12-25 17:20:00,15131.089635132594,15223.07926460927,14903.382262159037
15442.97719,2017-12-25 17:30:00,16205.558156885412,16275.039613998199,16223.562332541991
15800.2401,2017-12-25 17:40:00,16060.42577652448,16015.353361570473,16698.799208246972
16111.40456,2017-12-25 17:50:00,16163.345655973326,16045.954428730076,16906.612347830713
16416.80672,2017-12-25 18:00:00,16290.382516316373,16153.977305439706,17286.574994909966
16290.03601,2017-12-25 18:10:00,16581.194748992802,16540.490089711173,17378.345300491197
16295.79832,2017-12-25 18:20:00,16390.713711583216,16387.790532178566,17158.8762076657
16336.13445,2017-12-25 18:30:00,16339.98281431206,16324.30707684811,16883.797832106018
16578.15126,2017-12-25 18:40:00,16365.056578432666,16361.039753390141,16456.899804250657
16635.77431,2017-12-25 18:50:00,16655.10295103443,16672.414749442567,16636.125097026787
16451.38055,2017-12-25 19:00:00,16701.896108555316,16726.450282632617,16427.553337072026
16451.38055,2017-12-25 19:10:00,16466.814635991796,16454.3980417479,16340.610924207214
16434.09364,2017-12-25 19:20:00,16455.885339878005,16432.444562607514,16318.847271144998
16451.38055,2017-12-25 19:30:00,16430.53385825421,16405.042720022502,16316.682682792794
16145.97839,2017-12-25 19:40:00,16470.147461561894,16462.581648103886,16296.419951322496
16145.97839,2017-12-25 19:50:00,16119.424294490202,16107.147899692274,16079.996773104409
16203.60144,2017-12-25 20:00:00,16131.230203900057,16111.77696561934,16108.864617712188
16624.2497,2017-12-25 20:10:00,16221.12700771113,16213.48245940384,16133.619351595766
16578.15126,2017-12-25 20:20:00,16729.943570185154,16742.9728232548,16392.644772623993
16439.85594,2017-12-25 20:30:00,16654.244519012125,16661.985065068195,16376.214821371708
16532.05282,2017-12-25 20:40:00,16453.561399796326,16423.280400408745,16294.832367890665
16537.81513,2017-12-25 20:50:00,16528.158184448865,16492.299041822935,16346.836676944478
16606.96279,2017-12-25 21:00:00,16486.96924987366,16445.53689965733,16329.034145947831
16278.5114,2017-12-25 21:10:00,16573.35487599865,16561.934413186544,16316.511659911299
15996.15846,2017-12-25 21:20:00,16171.205744764677,16144.460351007889,16083.61264909595
15857.86315,2017-12-25 21:30:00,15827.413135874787,15784.326230935423,15830.958575622242
15886.67467,2017-12-25 21:40:00,15688.368420315675,15660.166117145154,15698.386228004618
15563.98559,2017-12-25 21:50:00,15764.307507800257,15754.134300968733,15710.912083176756
15235.53421,2017-12-25 22:00:00,15257.631260769638,15258.848206535367,15256.826645122093
15091.47659,2017-12-25 22:10:00,14904.9616070131,14886.399621016471,14994.62079565197
14653.54142,2017-12-25 22:20:00,14766.203928114963,14741.73687133684,14799.483248086566
14601.68067,2017-12-25 22:30:00,14284.810465670233,14254.381604632523,14388.88845838727
14100.36014,2017-12-25 22:40:00,14293.493706482368,14291.137170407335,14300.210736187526
13737.33493,2017-12-25 22:50:00,13748.884367735282,13729.4444605264,13878.65413167665
13380.07203,2017-12-25 23:00:00,13348.816880454022,13321.953085402241,13564.55311532169
13305.16206,2017-12-25 23:10:00,13002.731451317482,12987.85493582112,13117.052713662984
12999.7599,2017-12-25 23:20:00,12984.314296521341,12969.817133735009,13127.069467588572
12619.44778,2017-12-25 23:30:00,12693.858533147468,12695.669242113394,12882.67277313554
12221.84874,2017-12-25 23:40:00,12309.203413627303,12289.778569615159,12466.101471651213
12112.36495,2017-12-25 23:50:00,11895.375572851028,11865.464248455726,11992.65270527152
11893.39736,2017-12-26 00:00:00,11841.010399528535,11828.947657034558,11953.0413277857
11397.83914,2017-12-26 00:10:00,11644.81205428263,11648.687270167298,11620.756483478894
11184.63385,2017-12-26 00:20:00,11115.390778408117,11109.60140769833,11278.213042138674
11000.2401,2017-12-26 00:30:00,10936.478238779753,10927.854757865098,11153.646045857873
11057.86315,2017-12-26 00:40:00,10774.891202001712,10761.366053078022,10896.227770118921
10833.13325,2017-12-26 00:50:00,10915.580772942367,10925.82537913079,10907.297828872139
10556.54262,2017-12-26 01:00:00,10659.692060907448,10670.068384760372,10678.177609435821
10452.82113,2017-12-26 01:10:00,10367.143026280664,10348.50654144945,10535.16236037957
10418.2473,2017-12-26 01:20:00,10274.188688700646,10254.093816599898,10334.75544119302
10510.44418,2017-12-26 01:30:00,10259.705398115144,10241.639738454509,10217.67231470504
10216.56663,2017-12-26 01:40:00,10403.709709420084,10410.344173065747,10386.662236475015
10112.84514,2017-12-26 01:50:00,10072.99864124144,10062.114176937434,10082.936156200558
10026.41056,2017-12-26 02:00:00,9925.029841202337,9902.944821865805,9982.127492731574
10055.22209,2017-12-26 02:10:00,9832.89674887338,9811.865331601815,9857.500523567314
9922.689076,2017-12-26 02:20:00,9886.731759450246,9875.549289386741,9885.978664819506
9738.295318,2017-12-26 02:30:00,9758.15121732848,9760.205254805602,9789.878941349456
9744.057623,2017-12-26 02:40:00,9563.38229031951,9546.519737006955,9619.995862278816
9830.492197,2017-12-26 02:50:00,9590.700559526096,9577.63951263663,9623.091788413729
9916.926771,2017-12-26 03:00:00,9680.371391025146,9675.569614128228,9678.819201130682
9772.869148,2017-12-26 03:10:00,9794.589518027817,9800.570979080137,9786.076251741228
9646.098439,2017-12-26 03:20:00,9623.0804245273,9615.20597585152,9652.68877594187
9617.286915,2017-12-26 03:30:00,9467.016464009746,9440.762116757825,9527.995451587332
9807.442977,2017-12-26 03:40:00,9432.720649121962,9409.881954563758,9479.473715432177
9755.582233,2017-12-26 03:50:00,9677.616803194329,9674.269864782196,9693.37083894575
9519.327731,2017-12-26 04:00:00,9602.989360082916,9608.12614142076,9610.242951595348
9559.663866,2017-12-26 04:10:00,9331.186199696818,9318.787309829811,9454.128683226678
9548.139256,2017-12-26 04:20:00,9379.880473299178,9364.497880328758,9462.722629971191
9721.008403,2017-12-26 04:30:00,9370.458931771173,9355.664074992339,9466.662809173491
9444.417767,2017-12-26 04:40:00,9593.669571603443,9604.0251239402,9635.581249494007
9473.229292,2017-12-26 04:50:00,9272.778967972723,9270.078603093301,9343.818346731421
9507.803121,2017-12-26 05:00:00,9299.011318422365,9285.46851812004,9355.656395967404
9726.770708,2017-12-26 05:10:00,9348.014392512894,9341.436807430484,9407.707717710851
9715.246098,2017-12-26 05:20:00,9607.060980535345,9609.916186004653,9594.722059114538
9634.57383,2017-12-26 05:30:00,9597.295672988937,9610.751380838705,9544.509895315188
9755.582233,2017-12-26 05:40:00,9488.93436096744,9474.1308405231,9465.776868882835
10124.36975,2017-12-26 05:50:00,9640.88959523054,9630.094188414656,9598.118352463714
10193.51741,2017-12-26 06:00:00,10044.012978771156,10047.069841468645,9972.564562847374
9991.836735,2017-12-26 06:10:00,10084.856934630974,10094.114532903284,10025.869836118609
9663.385354,2017-12-26 06:20:00,9794.610455057616,9782.564763903083,9816.06291112898
9461.704682,2017-12-26 06:30:00,9361.971723906085,9320.855071380527,9502.196239236962
9427.130852,2017-12-26 06:40:00,9107.604800059446,9069.093193759867,9409.522971453149
9162.064826,2017-12-26 06:50:00,9110.733426209843,9110.288531962631,9287.35266291434
8724.129652,2017-12-26 07:00:00,8948.189379243438,8956.087672853411,9037.934158489114
8153.661465,2017-12-26 07:10:00,8455.98958498363,8450.894982938791,8604.245791551442
7531.332533,2017-12-26 07:20:00,7786.029571224461,7757.603499532675,8250.551676001682
7496.758703,2017-12-26 07:30:00,7125.221845317452,7094.090737732422,8008.828814351054
7127.971188,2017-12-26 07:40:00,7216.973318112678,7229.3022799859555,7981.378179056487
7151.020408,2017-12-26 07:50:00,6904.6925079644625,6925.245420788298,7975.480802565358
7295.078031,2017-12-26 08:00:00,7075.126615827428,7108.8682176427155,8027.925136426712
7571.668667,2017-12-26 08:10:00,7323.068916248021,7350.387231281451,8028.800356073637
7698.439376,2017-12-26 08:20:00,7665.505716503432,7670.131086249623,8046.147250901358
7727.2509,2017-12-26 08:30:00,7810.826873992755,7818.154893593071,8075.735214474901
7854.021609,2017-12-26 08:40:00,7807.542930282636,7779.191053406754,8086.1778489820435
8072.989196,2017-12-26 08:50:00,7920.663178017619,7886.385532332746,8160.603557971272
8476.35054,2017-12-26 09:00:00,8176.360206524372,8149.948259440775,8322.416968901764
8516.686675,2017-12-26 09:10:00,8628.185180547724,8627.798930735986,8611.054141929048
8637.695078,2017-12-26 09:20:00,8629.944657856504,8625.176646196915,8651.58311539274
9317.647059,2017-12-26 09:30:00,8737.20136486511,8720.913539916537,8758.10215591338
9911.164466,2017-12-26 09:40:00,9488.938055784572,9491.151906354158,9442.305755398846
10014.88595,2017-12-26 09:50:00,10110.93490437616,10120.252032524662,9848.622540875096
10084.03361,2017-12-26 10:00:00,10156.51415938295,10158.889376077705,10004.846506735597
10228.09124,2017-12-26 10:10:00,10128.89615929393,10097.113503538309,10187.077088986664
10326.05042,2017-12-26 10:20:00,10209.46001921082,10153.870248630566,10411.041496254264
10170.46819,2017-12-26 10:30:00,10299.994994025008,10268.469765547672,10622.317591011182
9288.835534,2017-12-26 10:40:00,10102.647306645336,10090.600401679352,10476.28000964512
9311.884754,2017-12-26 10:50:00,9046.324159746677,9003.710597577694,9660.797608561186
9513.565426,2017-12-26 11:00:00,9050.59252926277,9035.89505247344,9683.465004672786
9496.278511,2017-12-26 11:10:00,9378.965226465629,9406.026654400408,9847.915751546656
9502.040816,2017-12-26 11:20:00,9435.822581461929,9489.132148271738,9799.58922105967
9496.278511,2017-12-26 11:30:00,9489.592789691895,9542.679089736643,9855.432191502347
9790.156062,2017-12-26 11:40:00,9459.539491638436,9443.612241577624,9804.053769278618
9640.336134,2017-12-26 11:50:00,9803.863166290153,9797.488941596073,9933.217763963166
9605.762305,2017-12-26 12:00:00,9659.581195326587,9652.501179299943,9899.787817690234
9928.451381,2017-12-26 12:10:00,9588.437161856404,9571.871514699964,9867.475277215544
10078.27131,2017-12-26 12:20:00,9961.594222932592,9954.44181074386,10138.459067827238
10222.32893,2017-12-26 12:30:00,10103.919360578613,10092.500464006209,10281.88471544932
10170.46819,2017-12-26 12:40:00,10269.603721761308,10282.624254928243,10441.756082520411
10464.34574,2017-12-26 12:50:00,10170.12184068842,10157.428132913716,10368.130200369718
10429.77191,2017-12-26 13:00:00,10507.430945569926,10485.708197201564,10708.956894229723
10763.98559,2017-12-26 13:10:00,10433.428910978972,10417.163292482486,10579.280353089705
10804.32173,2017-12-26 13:20:00,10803.700018035168,10801.32733647498,11250.032138591614
11075.15006,2017-12-26 13:30:00,10826.029910194768,10821.885821152,11321.226568083544
11075.15006,2017-12-26 13:40:00,11081.755648374346,11065.584738399208,11376.143390706418
11098.19928,2017-12-26 13:50:00,11040.464631664687,11028.729708158164,11376.10761036868
11057.86315,2017-12-26 14:00:00,11048.745094952214,11016.120261061806,11406.135467351862
10931.09244,2017-12-26 14:10:00,10991.483795981603,10968.213940774442,11446.508376304857
10971.42857,2017-12-26 14:20:00,10826.376659317704,10793.54140078836,11348.715233033709
10896.51861,2017-12-26 14:30:00,10895.687392698666,10884.761866868364,11364.473797403152
10919.56783,2017-12-26 14:40:00,10818.49877137189,10808.313037400185,11348.139884512042
10706.36255,2017-12-26 14:50:00,10859.540612488547,10854.370018530877,11362.87798011506
10579.59184,2017-12-26 15:00:00,10641.584256722417,10625.994362539877,11320.58118594097
10493.15726,2017-12-26 15:10:00,10490.795851538982,10464.226630057921,11216.626939615795
10400.96038,2017-12-26 15:20:00,10401.720214224451,10383.396274069968,10850.78362016412
10320.28812,2017-12-26 15:30:00,10319.697813143273,10301.29322358951,10696.304120052431
10066.7467,2017-12-26 15:40:00,10265.753448171474,10259.016229389912,10640.156489702647
10141.65666,2017-12-26 15:50:00,10008.375679832101,9989.095745565483,10243.069530664217
10147.41897,2017-12-26 16:00:00,10140.661121981484,10124.465741466993,10299.901728450855
10193.51741,2017-12-26 16:10:00,10184.299697121078,10173.292790659121,10402.929313160575
10037.93517,2017-12-26 16:20:00,10261.424215255589,10252.05340353569,10373.299588371061
10037.93517,2017-12-26 16:30:00,10104.623005940259,10089.838364486306,10141.216141768375
10337.57503,2017-12-26 16:40:00,10106.17223293259,10075.725682678476,10135.976614840873
10902.28091,2017-12-26 16:50:00,10512.917022391786,10507.221416761875,10536.635658480183
11939.4958,2017-12-26 17:00:00,11385.345145293462,11400.002179706156,11307.65042535868
14002.40096,2017-12-26 17:10:00,12697.146700698278,12754.288412899936,12108.969074298111
15316.20648,2017-12-26 17:20:00,15040.854190915017,15132.742461335854,14634.155496988531
15817.52701,2017-12-26 17:30:00,16286.515965306204,16334.6223097249,16309.591760520876
16053.78151,2017-12-26 17:40:00,16524.260362176905,16490.376858457887,16794.327555065713
16042.2569,2017-12-26 17:50:00,16464.94160622391,16352.164693375566,17178.351039342062
16042.2569,2017-12-26 18:00:00,16198.970925034366,16043.580959176445,17280.875613154763
16192.07683,2017-12-26 18:10:00,16117.259686078818,16038.373238687758,17135.06462812871
16313.08523,2017-12-26 18:20:00,16292.753722972313,16285.00588413882,17073.840599147446
16249.69988,2017-12-26 18:30:00,16427.552389005465,16447.11678392307,16708.96068453593
16197.83914,2017-12-26 18:40:00,16354.806446242532,16379.988617896946,16470.03415705581
16094.11765,2017-12-26 18:50:00,16284.012618275505,16298.042173077713,16422.76817892537
16249.69988,2017-12-26 19:00:00,16129.962561254408,16125.099845618794,16157.625233333525
16359.18367,2017-12-26 19:10:00,16330.548787041664,16330.532385245247,16243.017922430965
16122.92917,2017-12-26 19:20:00,16467.007589275654,16471.906981664426,16263.863910364225
16076.83073,2017-12-26 19:30:00,16177.495546085187,16162.750650099802,16121.850137783384
16128.69148,2017-12-26 19:40:00,16111.312937135754,16090.536890254112,16089.338074923968
16272.7491,2017-12-26 19:50:00,16171.037821093987,16145.798351223108,16136.643926684663
16336.13445,2017-12-26 20:00:00,16346.480636376698,16338.263611319366,16212.843357794236
16376.47059,2017-12-26 20:10:00,16451.89743810471,16455.9453297579,16269.369859779179
16514.76591,2017-12-26 20:20:00,16471.41850262798,16454.662857707983,16277.704555788028
16583.91357,2017-12-26 20:30:00,16600.334605877848,16577.889865735346,16402.979966390383
16612.72509,2017-12-26 20:40:00,16660.938019285364,16635.81715912673,16405.48517200687
16480.19208,2017-12-26 20:50:00,16672.499249146993,16650.305925797253,16412.995110747193
16324.60984,2017-12-26 21:00:00,16475.92634922959,16443.213084174502,16282.078098691254
16145.97839,2017-12-26 21:10:00,16262.264889968465,16220.857132560794,16156.114590234582
15921.2485,2017-12-26 21:20:00,16048.136932285774,16014.188464444609,15969.543944530296
15759.90396,2017-12-26 21:30:00,15803.674728819733,15776.816059118059,15771.246311823921
15575.5102,2017-12-26 21:40:00,15662.557128129885,15648.895696893032,15616.635226916087
15408.40336,2017-12-26 21:50:00,15475.070584450532,15461.33188165487,15465.901829723452
15172.14886,2017-12-26 22:00:00,15147.97671612853,15137.124872229573,15170.927282258022
15033.85354,2017-12-26 22:10:00,14908.054563894844,14893.830340616725,14973.578176355923
14572.86915,2017-12-26 22:20:00,14767.378761301543,14748.491597895882,14732.178228126766
14307.80312,2017-12-26 22:30:00,14263.380227914211,14234.075085870149,14285.753230438911
14129.17167,2017-12-26 22:40:00,13985.130573050483,13956.130229228644,14036.055081323699
13852.58103,2017-12-26 22:50:00,13829.82839245151,13809.99370354812,13903.071429825075
13495.31813,2017-12-26 23:00:00,13519.304146429975,13498.622262373065,13637.949369072276
13086.19448,2017-12-26 23:10:00,13172.906134438439,13160.04142805548,13265.202961740875
12809.60384,2017-12-26 23:20:00,12737.850640428444,12705.947777216013,12928.711275533742
12521.4886,2017-12-26 23:30:00,12467.745256000875,12437.761232397646,12630.948282111534
12383.19328,2017-12-26 23:40:00,12198.784309126833,12178.992543390064,12329.570404254138
12020.16807,2017-12-26 23:50:00,12121.60883757431,12111.892404873577,12201.924597918895
11772.38896,2017-12-27 00:00:00,11777.627262925012,11775.632722049197,11942.759490889463
11703.2413,2017-12-27 00:10:00,11523.062572988301,11509.43988672216,11616.123826592428
11369.02761,2017-12-27 00:20:00,11498.445205409565,11491.436624621667,11581.92770279979
11069.38776,2017-12-27 00:30:00,11145.603292252132,11128.152334696457,11227.597464195114
10810.08403,2017-12-27 00:40:00,10862.9367471193,10851.928035036322,10950.666030579818
10712.12485,2017-12-27 00:50:00,10604.660476333156,10584.55462448909,10679.622676072275
10579.59184,2017-12-27 01:00:00,10501.3453537823,10487.620028950154,10476.571406034116
10389.43577,2017-12-27 01:10:00,10415.4137925924,10419.59405737181,10430.01702069682
10233.85354,2017-12-27 01:20:00,10239.465844869137,10235.214389548855,10086.973320997356
10014.88595,2017-12-27 01:30:00,10102.485966639346,10091.497452671716,10086.73696135778
9997.59904,2017-12-27 01:40:00,9860.037001978595,9837.470972973926,9848.034320086756
9916.926771,2017-12-27 01:50:00,9885.299660717275,9875.292027468364,9852.815532635477
9928.451381,2017-12-27 02:00:00,9790.091014417569,9785.67020591458,9790.215200362623
9640.336134,2017-12-27 02:10:00,9836.69723484303,9832.064141206502,9806.681624015673
9674.909964,2017-12-27 02:20:00,9503.991692452935,9487.117538482318,9521.879835441057
9611.52461,2017-12-27 02:30:00,9557.668938711395,9538.000317042904,9521.635617454014
9755.582233,2017-12-27 02:40:00,9509.373837717227,9496.489607917094,9483.490445051337
9669.147659,2017-12-27 02:50:00,9705.365132845029,9701.117325436917,9600.42737532869
9553.901561,2017-12-27 03:00:00,9592.002781893978,9592.988789588257,9544.199174259064
9565.42617,2017-12-27 03:10:00,9437.837954948804,9414.729402327834,9476.383422138015
9559.663866,2017-12-27 03:20:00,9455.692482052129,9438.99544227734,9469.369543403538
9450.180072,2017-12-27 03:30:00,9449.612155266272,9431.095058907733,9477.115488753787
9334.933974,2017-12-27 03:40:00,9346.218178532898,9338.956754371713,9387.46065257585
9352.220888,2017-12-27 03:50:00,9221.838329645016,9210.57648383779,9179.887154271993
9357.983193,2017-12-27 04:00:00,9221.186128576574,9209.823877396391,9178.472202251367
9415.606242,2017-12-27 04:10:00,9250.897640733594,9248.412281003457,9223.623501277318
9283.073229,2017-12-27 04:20:00,9332.202567755514,9336.111702299002,9264.297477399781
9219.687875,2017-12-27 04:30:00,9185.93911399789,9179.546640623754,9156.348083475745
9346.458583,2017-12-27 04:40:00,9094.469013482201,9076.939650147642,9079.812267368852
9484.753902,2017-12-27 04:50:00,9258.311275510601,9251.19933496504,9166.240179340615
9548.139256,2017-12-27 05:00:00,9411.052411521618,9413.70154387426,9364.82777976943
9461.704682,2017-12-27 05:10:00,9493.855369015344,9502.064882717837,9418.713098542394
9548.139256,2017-12-27 05:20:00,9365.586512834998,9354.891443729171,9352.81896566142
9646.098439,2017-12-27 05:30:00,9443.622406724458,9426.248868199313,9438.907103953241
9824.729892,2017-12-27 05:40:00,9558.908329746766,9549.929894898956,9428.910317903461
10037.93517,2017-12-27 05:50:00,9786.277240663494,9791.498184699492,9625.723023031453
10003.36134,2017-12-27 06:00:00,10011.904517467156,10025.15587244203,9905.449015111126
10037.93517,2017-12-27 06:10:00,9908.06731405396,9898.062642524681,9862.947420412773
9726.770708,2017-12-27 06:20:00,9895.98813503568,9880.527323395401,9876.97193711877
9548.139256,2017-12-27 06:30:00,9485.991043859902,9454.025371295736,9570.336904594536
9277.310924,2017-12-27 06:40:00,9276.948139540422,9250.91121694172,9458.951853779512
9208.163265,2017-12-27 06:50:00,8978.237083323535,8966.441832224129,9133.424913805986
8839.37575,2017-12-27 07:00:00,9048.580027600017,9044.986779866505,9041.313762710106
8470.588235,2017-12-27 07:10:00,8636.91022501526,8640.276801686536,8798.06119982509
7658.103241,2017-12-27 07:20:00,8210.465544858052,8197.114339455278,8480.037788637359
7508.283313,2017-12-27 07:30:00,7312.657353733779,7283.956740242522,8131.236102198141
7421.848739,2017-12-27 07:40:00,7226.452287821794,7212.582777815689,8042.604327922866
7404.561825,2017-12-27 07:50:00,7255.962415390597,7276.165116566101,8028.523824215788
7606.242497,2017-12-27 08:00:00,7361.72458632597,7395.150934182408,8100.169335218044
7692.677071,2017-12-27 08:10:00,7696.829123639714,7740.36829907717,8101.415774355901
7854.021609,2017-12-27 08:20:00,7800.011656488185,7795.3736290990455,8104.367402147155
8113.32533,2017-12-27 08:30:00,7973.581027750337,7962.251463084316,8167.915832166901
8078.751501,2017-12-27 08:40:00,8253.134416137247,8238.658623074705,8282.844915024807
8176.710684,2017-12-27 08:50:00,8168.768321438474,8135.2872559416155,8308.184627292985
8493.637455,2017-12-27 09:00:00,8300.273282286951,8276.71323211036,8467.528202617406
8672.268908,2017-12-27 09:10:00,8645.363938742688,8630.661508270903,8708.709911657257
8822.088836,2017-12-27 09:20:00,8820.48468533641,8812.564766686943,8755.04984276545
8971.908764,2017-12-27 09:30:00,9004.441899164032,9010.00578201163,8997.733794618358
8977.671068,2017-12-27 09:40:00,9154.495856197605,9148.221987101919,9076.884087637933
9133.253301,2017-12-27 09:50:00,9114.662849672304,9095.584335543803,9144.778387508017
9329.171669,2017-12-27 10:00:00,9299.277782394169,9292.471985598891,9355.244851198224
9409.843938,2017-12-27 10:10:00,9507.206174355706,9507.82833264023,9544.614663373806
9588.47539,2017-12-27 10:20:00,9577.950727207151,9578.49986738503,9716.72434597189
9732.533013,2017-12-27 10:30:00,9755.205314858304,9759.35888152954,9883.117581944345
9905.402161,2017-12-27 10:40:00,9827.908150942985,9818.867318813067,9952.910308228642
10124.36975,2017-12-27 10:50:00,9990.80295347124,9982.849703367578,10084.301381085383
10124.36975,2017-12-27 11:00:00,10124.806983987779,10125.490669553354,10280.667355669339
10320.28812,2017-12-27 11:10:00,10077.406148032653,10064.422185173938,10317.381098875823
10619.92797,2017-12-27 11:20:00,10278.726519564741,10270.51743476845,10594.422182675798
10579.59184,2017-12-27 11:30:00,10587.423507227484,10584.368933307269,11113.700092769242
10510.44418,2017-12-27 11:40:00,10507.19130542631,10496.72491463302,11190.373087575803
10354.86194,2017-12-27 11:50:00,10393.621305302328,10381.412809277881,10973.716373350848
10279.95198,2017-12-27 12:00:00,10215.542975211149,10183.907221712243,10576.566729529559
10573.82953,2017-12-27 12:10:00,10140.56821230028,10117.74160955547,10554.909467355657
10769.7479,2017-12-27 12:20:00,10532.680858771877,10549.300689827447,11248.35526949688
10712.12485,2017-12-27 12:30:00,10770.210434794724,10791.973511202177,11332.985011024117
10642.97719,2017-12-27 12:40:00,10681.907702295175,10689.44422755174,11319.479984881436
10902.28091,2017-12-27 12:50:00,10589.770829434143,10576.051803354278,11326.9383308879
10936.85474,2017-12-27 13:00:00,10892.146896292048,10870.774912896084,11362.55685991643
10971.42857,2017-12-27 13:10:00,10934.353105329828,10924.719504586128,11400.726344407387
10815.84634,2017-12-27 13:20:00,10967.843158752537,10965.927239793515,11450.923271836524
10740.93637,2017-12-27 13:30:00,10783.387735326505,10768.073232096416,11434.155107210065
10781.27251,2017-12-27 13:40:00,10682.077521731531,10656.54624797922,11330.423080536813
10735.17407,2017-12-27 13:50:00,10746.259270526258,10743.548535242182,11344.093639321145
10481.63265,2017-12-27 14:00:00,10729.723408231035,10728.097121246752,11345.900299427216
10297.2389,2017-12-27 14:10:00,10441.130677819394,10436.200260045094,10847.937494811329
10395.19808,2017-12-27 14:20:00,10249.14985594116,10235.326658679445,10582.565245981408
10475.87035,2017-12-27 14:30:00,10394.839271767109,10391.330738398205,10673.165923940582
10314.52581,2017-12-27 14:40:00,10517.538051749927,10528.888031779805,10815.390913726704
10452.82113,2017-12-27 14:50:00,10337.629128680202,10343.495072514565,10474.978081784238
10389.43577,2017-12-27 15:00:00,10534.023608621825,10528.507386577356,10836.885312505696
10481.63265,2017-12-27 15:10:00,10436.163877707579,10410.991543281649,10661.135318885094
10596.87875,2017-12-27 15:20:00,10535.245545727277,10520.00652035131,10867.626806075346
10447.05882,2017-12-27 15:30:00,10670.196496685716,10665.149149132589,11370.643040759782
10320.28812,2017-12-27 15:40:00,10454.524578688124,10425.070634505926,10802.492413494036
10187.7551,2017-12-27 15:50:00,10320.834851749332,10297.172540213014,10532.092398484996
10251.14046,2017-12-27 16:00:00,10180.456680385782,10147.52607802823,10412.431587541336
10233.85354,2017-12-27 16:10:00,10284.899037172243,10269.774738584561,10463.217083825508
10147.41897,2017-12-27 16:20:00,10287.489050638895,10286.70705768107,10419.803581975884
10470.10804,2017-12-27 16:30:00,10206.639907429793,10197.720145179419,10376.232835115183
10838.89556,2017-12-27 16:40:00,10614.49720496823,10616.418350145566,10763.398639919726
11541.89676,2017-12-27 16:50:00,11061.96066331983,11066.302878752447,11383.603987670496
12550.30012,2017-12-27 17:00:00,12060.705818441627,12083.502425662831,11719.513500914089
14417.28691,2017-12-27 17:10:00,13297.62040599177,13341.548702509674,12624.032355847838
15546.69868,2017-12-27 17:20:00,15393.596767046129,15455.645934334172,15409.10582066083
16007.68307,2017-12-27 17:30:00,16450.17356212372,16483.455414018663,16603.10901060606
16347.65906,2017-12-27 17:40:00,16657.63764326382,16617.0123058393,17078.302822016052
16341.89676,2017-12-27 17:50:00,16745.31602314893,16650.725720602608,17280.999412423218
16445.61825,2017-12-27 18:00:00,16496.269762769887,16364.439979079978,17336.199555442425
16774.06963,2017-12-27 18:10:00,16549.300629496312,16490.291799128256,17288.093337392307
16837.45498,2017-12-27 18:20:00,16917.730303843797,16921.21266298925,17241.82378767257
16762.54502,2017-12-27 18:30:00,16946.884747802804,16960.531461463852,16778.181837366574
16762.54502,2017-12-27 18:40:00,16834.182109573205,16852.116074356938,16637.18005968375
16797.11885,2017-12-27 18:50:00,16797.92778989024,16799.574760481824,16625.330737485187
16837.45498,2017-12-27 19:00:00,16816.878426391024,16808.908146932212,16435.66686378392
16762.54502,2017-12-27 19:10:00,16881.16449782366,16882.53120515075,16385.064477561347
16595.43818,2017-12-27 19:20:00,16780.761355124087,16774.64935620456,16334.983726572671
16474.42977,2017-12-27 19:30:00,16576.935273159725,16556.81855834925,16330.094762980829
16336.13445,2017-12-27 19:40:00,16440.506124795633,16417.831434299937,16279.319896047584
16434.09364,2017-12-27 19:50:00,16308.229616920986,16291.977716850895,16199.436622702871
16451.38055,2017-12-27 20:00:00,16454.051180803006,16454.464798072742,16308.403482741038
16543.57743,2017-12-27 20:10:00,16511.08653726703,16514.05044800572,16317.930297646264
16583.91357,2017-12-27 20:20:00,16635.83431527902,16634.557108291723,16394.940497045485
16756.78271,2017-12-27 20:30:00,16675.919200748896,16667.02356271966,16398.990332981495
16681.87275,2017-12-27 20:40:00,16859.298480654066,16842.614432029448,16533.002915066827
16468.66747,2017-12-27 20:50:00,16741.59776201701,16719.373457722053,16447.370882898416
16359.18367,2017-12-27 21:00:00,16441.79079154473,16404.48843458359,16282.741764104798
16226.65066,2017-12-27 21:10:00,16302.659956399908,16268.195595281799,16196.705932446645
16140.21609,2017-12-27 21:20:00,16143.84442921459,16112.73550770965,16070.033166735075
15967.34694,2017-12-27 21:30:00,16073.641387063484,16064.451219037983,15953.815808911802
15725.33013,2017-12-27 21:40:00,15899.169274962742,15892.740688837117,15765.873026051942
15667.70708,2017-12-27 21:50:00,15628.767422637888,15609.763123265462,15627.980800962207
15419.92797,2017-12-27 22:00:00,15429.218568901528,15417.95830180045,15538.625096397634
15287.39496,2017-12-27 22:10:00,15164.291458308846,15147.116076824614,15159.458064650351
14976.23049,2017-12-27 22:20:00,15026.276778689298,15013.113877106474,15040.1876899379
14803.36134,2017-12-27 22:30:00,14689.039106555903,14668.001151377823,14700.972099783015
14515.2461,2017-12-27 22:40:00,14514.609749721401,14488.790638640521,14484.648439420385
14152.22089,2017-12-27 22:50:00,14214.25138577825,14195.153807977149,14194.662152860188
13777.67107,2017-12-27 23:00:00,13785.827778454632,13757.790135346635,13852.132777641675
13391.59664,2017-12-27 23:10:00,13400.019825324298,13377.193657133514,13586.50520855205
13184.15366,2017-12-27 23:20:00,13004.031723724627,12975.481795861431,13141.95038757712
13080.43217,2017-12-27 23:30:00,12838.835919408786,12825.776159328772,13049.940363567428
12821.12845,2017-12-27 23:40:00,12797.825241369908,12795.340303785866,12894.729801770336
12417.76711,2017-12-27 23:50:00,12545.24179134722,12533.995784248298,12521.558761762864
12095.07803,2017-12-28 00:00:00,12120.948010030272,12108.119313072477,12172.748794473127
11743.57743,2017-12-28 00:10:00,11788.313077025972,11762.366900624776,11924.929711549976
11374.78992,2017-12-28 00:20:00,11425.27217658557,11400.684905127435,11553.056101833636
11121.2485,2017-12-28 00:30:00,11066.511992566615,11054.91501779224,11243.614134661431
10729.41176,2017-12-28 00:40:00,10858.925329246951,10858.143994217258,10982.881139288833
10602.64106,2017-12-28 00:50:00,10474.857737525797,10466.874603644588,10576.496824257161
10504.68187,2017-12-28 01:00:00,10374.284120765584,10378.225256793821,10466.119182072684
10314.52581,2017-12-28 01:10:00,10327.638579310638,10334.771383371479,10312.821216927574
10124.36975,2017-12-28 01:20:00,10153.611527411089,10151.996398222836,10081.000682033282
10049.45978,2017-12-28 01:30:00,9976.335078154067,9970.701771661268,10003.523513902546
10066.7467,2017-12-28 01:40:00,9919.483442821089,9901.315798473717,9902.928567810128
10003.36134,2017-12-28 01:50:00,9973.48858920868,9964.821934208056,9912.384542307555
9830.492197,2017-12-28 02:00:00,9896.13909319754,9894.200244423457,9807.634203919502
9651.860744,2017-12-28 02:10:00,9696.777175694111,9684.44108423237,9649.26934293936
9749.819928,2017-12-28 02:20:00,9501.417704979205,9479.39724800144,9510.872011776577
9772.869148,2017-12-28 02:30:00,9639.415973300105,9626.993743226678,9631.631202447821
9582.713085,2017-12-28 02:40:00,9700.143429653868,9701.021278512948,9656.268624779517
9432.893157,2017-12-28 02:50:00,9488.562404802888,9484.521594043179,9490.005654062958
9444.417767,2017-12-28 03:00:00,9292.572571645804,9280.299311918538,9314.406260404514
9478.991597,2017-12-28 03:10:00,9315.944771896175,9299.004946066303,9344.751522668203
9467.466987,2017-12-28 03:20:00,9379.841047456099,9379.493967056198,9394.97215484272
9363.745498,2017-12-28 03:30:00,9383.792673688784,9391.769715558828,9419.895875522634
9260.02401,2017-12-28 03:40:00,9264.817370328356,9258.426375968706,9221.197083653211
9329.171669,2017-12-28 03:50:00,9142.71866846387,9124.554297142613,9140.826998375003
9317.647059,2017-12-28 04:00:00,9211.799953354992,9204.688424368858,9145.78944964294
9323.409364,2017-12-28 04:10:00,9214.693568453884,9214.57425724655,9150.822163450714
9213.92557,2017-12-28 04:20:00,9226.05664700797,9227.812852862326,9147.90650353944
9294.597839,2017-12-28 04:30:00,9097.508903084785,9089.191852654783,9092.583628111466
9352.220888,2017-12-28 04:40:00,9195.082153672165,9185.415453560861,9146.95535912786
9455.942377,2017-12-28 04:50:00,9275.735927392074,9275.45285040452,9179.729045153297
9444.417767,2017-12-28 05:00:00,9383.941109890762,9388.876816273496,9328.183112113506
9334.933974,2017-12-28 05:10:00,9359.858042639551,9361.036420679933,9301.258098438904
9473.229292,2017-12-28 05:20:00,9213.641024605322,9198.020145949116,9149.868611539488
9611.52461,2017-12-28 05:30:00,9380.657363401771,9375.33370122408,9341.20335814536
9721.008403,2017-12-28 05:40:00,9548.044902156762,9550.575087631325,9394.116963747198
9842.016807,2017-12-28 05:50:00,9686.535002407072,9697.62440058367,9544.037326352356
9818.967587,2017-12-28 06:00:00,9799.768656777524,9810.17764800293,9593.064921302806
9813.205282,2017-12-28 06:10:00,9727.208624819623,9716.363561130736,9637.723660508784
9703.721489,2017-12-28 06:20:00,9675.221019725737,9662.702998690638,9640.053359488164
9415.606242,2017-12-28 06:30:00,9521.345760089083,9506.35881295665,9525.704171161713
9139.015606,2017-12-28 06:40:00,9166.311057023271,9146.578572166129,9269.479373641638
9121.728691,2017-12-28 06:50:00,8860.804123375354,8848.262585021002,9044.087803395321
8850.90036,2017-12-28 07:00:00,8993.19917409839,8990.896604336085,9053.320518642582
8309.243697,2017-12-28 07:10:00,8691.874509899715,8694.123468581522,8791.235345347752
7577.430972,2017-12-28 07:20:00,8052.106350295646,8042.622701892809,8400.788686056469
7289.315726,2017-12-28 07:30:00,7247.094932736069,7218.483685706373,8067.473922669451
7151.020408,2017-12-28 07:40:00,7002.565636727348,6983.070049380332,8048.4614380559815
7231.692677,2017-12-28 07:50:00,6978.469630609194,6998.536688349897,8047.03751281461
7116.446579,2017-12-28 08:00:00,7228.653799839243,7279.008570688151,8107.2513771506
7145.258103,2017-12-28 08:10:00,7180.228640056486,7217.323891179716,8100.814952472259
7450.660264,2017-12-28 08:20:00,7252.204316510175,7253.507342875751,8113.654222857023
7738.77551,2017-12-28 08:30:00,7633.709322992974,7634.234761382688,8107.636695819118
7704.201681,2017-12-28 08:40:00,7944.430338207498,7942.685743710204,8137.057287547755
7750.30012,2017-12-28 08:50:00,7874.357381023119,7864.884793227771,8152.65147412679
7969.267707,2017-12-28 09:00:00,7924.02631484103,7898.380595721579,8270.443385331337
8245.858343,2017-12-28 09:10:00,8147.888687570683,8121.2304333615975,8372.311860241138
8297.719088,2017-12-28 09:20:00,8454.423384991944,8450.584437954507,8491.73420352521
8412.965186,2017-12-28 09:30:00,8506.370445885883,8514.847284812993,8546.559730117804
8585.834334,2017-12-28 09:40:00,8607.315043860266,8605.660122754278,8654.367487099174
8666.506603,2017-12-28 09:50:00,8771.915878212341,8763.568258932886,8734.67108394088
8718.367347,2017-12-28 10:00:00,8864.167904032096,8858.583344318917,8776.554740718739
8833.613445,2017-12-28 10:10:00,8909.174147207108,8912.951549954203,8830.156140225276
8925.810324,2017-12-28 10:20:00,9025.798384264066,9025.592113660767,9039.410252666099
9104.441777,2017-12-28 10:30:00,9110.223598676332,9108.435967651241,9162.002538639148
9283.073229,2017-12-28 10:40:00,9289.69821670315,9296.1699021241,9355.686427355808
9150.540216,2017-12-28 10:50:00,9480.038534322077,9488.258748180742,9580.024878539554
9213.92557,2017-12-28 11:00:00,9186.616177615175,9180.07333517544,9462.930776294656
9340.696279,2017-12-28 11:10:00,9251.050482436944,9244.890189841159,9512.340871687302
9594.237695,2017-12-28 11:20:00,9398.047675793961,9395.984224046828,9605.779905216115
9582.713085,2017-12-28 11:30:00,9680.18556501103,9692.671436693454,9946.375830784726
9559.663866,2017-12-28 11:40:00,9648.356698400636,9663.298290665796,9998.998589300953
9605.762305,2017-12-28 11:50:00,9573.440289273407,9564.347611883277,9903.795323637229
9790.156062,2017-12-28 12:00:00,9631.678526635334,9615.738962644631,9895.64465216376
9905.402161,2017-12-28 12:10:00,9856.001811948665,9849.848645590622,9993.687190754845
9778.631453,2017-12-28 12:20:00,9999.383890190386,10010.11040643169,10041.161923143933
9916.926771,2017-12-28 12:30:00,9822.194490405367,9817.710069326995,9975.477024199265
9893.877551,2017-12-28 12:40:00,9963.685431024682,9956.053551553683,10044.64989943925
10049.45978,2017-12-28 12:50:00,9935.611476657308,9924.150878525295,10000.950056332245
10003.36134,2017-12-28 13:00:00,10149.833805193413,10149.279003548334,10149.240149369005
10009.12365,2017-12-28 13:10:00,10096.224491654153,10097.908520039184,10123.16572146216
10084.03361,2017-12-28 13:20:00,10075.583731023928,10061.24471917176,10110.68764388672
10216.56663,2017-12-28 13:30:00,10165.105517584929,10161.134143579755,10227.455349275908
10199.27971,2017-12-28 13:40:00,10309.926891497189,10305.870770209527,10460.662989808361
10055.22209,2017-12-28 13:50:00,10277.464514716637,10276.873316778932,10427.724536155705
9997.59904,2017-12-28 14:00:00,10105.47896505873,10085.919423336767,10165.881856250902
9951.5006,2017-12-28 14:10:00,10018.281286816396,9993.54143616269,10094.075668536898
10256.90276,2017-12-28 14:20:00,9977.612181283552,9958.453433916922,10031.92897137741
10372.14886,2017-12-28 14:30:00,10366.020762489898,10373.014171567898,10401.411749633397
10216.56663,2017-12-28 14:40:00,10488.49471584879,10496.445656660644,10521.334960345792
10239.61585,2017-12-28 14:50:00,10278.783847988085,10262.848071971572,10374.757811888701
10205.04202,2017-12-28 15:00:00,10306.768275206538,10278.5896617733,10370.018588133269
10285.71429,2017-12-28 15:10:00,10246.410156386257,10206.698717490897,10356.783694830114
10020.64826,2017-12-28 15:20:00,10361.161688648339,10345.413729284232,10441.52759571034
9865.066026,2017-12-28 15:30:00,10045.38590670879,10028.155247879651,10088.974354571894
9680.672269,2017-12-28 15:40:00,9858.819743094948,9829.812068065401,9931.436435749283
9888.115246,2017-12-28 15:50:00,9661.544314449446,9637.834991259217,9828.74806862794
9772.869148,2017-12-28 16:00:00,9970.412238054301,9962.537680859741,9969.425683602223
9623.04922,2017-12-28 16:10:00,9866.949775184698,9870.625658553818,9953.937947819762
9657.623049,2017-12-28 16:20:00,9695.486759081039,9679.334847277267,9895.117893045384
9974.54982,2017-12-28 16:30:00,9769.855472045809,9751.435639290627,9912.37041797502
10251.14046,2017-12-28 16:40:00,10168.777106856203,10154.866647237766,10116.428379334444
10769.7479,2017-12-28 16:50:00,10541.499721101041,10554.930822814644,10526.012594085852
11778.15126,2017-12-28 17:00:00,11324.352778255885,11339.718345786998,11185.244315381817
13414.64586,2017-12-28 17:10:00,12559.696022924112,12590.528012347742,11995.855872147169
14734.21369,2017-12-28 17:20:00,14404.908041362269,14461.178412483132,14083.770229231384
15604.32173,2017-12-28 17:30:00,15729.54657576463,15778.229412177338,15906.047752039496
15927.0108,2017-12-28 17:40:00,16434.34176177971,16426.143391935013,16725.913879772783
16019.20768,2017-12-28 17:50:00,16458.341374917138,16371.619542392522,17161.003653025396
16111.40456,2017-12-28 18:00:00,16295.008460281972,16167.262099667863,17274.39038948268
16243.93758,2017-12-28 18:10:00,16288.58626850701,16203.506132720497,17400.07977148935
15967.34694,2017-12-28 18:20:00,16396.988881084573,16365.062846771645,17207.4297288734
15950.06002,2017-12-28 18:30:00,16048.622732374108,16041.773419094321,16524.15952411811
16065.30612,2017-12-28 18:40:00,16035.43318266781,16045.392716861496,16266.17038541946
16266.98679,2017-12-28 18:50:00,16179.768930165661,16198.399471284529,16370.357681105272
16278.5114,2017-12-28 19:00:00,16422.54500969709,16447.622263869005,16317.832173768464
16134.45378,2017-12-28 19:10:00,16434.927087541266,16460.183518725487,16320.697189950926
16134.45378,2017-12-28 19:20:00,16218.72349796956,16203.537637334448,16189.685554080039
16105.64226,2017-12-28 19:30:00,16197.141062573832,16169.743476221738,16202.893983093772
16232.41297,2017-12-28 19:40:00,16155.568852930593,16129.880879393893,16112.179236739783
16071.06843,2017-12-28 19:50:00,16332.474811292046,16328.898082166359,16240.72954711894
16272.7491,2017-12-28 20:00:00,16131.973321993237,16121.71671216392,16115.637534886917
16422.56903,2017-12-28 20:10:00,16377.991080048872,16367.076744737748,16246.259939416164
16681.87275,2017-12-28 20:20:00,16548.13715097607,16542.34986434239,16354.834416745707
16439.85594,2017-12-28 20:30:00,16837.564636656065,16833.72881784721,16568.289197085993
16387.9952,2017-12-28 20:40:00,16516.354318678033,16498.783021235136,16335.395162583185
16399.51981,2017-12-28 20:50:00,16408.026072258574,16365.515150587868,16290.84226475599
16462.90516,2017-12-28 21:00:00,16388.196157725,16353.462585070169,16245.745667309227
16462.90516,2017-12-28 21:10:00,16458.951341387652,16437.006420281094,16247.2431338715
15927.0108,2017-12-28 21:20:00,16473.36516051253,16473.125551001947,16240.451222109841
15569.7479,2017-12-28 21:30:00,15813.74399654841,15776.083729395657,15822.66368336217
15523.64946,2017-12-28 21:40:00,15401.880989345182,15357.658729985858,15406.29353694751
15471.78872,2017-12-28 21:50:00,15402.5435040062,15379.361438550264,15406.192989501014
15247.05882,2017-12-28 22:00:00,15238.800600810198,15241.94001561595,15272.495112247921
15097.2389,2017-12-28 22:10:00,15040.135563152671,15057.794092992815,15053.782028126912
14860.98439,2017-12-28 22:20:00,14879.486740245853,14868.15299594338,14841.579607827322
14567.10684,2017-12-28 22:30:00,14611.93997943087,14580.339959577468,14660.330794138377
14359.66387,2017-12-28 22:40:00,14291.201877139527,14261.58405879059,14325.886978881252
13979.35174,2017-12-28 22:50:00,14086.75125052688,14066.595187052093,14110.87250187231
13610.56423,2017-12-28 23:00:00,13635.52635727564,13605.740027084761,13776.040400051328
13391.59664,2017-12-28 23:10:00,13248.826427035297,13221.204887366031,13450.441797350348
13287.87515,2017-12-28 23:20:00,13062.411210853008,13044.732349536236,13111.246547247876
12936.37455,2017-12-28 23:30:00,13012.640763781877,13002.512861551982,13061.325425168543
12596.39856,2017-12-28 23:40:00,12657.159505340936,12645.71773786029,12794.545763321461
12227.61104,2017-12-28 23:50:00,12296.340272799593,12270.458516074224,12300.781537524408
12008.64346,2017-12-29 00:00:00,11882.729147374117,11853.616334241327,12010.408547578112
11916.44658,2017-12-29 00:10:00,11685.910303017301,11663.068688049272,11858.976377456005
11553.42137,2017-12-29 00:20:00,11646.799460782919,11644.684036473836,11672.779492028509
11322.92917,2017-12-29 00:30:00,11267.808407679016,11254.352638916705,11420.391121882032
11184.63385,2017-12-29 00:40:00,11041.283757331115,11021.836530809727,11126.923421025569
11109.72389,2017-12-29 00:50:00,10930.76320596202,10905.69489595922,10920.645025794605
10810.08403,2017-12-29 01:00:00,10857.4937696353,10838.71417618242,10812.713551242281
10533.4934,2017-12-29 01:10:00,10548.119911349146,10531.67829597609,10554.944136396336
10354.86194,2017-12-29 01:20:00,10255.412726860635,10222.46743245349,10390.028809517975
10331.81273,2017-12-29 01:30:00,10089.247940030426,10055.71007041986,10065.737559764299
10222.32893,2017-12-29 01:40:00,10123.81000357,10103.34003740771,10107.37551075225
9991.836735,2017-12-29 01:50:00,10048.66073368847,10040.34164791798,10070.567529959037
9732.533013,2017-12-29 02:00:00,9772.937120593353,9753.11498381604,9768.584305646938
9726.770708,2017-12-29 02:10:00,9483.92337564001,9449.060654195568,9577.322347590743
9813.205282,2017-12-29 02:20:00,9526.769279743046,9498.904775806937,9564.351905772237
9680.672269,2017-12-29 02:30:00,9676.380129828603,9667.050881639794,9607.495764243611
9507.803121,2017-12-29 02:40:00,9542.850332273676,9531.40704467288,9484.096962941847
9467.466987,2017-12-29 02:50:00,9347.885818353221,9321.63561701501,9394.688587303359
9553.901561,2017-12-29 03:00:00,9280.710372161573,9245.366355419917,9377.046536475156
9588.47539,2017-12-29 03:10:00,9405.270317162063,9381.679817815166,9419.321978468404
9427.130852,2017-12-29 03:20:00,9468.257704652075,9459.28263964425,9430.850156941466
9404.081633,2017-12-29 03:30:00,9273.727251731674,9252.24490594384,9281.999702044648
9432.893157,2017-12-29 03:40:00,9240.529041533424,9208.604998736479,9245.841861865869
9542.376951,2017-12-29 03:50:00,9282.597625552968,9252.517146147848,9269.812750726906
9421.368547,2017-12-29 04:00:00,9401.018574915566,9387.359178774112,9374.798772008719
9254.261705,2017-12-29 04:10:00,9263.591271517918,9248.429270787947,9234.004916241038
9236.97479,2017-12-29 04:20:00,9052.516985957447,9018.708813277424,9113.385462872175
9438.655462,2017-12-29 04:30:00,9045.09357919421,9014.12994071868,9112.673518183963
9490.516206,2017-12-29 04:40:00,9305.686139790389,9291.677819645476,9257.991242883534
9404.081633,2017-12-29 04:50:00,9386.343075263327,9385.586675763407,9348.739711547649
9415.606242,2017-12-29 05:00:00,9262.118733533076,9250.297064378534,9191.481640934722
9473.229292,2017-12-29 05:10:00,9251.994204588744,9225.037112956885,9218.335827051276
9692.196879,2017-12-29 05:20:00,9315.68027913169,9287.263638892571,9308.708009969629
9646.098439,2017-12-29 05:30:00,9586.782678143318,9580.28303090053,9412.993172562261
9565.42617,2017-12-29 05:40:00,9526.964545513736,9517.765766584016,9393.013963380103
9859.303721,2017-12-29 05:50:00,9421.254053517936,9397.42049590138,9358.133338847687
9922.689076,2017-12-29 06:00:00,9748.76551599724,9736.112362754142,9590.046583885825
9847.779112,2017-12-29 06:10:00,9795.471869020104,9780.326031074448,9758.462441858062
9473.229292,2017-12-29 06:20:00,9682.889128089615,9671.921992973514,9624.63010360223
9173.589436,2017-12-29 06:30:00,9201.219694244923,9164.800312124074,9351.05746621795
8925.810324,2017-12-29 06:40:00,8826.587827956744,8774.356752916527,9047.594129262665
8989.195678,2017-12-29 06:50:00,8587.007732918108,8563.585354530835,8764.980657248256
8626.170468,2017-12-29 07:00:00,8849.160757011276,8853.459483847457,8868.140831619758
8044.177671,2017-12-29 07:10:00,8446.154969810925,8449.67758632922,8571.886922766005
7439.135654,2017-12-29 07:20:00,7753.029690333069,7724.817679582817,8234.543058310222
7335.414166,2017-12-29 07:30:00,7090.7803663256855,7048.249617365316,8009.066635770067
7185.594238,2017-12-29 07:40:00,7064.907622826246,7040.112654640974,8016.690818514655
7012.72509,2017-12-29 07:50:00,7020.6449902277545,7034.612638937779,7991.773910253653
7006.962785,2017-12-29 08:00:00,6932.302733179913,6951.890237369078,8095.297354953531
7197.118848,2017-12-29 08:10:00,7001.447908053266,7008.043281969118,8087.467095073407
7554.381753,2017-12-29 08:20:00,7271.820616076304,7259.533724685905,8106.943337315402
7588.955582,2017-12-29 08:30:00,7723.104667824551,7725.488498268491,8099.331113434817
7635.054022,2017-12-29 08:40:00,7727.2518167370545,7713.273841719898,8116.929086922174
7842.496999,2017-12-29 08:50:00,7735.275043474367,7697.266549867007,8133.937233987923
8009.603842,2017-12-29 09:00:00,7969.156578996664,7927.381454874105,8249.620058896264
8170.948379,2017-12-29 09:10:00,8141.579444999134,8107.676052619574,8328.715496849203
8349.579832,2017-12-29 09:20:00,8313.752936478348,8302.651716192297,8384.094329687527
8418.727491,2017-12-29 09:30:00,8488.611102791603,8474.0950579747,8576.44274048597
8459.063625,2017-12-29 09:40:00,8525.490108518645,8500.695222573877,8646.102237479785
8574.309724,2017-12-29 09:50:00,8543.456000212745,8520.688059457987,8663.293246465983
8724.129652,2017-12-29 10:00:00,8682.952677588093,8664.126385347545,8755.417556047889
8873.94958,2017-12-29 10:10:00,8841.59201380581,8828.162015642032,8867.54950209946
9115.966387,2017-12-29 10:20:00,9002.963353610752,8995.765703875339,9079.99328713567
9231.212485,2017-12-29 10:30:00,9266.373973495136,9262.939646065759,9408.090258888786
9369.507803,2017-12-29 10:40:00,9364.880479770029,9352.792902564008,9594.025727269653
9381.032413,2017-12-29 10:50:00,9478.1233227095,9460.574075167173,9655.558780042451
9553.901561,2017-12-29 11:00:00,9351.598646322778,9329.228031577146,9667.969315239012
9657.623049,2017-12-29 11:10:00,9533.07822290736,9514.025428248064,9841.049698510855
9623.04922,2017-12-29 11:20:00,9649.762061168061,9639.211944350927,9888.662027720704
9669.147659,2017-12-29 11:30:00,9578.256149959187,9562.43207687214,9842.576864691138
9709.483794,2017-12-29 11:40:00,9615.263660239962,9603.012696492662,9871.516498372246
9963.02521,2017-12-29 11:50:00,9640.687225233543,9622.454292257284,9938.400754189071
10032.17287,2017-12-29 12:00:00,9972.970765824308,9969.339349684305,10131.356555916884
10066.7467,2017-12-29 12:10:00,10045.212260059405,10043.577540729533,10160.77295250119
10043.69748,2017-12-29 12:20:00,10050.054063632291,10035.437578582358,10204.813500106051
10003.36134,2017-12-29 12:30:00,9999.905608053776,9977.004422160404,10161.215286124956
9853.541417,2017-12-29 12:40:00,9926.043799595553,9894.40515184474,10109.744965354977
9790.156062,2017-12-29 12:50:00,9767.882807282636,9746.623313188098,9950.348438194404
9859.303721,2017-12-29 13:00:00,9737.330908009113,9719.31838558639,9920.462448854401
9951.5006,2017-12-29 13:10:00,9842.761765207188,9835.705764328644,9953.862333019988
9991.836735,2017-12-29 13:20:00,9966.971909526917,9966.511721681785,10045.362494661033
9939.97599,2017-12-29 13:30:00,10023.67975541058,10023.442024470727,10074.366174958022
9888.115246,2017-12-29 13:40:00,9947.761834584866,9932.205683325457,10020.316938469845
9634.57383,2017-12-29 13:50:00,9864.301752167377,9836.566836363701,9986.566365096061
9605.762305,2017-12-29 14:00:00,9582.166544002102,9544.62162900671,9806.724061066654
9772.869148,2017-12-29 14:10:00,9567.080111767915,9542.530623886883,9809.20331264018
9755.582233,2017-12-29 14:20:00,9814.94330721805,9811.084935100691,9930.13925593436
9732.533013,2017-12-29 14:30:00,9815.436779251493,9812.7033146754,9934.20635908657
9634.57383,2017-12-29 14:40:00,9786.362685759885,9782.55579756459,9906.228077918697
9749.819928,2017-12-29 14:50:00,9661.44686568522,9635.338338118308,9869.254198276407
9617.286915,2017-12-29 15:00:00,9817.107001127972,9788.69244239856,9949.47359879147
9669.147659,2017-12-29 15:10:00,9672.914883947595,9650.986569557794,9842.581802123035
9542.376951,2017-12-29 15:20:00,9733.462947566743,9714.683742876288,9851.372458983386
9415.606242,2017-12-29 15:30:00,9575.627060883526,9551.677828157613,9788.97767958642
9484.753902,2017-12-29 15:40:00,9416.209926660402,9382.76011474584,9692.34033266119
9294.597839,2017-12-29 15:50:00,9535.262517567644,9522.844716799125,9736.355000926309
9260.02401,2017-12-29 16:00:00,9329.9116142474,9301.249559905995,9538.153936574763
9242.737095,2017-12-29 16:10:00,9309.938245107243,9291.107888793547,9609.459041212594
9600.0,2017-12-29 16:20:00,9308.888266908121,9288.287463001536,9597.436543744403
9813.205282,2017-12-29 16:30:00,9766.019752388409,9757.99369283441,9847.682659551221
9991.836735,2017-12-29 16:40:00,10032.146797900721,10037.449910192945,9996.828796218273
10429.77191,2017-12-29 16:50:00,10239.056847129119,10229.638824959096,10117.840808963889
11253.78151,2017-12-29 17:00:00,10911.839274403803,10899.9127120512,10615.383361492297
13322.44898,2017-12-29 17:10:00,11916.1953966859,11917.921847506099,11322.708094772508
14676.59064,2017-12-29 17:20:00,14321.039526439741,14398.745652811696,13777.420980962976
15200.96038,2017-12-29 17:30:00,15695.991293019955,15761.517773408654,15833.708342088246
15540.93637,2017-12-29 17:40:00,15975.729695438677,15957.545882490227,16446.88928507631
15823.28932,2017-12-29 17:50:00,16029.262735910881,15932.636401461557,16828.81259761227
16071.06843,2017-12-29 18:00:00,16076.983355703753,15930.635796138164,17061.134103073437
16169.02761,2017-12-29 18:10:00,16271.297776170039,16202.617891468408,17338.56784600428
16232.41297,2017-12-29 18:20:00,16316.663531577266,16298.397418716944,17251.07410999866
16261.22449,2017-12-29 18:30:00,16333.788279822416,16324.65934911464,16922.445540909746
16468.66747,2017-12-29 18:40:00,16333.683219476305,16328.798567965176,16506.232970400746
16347.65906,2017-12-29 18:50:00,16566.87987902973,16574.96087985878,16641.29904656383
16520.52821,2017-12-29 19:00:00,16396.50026448454,16397.35038364429,16315.442010526502
16370.70828,2017-12-29 19:10:00,16580.441791642843,16575.41525294493,16431.705054499886
16520.52821,2017-12-29 19:20:00,16379.312087164979,16355.640038377356,16257.05023218069
16457.14286,2017-12-29 19:30:00,16545.272702119673,16522.559693555875,16376.175085602086
16439.85594,2017-12-29 19:40:00,16476.489911758184,16461.503689431243,16312.932328468773
16428.33133,2017-12-29 19:50:00,16437.82862627836,16409.184465119324,16301.262471100526
16578.15126,2017-12-29 20:00:00,16431.51357360036,16412.867468106753,16289.69558250505
16687.63505,2017-12-29 20:10:00,16610.31767265255,16586.504152453686,16380.168641951008
16676.11044,2017-12-29 20:20:00,16753.446344531796,16743.331221563756,16475.75098196529
16681.87275,2017-12-29 20:30:00,16710.349710206163,16688.95558729136,16436.777192663103
16537.81513,2017-12-29 20:40:00,16693.941984812842,16663.939790083023,16444.253092356914
16653.06122,2017-12-29 20:50:00,16499.837814252925,16457.481219797606,16364.998460842155
16324.60984,2017-12-29 21:00:00,16622.97553613875,16593.04531344322,16357.36614229259
16232.41297,2017-12-29 21:10:00,16233.417378123197,16200.212163992712,16191.583282566075
16007.68307,2017-12-29 21:20:00,16118.536071544104,16086.741854812703,16084.31804674457
15967.34694,2017-12-29 21:30:00,15861.970955277819,15832.258018418592,15797.531213015782
15909.72389,2017-12-29 21:40:00,15843.27014835317,15815.619105123109,15798.060553656682
15437.21489,2017-12-29 21:50:00,15826.972654548048,15821.809072207398,15765.461282131555
15062.66507,2017-12-29 22:00:00,15114.231241748595,15080.66720932247,15202.479951192476
14855.22209,2017-12-29 22:10:00,14714.246348586697,14679.755447161557,14761.820469027583
14780.31212,2017-12-29 22:20:00,14513.947624846278,14479.61105245701,14635.68849600001
14624.72989,2017-12-29 22:30:00,14489.96468553292,14476.791094787826,14536.540271320358
14290.51621,2017-12-29 22:40:00,14375.532602467905,14380.64275827904,14422.056561633792
14077.31092,2017-12-29 22:50:00,14004.76008254561,13982.629283872637,14035.543300155508
13846.81873,2017-12-29 23:00:00,13741.532916828932,13705.577483639401,13878.797359748552
13760.38415,2017-12-29 23:10:00,13501.757837297879,13462.048912398608,13658.230768315909
13552.94118,2017-12-29 23:20:00,13459.412161034885,13435.823884718333,13607.328223696843
13351.2605,2017-12-29 23:30:00,13256.164951477977,13234.70413778738,13347.696857819661
13207.20288,2017-12-29 23:40:00,13043.447361384868,13008.796152750252,13237.279220049413
13017.04682,2017-12-29 23:50:00,12895.609778275802,12860.247175561268,13076.217564844761
12757.7431,2017-12-30 00:00:00,12778.987508307868,12761.636642761296,12889.100180284122
12412.0048,2017-12-30 00:10:00,12513.066578370948,12499.331507188865,12582.463431136683
12037.45498,2017-12-30 00:20:00,12130.114218682931,12108.203369690209,12224.500734781497
11835.77431,2017-12-30 00:30:00,11732.782641476326,11707.074393411262,11761.335862470507
11697.47899,2017-12-30 00:40:00,11563.079533748045,11551.034144777816,11544.77315476363
11455.46218,2017-12-30 00:50:00,11479.739350978387,11480.22268743725,11457.840257826534
11098.19928,2017-12-30 01:00:00,11216.132941176795,11218.126838943212,11129.365644185496
10856.18247,2017-12-30 01:10:00,10839.592789997865,10827.8203474695,10720.750143128189
10798.55942,2017-12-30 01:20:00,10602.158303985434,10580.335741878687,10571.211504346007
10671.78872,2017-12-30 01:30:00,10602.193309889588,10590.791870306966,10468.723106062651
10326.05042,2017-12-30 01:40:00,10513.756712945615,10511.585866988979,10419.49375403352
10141.65666,2017-12-30 01:50:00,10145.315407621463,10133.723393170176,10065.074362004803
10026.41056,2017-12-30 02:00:00,9927.099619923547,9906.12373159544,9955.812947425458
10037.93517,2017-12-30 02:10:00,9835.287760881743,9814.06445499196,9794.747730014631
9934.213685,2017-12-30 02:20:00,9914.894198316502,9912.922281274767,9827.57044201458
9842.016807,2017-12-30 02:30:00,9833.305952953053,9835.325508755093,9750.260523683444
9680.672269,2017-12-30 02:40:00,9735.452095154007,9720.043441843176,9603.945331050705
9784.393758,2017-12-30 02:50:00,9557.33827497987,9532.14535129696,9489.919030132556
9709.483794,2017-12-30 03:00:00,9680.906402115561,9665.735672325285,9607.324776648084
9657.623049,2017-12-30 03:10:00,9614.89709607332,9605.822570891622,9544.526148717761
9559.663866,2017-12-30 03:20:00,9560.222904444017,9547.162023182504,9487.219812350046
9548.139256,2017-12-30 03:30:00,9452.810837282286,9434.924565740414,9446.84455038754
9623.04922,2017-12-30 03:40:00,9443.836482789984,9420.049686264005,9435.953132933328
9559.663866,2017-12-30 03:50:00,9561.138938779954,9554.812291856779,9453.801969419192
9427.130852,2017-12-30 04:00:00,9462.318287953254,9453.063390280837,9418.432764402878
9381.032413,2017-12-30 04:10:00,9301.992563566722,9285.852900701217,9282.494444208498
9455.942377,2017-12-30 04:20:00,9251.476274944805,9230.806908372237,9188.088094167646
9473.229292,2017-12-30 04:30:00,9365.574773281001,9352.869302816038,9325.027414166138
9559.663866,2017-12-30 04:40:00,9405.259709104022,9403.755643801633,9326.792659033092
9455.942377,2017-12-30 04:50:00,9510.813858974594,9509.71723123502,9403.252931511672
9484.753902,2017-12-30 05:00:00,9360.256967354233,9345.614088379354,9302.921941533112
9674.909964,2017-12-30 05:10:00,9388.34770334847,9369.681120093894,9323.860406726028
9594.237695,2017-12-30 05:20:00,9627.012988890056,9621.900810482182,9396.12683884317
9721.008403,2017-12-30 05:30:00,9516.826530951166,9504.882001344582,9370.20791084065
9732.533013,2017-12-30 05:40:00,9664.21258817716,9661.464291890523,9511.861624464187
10176.23049,2017-12-30 05:50:00,9672.424170652708,9658.974470764715,9488.067414437499
10089.79592,2017-12-30 06:00:00,10172.463033421944,10176.042816082954,9981.195122845418
10003.36134,2017-12-30 06:10:00,10032.087251041738,10031.835749638241,9883.545045283356
9502.040816,2017-12-30 06:20:00,9866.850560060542,9842.555488760576,9799.629506496096
9334.933974,2017-12-30 06:30:00,9230.891977717774,9186.47914719338,9371.822440322248
9185.114046,2017-12-30 06:40:00,9028.877221760977,8983.046277396234,9145.944874591287
8914.285714,2017-12-30 06:50:00,8928.184908957563,8928.712907031446,8993.065922054173
8459.063625,2017-12-30 07:00:00,8779.68120854376,8782.676059529438,8782.271669433516
7796.398559,2017-12-30 07:10:00,8277.016825134655,8279.733762651382,8437.08081624026
7312.364946,2017-12-30 07:20:00,7506.836694545498,7474.4803819387325,8123.841185777202
7047.29892,2017-12-30 07:30:00,7030.188855509952,7006.851743588193,8044.186339968038
6920.528211,2017-12-30 07:40:00,6843.748554542,6847.416670735971,8048.935484854055
6799.519808,2017-12-30 07:50:00,6825.64685936225,6850.048724498716,8030.917005989407
6966.626651,2017-12-30 08:00:00,6804.0909476688685,6832.985893012163,8102.654041353635
7197.118848,2017-12-30 08:10:00,7082.360568823226,7098.716802896612,8099.096259753114
7202.881152,2017-12-30 08:20:00,7401.663266472793,7407.984750813754,8114.053101238977
7398.79952,2017-12-30 08:30:00,7398.915915803673,7385.821276043351,8133.240343457769
7427.611044,2017-12-30 08:40:00,7605.016293379456,7585.614442565629,8131.628317278042
7715.726291,2017-12-30 08:50:00,7599.691286755324,7560.984406670892,8154.733787507293
7980.792317,2017-12-30 09:00:00,7941.616042089838,7917.785522955141,8213.22453121724
8159.42377,2017-12-30 09:10:00,8234.296199365148,8228.910222514893,8322.062916119621
8355.342137,2017-12-30 09:20:00,8394.494213136713,8381.895375330936,8359.132733006127
8470.588235,2017-12-30 09:30:00,8578.693557766066,8569.6543506746,8563.148340628157
8706.842737,2017-12-30 09:40:00,8649.875649936215,8624.810844868109,8648.465912720938
8787.515006,2017-12-30 09:50:00,8888.042337133104,8873.170778837803,8748.12755774155
8994.957983,2017-12-30 10:00:00,8970.058113569994,8956.339951226015,8970.074408599181
9173.589436,2017-12-30 10:10:00,9182.28666618614,9171.731928731531,9153.603515365949
9352.220888,2017-12-30 10:20:00,9364.239929651045,9358.65041830066,9506.908222979762
9467.466987,2017-12-30 10:30:00,9533.727870436789,9524.72823595664,9631.339360509175
9605.762305,2017-12-30 10:40:00,9638.386047282263,9633.80344172874,9772.818004336175
9617.286915,2017-12-30 10:50:00,9749.183549305897,9735.635396742495,9872.146437314555
9611.52461,2017-12-30 11:00:00,9634.547134896427,9620.969089832957,9881.174404803083
9726.770708,2017-12-30 11:10:00,9608.51688062738,9593.877595827098,9876.534853833778
9842.016807,2017-12-30 11:20:00,9734.893446333052,9728.462757296493,9987.035641109587
9893.877551,2017-12-30 11:30:00,9856.46369207105,9855.013593906277,10040.280018871263
9986.07443,2017-12-30 11:40:00,9904.731494126056,9907.056721266814,10083.493089782385
10072.509,2017-12-30 11:50:00,10006.323794136784,10006.841312950444,10133.500499166965
10164.70588,2017-12-30 12:00:00,10118.63642805248,10109.988617565345,10188.768387938626
10233.85354,2017-12-30 12:10:00,10208.794179516008,10201.711217693977,10368.285486206174
10130.13205,2017-12-30 12:20:00,10265.013696984952,10257.627791131625,10444.85719455782
10187.7551,2017-12-30 12:30:00,10119.013994432755,10101.319904926524,10260.613783012355
10279.95198,2017-12-30 12:40:00,10171.330374447469,10156.942876674513,10382.006266254268
10199.27971,2017-12-30 12:50:00,10274.318638912675,10265.99831958185,10449.059746937888
10193.51741,2017-12-30 13:00:00,10207.57664828003,10196.227102898996,10356.1256960801
10199.27971,2017-12-30 13:10:00,10210.392262114881,10204.367822006172,10366.539848600496
10400.96038,2017-12-30 13:20:00,10213.672256049016,10198.412220583336,10379.634783086847
10406.72269,2017-12-30 13:30:00,10452.182453987316,10448.57452565079,10565.50351904416
10337.57503,2017-12-30 13:40:00,10448.445541237112,10447.342547792041,10547.779446357501
10360.62425,2017-12-30 13:50:00,10331.803679963448,10315.255922937502,10507.846377819942
10429.77191,2017-12-30 14:00:00,10375.008135328157,10351.182846855143,10560.975005239066
10608.40336,2017-12-30 14:10:00,10453.209116639115,10428.626148213636,10605.678297893974
10729.41176,2017-12-30 14:20:00,10673.519595791446,10669.883592999127,11217.402364764963
10671.78872,2017-12-30 14:30:00,10800.986732527077,10797.650791980717,11233.367410440638
10510.44418,2017-12-30 14:40:00,10691.889161608819,10670.747820627377,11236.940128195542
10637.21489,2017-12-30 14:50:00,10485.041558907786,10452.211325256618,10955.04706743177
10510.44418,2017-12-30 15:00:00,10649.643873394689,10619.812182697824,11233.706077705783
10504.68187,2017-12-30 15:10:00,10507.540060668383,10484.301296044867,10966.131977176774
10372.14886,2017-12-30 15:20:00,10508.158513412223,10495.885648670832,10930.52081063635
10320.28812,2017-12-30 15:30:00,10352.459982957284,10334.831007737086,10605.680131096287
10441.29652,2017-12-30 15:40:00,10297.576074595483,10271.525966576995,10548.521442416331
10395.19808,2017-12-30 15:50:00,10463.41984927073,10457.813089664765,10760.950929760182
10349.09964,2017-12-30 16:00:00,10426.277048411976,10407.599785664825,10674.248233432949
10239.61585,2017-12-30 16:10:00,10375.964358859272,10356.089597429112,10597.908690855445
10510.44418,2017-12-30 16:20:00,10264.712735817804,10233.351815199943,10470.063085451626
10539.2557,2017-12-30 16:30:00,10608.399408402369,10588.50243842853,10980.706477091824
10781.27251,2017-12-30 16:40:00,10656.218386038228,10646.678054943186,11107.103358881443
11132.77311,2017-12-30 16:50:00,10963.443124624842,10959.087194675565,11345.109981326303
12077.79112,2017-12-30 17:00:00,11547.12699480194,11542.96517401662,11493.126508455673
14042.73709,2017-12-30 17:10:00,12730.66321653115,12748.858581182652,12201.13721025167
15189.43577,2017-12-30 17:20:00,15022.402960159663,15109.585396572162,14707.418990940365
15978.87155,2017-12-30 17:30:00,16139.40592498817,16192.71890316224,16262.300320336431
16313.08523,2017-12-30 17:40:00,16756.040410467176,16747.398395449556,17001.293223162775
16635.77431,2017-12-30 17:50:00,16804.810944258592,16710.584272370834,17330.30913684433
16768.30732,2017-12-30 18:00:00,16914.602522568595,16782.12068050848,17515.126081004204
16681.87275,2017-12-30 18:10:00,16954.233817620352,16886.023754977763,17741.216108385644
16658.82353,2017-12-30 18:20:00,16772.107179415725,16730.244067723237,17562.421594346186
16716.44658,2017-12-30 18:30:00,16722.367066021106,16711.32341355354,17197.608472374523
16906.60264,2017-12-30 18:40:00,16790.970778744642,16793.756560441714,16703.842276973315
16987.27491,2017-12-30 18:50:00,17018.495042302642,17044.90655961318,16809.66339872379
16825.93037,2017-12-30 19:00:00,17108.37178385721,17134.976239849137,16788.31541593071
16831.69268,2017-12-30 19:10:00,16879.497737503567,16872.340284934628,16439.357962113732
16941.17647,2017-12-30 19:20:00,16880.898990459427,16861.090546441083,16502.956605090443
17004.56182,2017-12-30 19:30:00,16999.69688041463,16979.076746193394,16668.980050966413
16981.51261,2017-12-30 19:40:00,17079.674932027126,17070.962423421515,16679.072192169013
16975.7503,2017-12-30 19:50:00,17048.869914652096,17041.6850700414,16607.603048286397
16941.17647,2017-12-30 20:00:00,17022.945586865364,16998.788977690107,16710.404592313433
17137.09484,2017-12-30 20:10:00,16980.65013997614,16952.964058133646,16676.05322041823
17114.04562,2017-12-30 20:20:00,17220.43254638425,17208.36712198862,16858.135254425724
16929.65186,2017-12-30 20:30:00,17179.21988313277,17166.558574266,16780.23900643529
16929.65186,2017-12-30 20:40:00,16941.140897415993,16915.206399191502,16588.475864736807
16941.17647,2017-12-30 20:50:00,16950.774006999214,16925.480772878083,16617.17446364907
16877.79112,2017-12-30 21:00:00,16924.774504877125,16895.999605214864,16561.662803831383
16825.93037,2017-12-30 21:10:00,16863.84085279472,16850.82095313243,16332.381330184731
16693.39736,2017-12-30 21:20:00,16796.579356305265,16783.551453531316,16266.373938530165
16589.67587,2017-12-30 21:30:00,16633.235731086854,16603.89564340572,16273.547766230135
16485.95438,2017-12-30 21:40:00,16522.76507172621,16495.5866064964,16297.002846387068
16180.55222,2017-12-30 21:50:00,16400.18876332194,16376.742210121201,16213.932892967981
16053.78151,2017-12-30 22:00:00,15881.622932142056,15853.279983296823,15932.21464306488
15834.81393,2017-12-30 22:10:00,15763.796564932738,15741.459848873974,15819.960549578267
15684.994,2017-12-30 22:20:00,15540.098638373775,15516.464892959326,15652.226271405734
15546.69868,2017-12-30 22:30:00,15402.911503061234,15386.093507867292,15464.280018932055
15396.87875,2017-12-30 22:40:00,15276.339673130688,15265.636194562236,15230.0327160029
15172.14886,2017-12-30 22:50:00,15121.920703581507,15099.060513015125,15077.277319145702
14987.7551,2017-12-30 23:00:00,14848.605996417366,14824.534905176146,14957.818251394066
14780.31212,2017-12-30 23:10:00,14666.297477319646,14636.934110511476,14594.075960907921
14428.81152,2017-12-30 23:20:00,14456.363699200534,14426.80593698511,14342.059897087283
13806.48259,2017-12-30 23:30:00,14074.855909333306,14041.692198340648,14000.491707337615
13512.60504,2017-12-30 23:40:00,13387.494728994483,13345.574944808091,13556.131788699588
13345.4982,2017-12-30 23:50:00,13117.636078689236,13085.738517738191,13223.299694040086
